tree,wave,weighted,mean_branch,nBranches
1,whole epidemic,252.37683363581928,480.4274282016583,566
1,Wave 1,154.02181888769633,306.15183856506115,128
1,Wave 2,261.73046440160095,486.44951986480766,254
1,Wave 3,311.24318545736134,527.6072513809081,217
2,whole epidemic,258.9338302067524,538.9250429742747,566
2,Wave 1,160.59290670628545,269.81099487054104,130
2,Wave 2,277.88024475218805,609.3178515078991,247
2,Wave 3,307.93726463815494,569.1249078104421,220
3,whole epidemic,272.60529955617966,578.4706086439433,566
3,Wave 1,188.3659897755009,422.3011402699981,130
3,Wave 2,280.7521287628902,640.9098220976089,241
3,Wave 3,318.6017670637877,559.92363220908,223
4,whole epidemic,275.38622937307446,585.7583542220818,566
4,Wave 1,182.8744500372013,420.08717875378994,132
4,Wave 2,280.16969248228065,636.1030420465099,236
4,Wave 3,333.28034814451695,577.6232234006743,225
5,whole epidemic,263.38531407818886,626.3240961815926,566
5,Wave 1,166.5393364021905,363.51832174942564,130
5,Wave 2,277.42822152976623,665.3860957785236,247
5,Wave 3,314.3480343846382,677.6869789604478,220
6,whole epidemic,256.88060790048615,526.176697003207,566
6,Wave 1,161.22323227977387,288.5523051508817,130
6,Wave 2,271.61006408097893,597.213445731312,247
6,Wave 3,306.02667591732734,536.0282305441314,220
7,whole epidemic,258.8522824872896,585.9509161086379,566
7,Wave 1,152.5906831362187,374.40441828139546,132
7,Wave 2,271.00333154376625,641.8634644710069,244
7,Wave 3,315.9276813198582,594.6591760021282,221
8,whole epidemic,259.52220740554264,550.7669398607002,566
8,Wave 1,156.25648811871994,290.8300455656728,130
8,Wave 2,278.25315060790393,642.5405515506677,251
8,Wave 3,314.6636474740179,550.2675510096078,218
9,whole epidemic,257.03152648940465,561.5514488839627,566
9,Wave 1,157.70451048261154,461.82357318115197,132
9,Wave 2,270.55548716371044,597.3876874865117,242
9,Wave 3,310.62085209943655,530.6892045593714,222
10,whole epidemic,274.44739650753803,680.6677950647988,566
10,Wave 1,172.36256389126638,419.9505869639879,128
10,Wave 2,281.3943618128423,657.6267439476463,240
10,Wave 3,334.74928108390003,791.7792105737054,224
11,whole epidemic,254.46097661004652,550.7135959211093,566
11,Wave 1,165.3293447953856,434.73345182848516,132
11,Wave 2,265.89030727188594,523.5898299138614,248
11,Wave 3,299.24331526983553,592.4524155164858,219
12,whole epidemic,261.6467593283911,658.3935108007685,566
12,Wave 1,161.18786839598835,470.82731476702907,132
12,Wave 2,274.98203705901125,652.5237581738195,246
12,Wave 3,320.3302668829602,709.3816745084124,220
13,whole epidemic,247.21300696541238,575.1025353669287,566
13,Wave 1,167.08194650629386,419.0741267910978,134
13,Wave 2,251.96839330498716,608.9654235067758,247
13,Wave 3,300.1575716709239,560.952530007389,219
14,whole epidemic,252.19756825811803,555.2906441260308,566
14,Wave 1,162.78744724251268,464.6251055843108,132
14,Wave 2,266.2528285593593,618.2133922655491,250
14,Wave 3,295.4970760321672,472.9793586615402,218
15,whole epidemic,259.0219339762627,612.994783673298,566
15,Wave 1,161.68494324002944,362.7865725335242,132
15,Wave 2,278.0199162212428,673.4782358706071,244
15,Wave 3,303.96169214018386,631.4024561754103,221
16,whole epidemic,262.4120488882053,810.9809982579598,566
16,Wave 1,156.93955468183898,883.8980579769445,132
16,Wave 2,277.7245789668127,839.385813752778,246
16,Wave 3,320.97247901006756,675.8770939506768,220
17,whole epidemic,275.34180260238765,603.2435212494123,566
17,Wave 1,168.19672222162694,340.35877681780994,130
17,Wave 2,273.1783606971944,620.5093255498296,237
17,Wave 3,354.49384738359316,687.759920416917,225
18,whole epidemic,259.7236705726626,584.6656819338934,566
18,Wave 1,153.07153331526453,384.178549757337,130
18,Wave 2,272.33859943874626,612.0501657538539,241
18,Wave 3,327.4766522957657,618.4139984663333,223
19,whole epidemic,273.83891896251555,636.1549354413933,566
19,Wave 1,160.45007461526595,374.01454719798494,134
19,Wave 2,290.17808073654254,561.7743607034752,245
19,Wave 3,336.1956652327889,805.540815522167,220
20,whole epidemic,273.3116917223454,738.6218378717826,566
20,Wave 1,169.09453141175644,623.6215098481194,130
20,Wave 2,283.5583588044728,668.8696416054818,239
20,Wave 3,335.2727767572894,810.5629165629404,224
21,whole epidemic,272.44957843404194,595.4596485466398,566
21,Wave 1,171.28837404143732,427.96260376937954,130
21,Wave 2,280.37727233512646,580.8023038536888,243
21,Wave 3,337.8347695909736,648.3028565751555,222
22,whole epidemic,265.1610430103919,719.5376536747076,566
22,Wave 1,180.99613205364656,966.6295670071529,130
22,Wave 2,264.8422687728718,603.654547277939,245
22,Wave 3,322.90006426430557,622.0676513628126,221
23,whole epidemic,251.22889044679306,627.3275321031348,566
23,Wave 1,166.88307375909304,333.4001318775771,132
23,Wave 2,251.50528112072232,689.3098286728331,242
23,Wave 3,313.333625257011,677.3107922699293,222
24,whole epidemic,248.61411023797916,558.9310507753221,566
24,Wave 1,167.101250464222,325.1750324259077,132
24,Wave 2,246.73801331115266,480.2251411722664,250
24,Wave 3,310.28202385645216,725.30020143846,218
25,whole epidemic,256.09733779582155,575.7267998347543,566
25,Wave 1,175.7268540895701,477.67068068810323,132
25,Wave 2,266.84455039270676,562.634102719554,246
25,Wave 3,297.46656981582714,612.711354430144,220
26,whole epidemic,260.01554840473216,547.1295633304331,566
26,Wave 1,160.55962153571295,327.0239924322026,132
26,Wave 2,272.4125133557496,531.3478770047653,246
26,Wave 3,314.7690419264229,652.6972152499445,220
27,whole epidemic,248.34659866579764,539.5911413550036,566
27,Wave 1,158.5799911250479,504.46562087949536,130
27,Wave 2,256.20712722717525,482.0176558061362,247
27,Wave 3,304.271621501609,577.7544848846239,220
28,whole epidemic,250.05076844427515,534.2276472070673,566
28,Wave 1,143.4973472171952,442.19026574204497,130
28,Wave 2,267.3308848211464,580.4131713479997,245
28,Wave 3,310.2434901862436,493.7936225611452,221
29,whole epidemic,257.21741575343145,485.8185231731437,566
29,Wave 1,150.91331084373022,308.7352695982033,128
29,Wave 2,275.30161212456096,490.2279935581902,246
29,Wave 3,313.68136698979873,543.2836069500546,221
30,whole epidemic,272.48670301907185,654.854655211318,566
30,Wave 1,173.92442875854908,579.8194861782166,130
30,Wave 2,281.589211583456,606.6314155172255,239
30,Wave 3,332.61653016565975,697.0400086841901,224
31,whole epidemic,268.62203383933667,602.9377014471659,566
31,Wave 1,168.8875954891091,403.8769045967862,132
31,Wave 2,282.8274137088542,514.6188639225263,248
31,Wave 3,325.15436834008165,763.1863407516377,219
32,whole epidemic,244.71556303500552,531.1391560784851,566
32,Wave 1,159.34268350047503,388.63903200418093,132
32,Wave 2,260.20520710558554,586.6046518272478,244
32,Wave 3,290.6118332079553,505.6129558927514,221
33,whole epidemic,251.7100687722923,562.6979247448912,566
33,Wave 1,163.5691453614067,394.4480286419623,132
33,Wave 2,267.571874457641,634.0962343049947,252
33,Wave 3,292.15966675671126,516.2927028209856,217
34,whole epidemic,256.03934606568754,572.5431556263794,566
34,Wave 1,157.67745742479377,415.5516519071331,130
34,Wave 2,276.4276183673459,545.9400145728893,247
34,Wave 3,302.9903536268006,634.9819482839288,220
35,whole epidemic,260.24618160823877,574.702384268298,566
35,Wave 1,148.42032613605585,330.97603116254334,130
35,Wave 2,268.97367551155196,631.5403835007983,241
35,Wave 3,326.5666685690819,604.826000318162,223
36,whole epidemic,273.2203453197924,591.2667794161795,566
36,Wave 1,155.54719084247196,320.00688652986906,130
36,Wave 2,284.18790638137773,564.2481900267255,243
36,Wave 3,339.9006717168859,746.7338744207127,222
37,whole epidemic,257.0070271623081,516.1473313266705,566
37,Wave 1,160.28723370447617,379.3604189401421,130
37,Wave 2,274.5899364349253,557.3336744749627,245
37,Wave 3,304.71147042475815,508.5522978994084,221
38,whole epidemic,251.03309536784352,600.4628318033865,566
38,Wave 1,148.04789573005013,387.448600178527,130
38,Wave 2,266.0321149506251,624.8241209557656,245
38,Wave 3,308.79560606151324,639.090451746926,221
39,whole epidemic,245.3361950683656,511.9812864464335,566
39,Wave 1,145.06497513548203,323.20059276857586,131
39,Wave 2,265.8712526358291,547.2665702128838,246
39,Wave 3,295.88534332927065,522.4144275310975,220
40,whole epidemic,246.21066989806502,705.5171786292532,566
40,Wave 1,154.22959975304929,475.18286275437913,132
40,Wave 2,265.3449758014537,861.6449577267259,246
40,Wave 3,289.3714027306169,596.4318486649505,220
41,whole epidemic,255.47338790012006,696.5914077824215,566
41,Wave 1,156.76945299214898,1063.6076360376658,132
41,Wave 2,268.77883778090813,589.6362938395498,244
41,Wave 3,312.18137128877476,519.0521274730553,221
42,whole epidemic,264.68818830818327,624.3539636894101,566
42,Wave 1,178.84765353669758,328.2834993407326,132
42,Wave 2,274.788603906268,702.7787614458838,240
42,Wave 3,314.8324272926297,653.5984220724677,223
43,whole epidemic,265.5727312609508,630.7039222875162,566
43,Wave 1,171.17429818137944,375.369561357353,132
43,Wave 2,281.42308139118757,699.3106989838373,244
43,Wave 3,316.33025623862073,638.9140465064372,221
44,whole epidemic,250.0374605019104,764.0090121888423,566
44,Wave 1,151.36243911249477,373.4557121595531,132
44,Wave 2,259.13346124740923,577.3908160221655,244
44,Wave 3,309.7621608347744,1119.5430548667382,221
45,whole epidemic,254.14201669986213,770.6037854823724,566
45,Wave 1,156.31986943337105,401.82782309884294,130
45,Wave 2,268.5634016082438,1038.0555494685395,245
45,Wave 3,305.81114853654043,617.2846846868349,221
46,whole epidemic,261.8126717295208,645.6457980560916,566
46,Wave 1,171.43123421273705,399.96386726377045,132
46,Wave 2,270.7125256779108,685.266037237602,240
46,Wave 3,314.34762135837195,690.2766979929324,223
47,whole epidemic,260.0676072814368,598.1455190773881,566
47,Wave 1,170.61804537578496,481.555333647864,130
47,Wave 2,283.2476262793445,565.1200442028443,247
47,Wave 3,293.4178026095631,641.350035393065,220
48,whole epidemic,258.28426294476634,716.5765133040452,566
48,Wave 1,153.8466548350858,452.7545721034224,134
48,Wave 2,271.40322020759953,657.3278193482425,243
48,Wave 3,320.30298294921516,858.8644440542723,221
49,whole epidemic,275.6283258015831,650.838936466378,566
49,Wave 1,180.4508853357186,467.8055825687351,132
49,Wave 2,286.9200771272456,626.6384201073827,242
49,Wave 3,323.66390325099695,719.3354495303662,222
50,whole epidemic,260.3631226499577,569.2297355180953,566
50,Wave 1,171.73943600416393,385.1954284488448,132
50,Wave 2,267.5745712844503,582.8475609323513,242
50,Wave 3,314.610784563989,607.328220886536,222
51,whole epidemic,264.45085601747223,541.5554413180506,566
51,Wave 1,168.2866714960124,372.54212903051445,130
51,Wave 2,280.4948026317813,555.3711573698328,247
51,Wave 3,306.9996305898042,573.123703730806,220
52,whole epidemic,256.1954747991875,569.1962805602639,566
52,Wave 1,149.21870268802567,305.16456888187815,130
52,Wave 2,275.68354326786186,661.3559124519459,243
52,Wave 3,309.38078151315,568.0324250232162,222
53,whole epidemic,270.0510040960466,614.3299761266326,566
53,Wave 1,162.80967107170724,481.1489711112831,130
53,Wave 2,284.63162070431673,677.8206868715492,239
53,Wave 3,327.3957691511908,570.9237042400872,224
54,whole epidemic,267.09784049600637,603.3476589581811,566
54,Wave 1,156.2244587896517,441.7282619816818,130
54,Wave 2,285.17015797089016,602.260170423659,243
54,Wave 3,323.51180651624173,641.9018317181971,222
55,whole epidemic,265.1749115834362,670.8750641561451,566
55,Wave 1,156.63990278605812,393.90723003893135,128
55,Wave 2,283.64076578513465,563.7701777073496,246
55,Wave 3,322.4459622258978,882.751181311597,221
56,whole epidemic,262.2198461550005,585.5157665131278,566
56,Wave 1,165.67640967643155,543.1067099240365,130
56,Wave 2,276.02459673230436,569.2370314637797,247
56,Wave 3,312.0715712574269,572.2657110364856,220
57,whole epidemic,273.3268525716208,623.58462244553,566
57,Wave 1,188.7324937835686,685.0146929033544,130
57,Wave 2,280.29929605033357,605.1326175356519,241
57,Wave 3,321.0306418117761,555.0930450259959,223
58,whole epidemic,267.25923630080194,535.5308173243834,566
58,Wave 1,173.96986371910455,382.0386379042875,132
58,Wave 2,279.5136690576719,538.8134909523532,246
58,Wave 3,319.5052610890069,582.0991941683851,220
59,whole epidemic,264.18059731370926,523.5658780115789,566
59,Wave 1,173.1388514369202,441.219565348687,130
59,Wave 2,279.46158125852935,490.01373768324925,239
59,Wave 3,308.9436405855128,563.3253983001222,224
60,whole epidemic,240.044686986013,475.73435840238375,566
60,Wave 1,136.1990903549161,472.13639153118413,132
60,Wave 2,255.37804568131952,434.9750583731453,250
60,Wave 3,302.91122071835724,473.13442187336426,218
61,whole epidemic,269.5182501209629,654.7950627185335,566
61,Wave 1,162.1494694347118,515.0016643483651,134
61,Wave 2,282.96408325124673,579.6073639985443,245
61,Wave 3,332.4934774903267,747.2294792192332,220
62,whole epidemic,258.70556459287957,513.01803557376,566
62,Wave 1,154.14162890687365,371.8302869994725,132
62,Wave 2,273.84523461358503,559.988384327573,252
62,Wave 3,318.9292283656371,491.97649186960456,217
63,whole epidemic,260.72830102767455,589.0023438540337,566
63,Wave 1,163.41985218764034,589.0793034240764,130
63,Wave 2,273.3892617916645,542.1867937518305,243
63,Wave 3,318.70556073611624,592.7461905653419,222
64,whole epidemic,270.0282852979094,595.6081863528733,566
64,Wave 1,169.44336979192946,422.9354678222064,130
64,Wave 2,278.92213026494466,583.2172275931587,253
64,Wave 3,326.8701893881424,653.4430629939775,217
65,whole epidemic,258.5010949444664,588.1425795639137,566
65,Wave 1,162.29577409098565,370.51204428095815,134
65,Wave 2,265.6552062326662,557.5551995870815,245
65,Wave 3,319.2379209301115,693.4759681961785,220
66,whole epidemic,264.2090851137839,518.4799445965681,566
66,Wave 1,162.39795856696296,335.29356806560105,130
66,Wave 2,280.2442666070805,578.8659760788637,245
66,Wave 3,317.1179611958702,508.22500471876157,221
67,whole epidemic,255.84338272495197,596.5243818664312,566
67,Wave 1,169.21793777674915,424.3754058869565,132
67,Wave 2,274.950124764608,552.2912718741404,246
67,Wave 3,289.67301560966035,692.2209330868648,220
68,whole epidemic,257.839005971516,533.010110263338,566
68,Wave 1,167.58062166976444,462.56676291755485,130
68,Wave 2,273.75159769993917,567.4006120169788,255
68,Wave 3,303.70576730130523,479.7333283021892,216
69,whole epidemic,259.0487853920191,564.3791891034772,566
69,Wave 1,163.46309640151728,486.9443641198342,134
69,Wave 2,268.11335102198416,533.9845174706358,243
69,Wave 3,318.192252610482,590.7003312911974,221
70,whole epidemic,258.313916284426,567.5088106891046,566
70,Wave 1,163.29940768745175,592.4857063685553,132
70,Wave 2,278.5548300001288,591.9835508567587,242
70,Wave 3,303.70093925865046,476.56688545678315,222
71,whole epidemic,264.8363256343737,636.7257563799101,566
71,Wave 1,177.5507431836071,821.1605760823477,128
71,Wave 2,270.98794369046357,503.62024365982035,250
71,Wave 3,318.4083222566278,613.2665343844294,219
72,whole epidemic,265.06617365571515,747.3946098676022,566
72,Wave 1,179.13461249590046,808.139544464262,132
72,Wave 2,269.63658570879545,730.7655211102416,248
72,Wave 3,319.7951558837228,647.4068854821521,219
73,whole epidemic,266.4932108910635,599.4898319765842,566
73,Wave 1,171.07565758600995,519.892715342292,130
73,Wave 2,276.04976585943785,591.8520547534686,253
73,Wave 3,318.18773200331077,600.9584455114949,217
74,whole epidemic,256.98122459149727,507.4808554602612,566
74,Wave 1,145.05469224745977,365.66762177221716,130
74,Wave 2,272.9082840298818,492.29858627897255,249
74,Wave 3,324.1845298133698,556.4935307926158,219
75,whole epidemic,279.7999106025736,602.4275681058383,566
75,Wave 1,167.20232194160178,360.3320928499858,132
75,Wave 2,287.4152582368149,593.5263830023218,236
75,Wave 3,357.0552976645605,700.4144194503816,225
76,whole epidemic,275.33612880619427,905.3674100660054,566
76,Wave 1,159.29108136556454,741.0877067999645,130
76,Wave 2,299.33497993657943,669.0632908787463,239
76,Wave 3,331.17360570997107,1171.744745975887,224
77,whole epidemic,265.2563484492661,585.0926567379037,566
77,Wave 1,165.85970995856508,414.19005644235114,130
77,Wave 2,275.8024105637772,553.8052847423005,243
77,Wave 3,323.8938379279825,662.9659665772033,222
78,whole epidemic,273.161572847505,556.4733897787695,566
78,Wave 1,169.67303151029085,406.02571479251907,130
78,Wave 2,290.4379987908002,601.296713780608,245
78,Wave 3,322.7078066745208,537.3460112634435,221
79,whole epidemic,284.65612910752816,690.6038238949621,566
79,Wave 1,169.65036189296816,492.5268780310536,130
79,Wave 2,291.1875125930488,629.0943165272037,245
79,Wave 3,358.8186732575109,797.1318459062574,221
80,whole epidemic,262.46548168976125,538.4469063247741,566
80,Wave 1,149.9307285332276,319.7507614810437,130
80,Wave 2,289.78764584385556,653.5542027483511,247
80,Wave 3,310.08510460819593,491.00679775505284,220
81,whole epidemic,262.6861240208753,726.7704257314477,566
81,Wave 1,151.48293816833274,470.24742171892825,132
81,Wave 2,273.75064994719656,604.1500001568722,242
81,Wave 3,334.7448599667925,936.0320121996323,222
82,whole epidemic,268.0790034583954,574.9995224356097,566
82,Wave 1,155.53759831956927,362.6159913221796,132
82,Wave 2,284.4725254711502,644.7220124203076,244
82,Wave 3,329.9771033930189,574.9637509711263,221
83,whole epidemic,287.95274279509755,654.5590536012108,566
83,Wave 1,169.8659332946456,417.5385593732015,130
83,Wave 2,294.64760952918857,633.81864450478,243
83,Wave 3,366.7202193416789,767.1220619047025,222
84,whole epidemic,260.6069807602454,625.3456462382513,566
84,Wave 1,158.5530743768575,429.1596276745558,132
84,Wave 2,269.21209770417613,636.5565037458168,254
84,Wave 3,329.01091138429183,659.01047532671,216
85,whole epidemic,259.5356809796165,564.3945186617447,566
85,Wave 1,151.81925261785543,346.45619703852293,128
85,Wave 2,272.5425236837926,514.7269580023607,238
85,Wave 3,321.41298440300596,695.3272184016475,225
86,whole epidemic,271.3648125263471,670.8372660316338,566
86,Wave 1,171.7916760196528,575.5556215472585,132
86,Wave 2,285.4950636152647,700.3646687025615,244
86,Wave 3,328.6775681925314,618.1288271623066,221
87,whole epidemic,259.78500208470854,493.7904950348743,566
87,Wave 1,164.21181580573887,375.0163961528494,130
87,Wave 2,272.12542510828507,547.9940158111177,251
87,Wave 3,304.8920988439331,452.87792051768713,218
88,whole epidemic,238.81517438925187,510.24007640414584,566
88,Wave 1,145.45681585079873,377.824563539534,132
88,Wave 2,243.54517023189177,534.9076703366549,250
88,Wave 3,299.9638307822723,501.7032586598879,218
89,whole epidemic,260.8787531479697,541.4070852776716,566
89,Wave 1,178.26916700428885,545.863059021243,130
89,Wave 2,262.3250760224498,506.85797466703724,245
89,Wave 3,317.9960306796572,523.6125224950943,221
90,whole epidemic,273.0105646950504,603.7703614034812,566
90,Wave 1,190.72906324460394,662.568083789356,130
90,Wave 2,281.8512518150115,566.3652893475252,239
90,Wave 3,316.25693040068796,552.043757373513,224
91,whole epidemic,260.3216614107417,533.5693497502035,566
91,Wave 1,170.5757499812509,492.92318136698833,132
91,Wave 2,264.98236185765836,556.1015195053391,248
91,Wave 3,318.7101471639989,479.5722477462675,219
92,whole epidemic,274.2218884804241,584.5648178126975,566
92,Wave 1,186.0516292121049,554.283603650057,130
92,Wave 2,278.5753646959007,555.4309987421684,241
92,Wave 3,331.69605413767084,575.843465471602,223
93,whole epidemic,261.18103033120286,522.6120128351769,566
93,Wave 1,172.5186154482651,395.685583826162,132
93,Wave 2,261.13729032048457,576.0567914859031,240
93,Wave 3,328.2576047674747,501.30091918107115,223
94,whole epidemic,259.9485368585675,594.9624703048572,566
94,Wave 1,166.44234522762582,623.3524776106825,130
94,Wave 2,265.3428862598743,617.7243486161651,243
94,Wave 3,323.68822132818445,503.0773528712447,222
95,whole epidemic,271.2295890255321,653.5704582586037,566
95,Wave 1,180.88927145539952,575.3403708351756,130
95,Wave 2,273.5025895386526,676.8820348591186,241
95,Wave 3,333.30714012688543,607.8313587720952,223
96,whole epidemic,260.3167388318122,519.9197524043879,566
96,Wave 1,166.51572656865255,381.02243018477117,130
96,Wave 2,264.3352458357442,552.6282519789239,245
96,Wave 3,322.2273214757253,512.2356228859448,221
97,whole epidemic,257.9478388881864,548.3929755383423,566
97,Wave 1,165.8503060428487,415.3934899776154,132
97,Wave 2,249.20913101652195,583.3252244720243,242
97,Wave 3,337.0985487683613,531.5961739724228,222
98,whole epidemic,260.03691759715355,670.7725828087065,566
98,Wave 1,166.70671027903546,880.5034067682711,134
98,Wave 2,260.8733672881015,541.1143237188761,241
98,Wave 3,328.05012008842897,611.4572032783567,222
99,whole epidemic,268.174549221613,611.93975093644,566
99,Wave 1,177.97722480778503,712.3098959896827,132
99,Wave 2,262.0834487326332,553.920178575331,248
99,Wave 3,345.13553877419827,559.6388061682857,219
100,whole epidemic,254.94077676745295,532.4964338611069,566
100,Wave 1,179.35996901844695,520.1321535797099,132
100,Wave 2,256.86951545936637,488.6085358165441,252
100,Wave 3,304.7712964136768,530.1694663880915,217
