node1,node2,length,startLat,startLon,endLat,endLon,endNodeL,startNodeL,startYear,endYear,treeID
285,557,1.03835696221426,6.19829790188567,7.43433812805186,4.96991707465248,6.29094957722149,1.03835696221426,0,2016.17400458793,2017.21236155015,10180000
285,286,0.131568614111968,6.19829790188567,7.43433812805186,6.1706158488865,7.4591881021556,0.131568614111968,0,2016.17400458793,2016.30557320204,10180000
286,555,1.12194398620058,6.1706158488865,7.4591881021556,5.91822558873288,7.78644844455897,1.25351260031255,0.131568614111968,2016.30557320204,2017.42751718824,10180000
286,287,0.166476929783379,6.1706158488865,7.4591881021556,5.66266244639156,6.77089789359853,0.298045543895347,0.131568614111968,2016.30557320204,2016.47205013183,10180000
287,547,1.67833032283524,5.66266244639156,6.77089789359853,5.66932184562754,6.72621046273884,1.97637586673059,0.298045543895347,2016.47205013183,2018.15038045466,10180000
287,288,0.216613957430715,5.66266244639156,6.77089789359853,5.61488463396313,6.77381501199293,0.514659501326062,0.298045543895347,2016.47205013183,2016.68866408926,10180000
288,289,0.0739537911281314,5.61488463396313,6.77381501199293,5.43682739776721,6.71215011893354,0.588613292454193,0.514659501326062,2016.68866408926,2016.76261788039,10180000
288,325,2.42749875472343,5.61488463396313,6.77381501199293,5.73704506098875,7.1474618697778,2.94215825604949,0.514659501326062,2016.68866408926,2019.11616284398,10180000
289,290,0.152017873604565,5.43682739776721,6.71215011893354,5.39994013964859,6.67524227145423,0.740631166058758,0.588613292454193,2016.76261788039,2016.91463575399,10180000
289,313,0.215656517063723,5.43682739776721,6.71215011893354,5.49344862538274,6.86326409150006,0.804269809517915,0.588613292454193,2016.76261788039,2016.97827439745,10180000
290,301,0.0449982386358556,5.39994013964859,6.67524227145423,5.56576472883903,6.88333988414443,0.785629404694614,0.740631166058758,2016.91463575399,2016.95963399263,10180000
290,291,0.0787313078201688,5.39994013964859,6.67524227145423,5.34966772425601,6.86693507190665,0.819362473878927,0.740631166058758,2016.91463575399,2016.99336706181,10180000
291,298,0.647847375127164,5.34966772425601,6.86693507190665,4.72860963141625,7.04247141158114,1.46720984900609,0.819362473878927,2016.99336706181,2017.64121443694,10180000
291,292,0.514276566901065,5.34966772425601,6.86693507190665,5.98720257091522,3.53954312563292,1.33363904077999,0.819362473878927,2016.99336706181,2017.50764362871,10180000
292,293,0.129142524510179,5.98720257091522,3.53954312563292,6.75315229247338,3.50839686506032,1.46278156529017,1.33363904077999,2017.50764362871,2017.63678615322,10180000
292,7,0.574172052425247,5.98720257091522,3.53954312563292,6.62235437174772,3.33741590844611,1.90781109320524,1.33363904077999,2017.50764362871,2018.08181568114,10180000
293,6,0.390093447889245,6.75315229247338,3.50839686506032,6.6323225974668,3.35242011328389,1.85287501317942,1.46278156529017,2017.63678615322,2018.02687960111,10180000
293,294,0.247221022897732,6.75315229247338,3.50839686506032,6.46621736021749,4.1381637904118,1.7100025881879,1.46278156529017,2017.63678615322,2017.88400717612,10180000
294,295,0.0446935375014998,6.46621736021749,4.1381637904118,6.29322361377773,4.07447876854256,1.7546961256894,1.7100025881879,2017.88400717612,2017.92870071362,10180000
294,297,0.630193973363675,6.46621736021749,4.1381637904118,5.08500669410618,6.28460666747756,2.34019656155158,1.7100025881879,2017.88400717612,2018.51420114948,10180000
295,1,0.128829527354267,6.29322361377773,4.07447876854256,7.4160719856393,3.25861511053355,1.88352565304367,1.7546961256894,2017.92870071362,2018.05753024097,10180000
295,296,0.0922630381515628,6.29322361377773,4.07447876854256,7.3648759509299,3.95224030652976,1.84695916384097,1.7546961256894,2017.92870071362,2018.02096375177,10180000
296,2,0.00241328506611538,7.3648759509299,3.95224030652976,7.3611389782399,3.9510629986232,1.84937244890708,1.84695916384097,2018.02096375177,2018.02337703684,10180000
296,3,0.0649815905029572,7.3648759509299,3.95224030652976,7.37493434822402,3.91711462235055,1.91194075434392,1.84695916384097,2018.02096375177,2018.08594534228,10180000
297,4,0.105935836818482,5.08500669410618,6.28460666747756,5.0759904243591,6.40242035287521,2.44613239837006,2.34019656155158,2018.51420114948,2018.6201369863,10180000
297,5,0.104758988297583,5.08500669410618,6.28460666747756,4.767582445205,7.05685969251339,2.44495554984916,2.34019656155158,2018.51420114948,2018.61896013778,10180000
298,8,0.29125131648726,4.72860963141625,7.04247141158114,4.72611225608435,7.02453285364603,1.75846116549335,1.46720984900609,2017.64121443694,2017.93246575342,10180000
298,299,0.0746267228501623,4.72860963141625,7.04247141158114,4.73552643396916,7.04585535439209,1.54183657185625,1.46720984900609,2017.64121443694,2017.71584115979,10180000
299,300,0.136198522505979,4.73552643396916,7.04585535439209,4.76931778220891,7.0463235845583,1.67803509436223,1.54183657185625,2017.71584115979,2017.85203968229,10180000
299,11,0.142651990897539,4.73552643396916,7.04585535439209,4.74310714649024,7.05672440404406,1.68448856275379,1.54183657185625,2017.71584115979,2017.85849315069,10180000
300,9,0.0064534683915598,4.76931778220891,7.0463235845583,4.77096234696152,7.04498835194296,1.68448856275379,1.67803509436223,2017.85203968229,2017.85849315069,10180000
300,10,0.0064534683915598,4.76931778220891,7.0463235845583,4.74891384444597,7.02633476344322,1.68448856275379,1.67803509436223,2017.85203968229,2017.85849315069,10180000
301,303,0.337071858757767,5.56576472883903,6.88333988414443,5.42970502295564,6.82764662623495,1.12270126345238,0.785629404694614,2016.95963399263,2017.29670585138,10180000
301,302,0.638669680923902,5.56576472883903,6.88333988414443,5.60469880827599,7.60252404467564,1.42429908561852,0.785629404694614,2016.95963399263,2017.59830367355,10180000
302,13,0.238271668915962,5.60469880827599,7.60252404467564,4.76673211390952,7.02678261049026,1.66257075453448,1.42429908561852,2017.59830367355,2017.83657534247,10180000
302,12,0.301121240621513,5.60469880827599,7.60252404467564,5.45796723181152,7.44811189965996,1.72542032624003,1.42429908561852,2017.59830367355,2017.89942491417,10180000
303,24,0.63703025226719,5.42970502295564,6.82764662623495,7.68817860706757,8.53195819430401,1.75973151571957,1.12270126345238,2017.29670585138,2017.93373610365,10180000
303,304,0.232019858576184,5.42970502295564,6.82764662623495,5.33693174146183,6.9518646077851,1.35472112202856,1.12270126345238,2017.29670585138,2017.52872570996,10180000
304,307,0.0329342042410357,5.33693174146183,6.9518646077851,5.3955209263684,7.12495208675066,1.3876553262696,1.35472112202856,2017.52872570996,2017.5616599142,10180000
304,305,0.289940876924348,5.33693174146183,6.9518646077851,5.43872794574539,7.08283054229452,1.64466199895291,1.35472112202856,2017.52872570996,2017.81866658688,10180000
305,306,0.281021768201922,5.43872794574539,7.08283054229452,5.46541076844867,7.0779478077851,1.92568376715483,1.64466199895291,2017.81866658688,2018.09968835509,10180000
305,14,0.238367207981918,5.43872794574539,7.08283054229452,7.36539951407771,3.91881342018189,1.88302920693483,1.64466199895291,2017.81866658688,2018.05703379487,10180000
306,16,0.0234790577714143,5.46541076844867,7.0779478077851,5.42185348332575,7.09014474167729,1.94916282492625,1.92568376715483,2018.09968835509,2018.12316741286,10180000
306,15,0.00975843937032828,5.46541076844867,7.0779478077851,5.46574565273585,7.07754196274343,1.93544220652516,1.92568376715483,2018.09968835509,2018.10944679446,10180000
307,310,0.470045590015133,5.3955209263684,7.12495208675066,5.49129944323762,7.11640108873035,1.85770091628473,1.3876553262696,2017.5616599142,2018.03170550422,10180000
307,308,0.0313659509635098,5.3955209263684,7.12495208675066,5.32198641906166,7.10300949573454,1.41902127723311,1.3876553262696,2017.5616599142,2017.59302586516,10180000
308,309,0.105817898472587,5.32198641906166,7.10300949573454,5.11614480338305,7.77538028867477,1.5248391757057,1.41902127723311,2017.59302586516,2017.69884376364,10180000
308,19,0.411244086956866,5.32198641906166,7.10300949573454,6.13756348964503,6.47503996005517,1.83026536418998,1.41902127723311,2017.59302586516,2018.00426995212,10180000
309,18,0.123605034565569,5.11614480338305,7.77538028867477,5.02837703942267,7.90352578185069,1.64844421027127,1.5248391757057,2017.69884376364,2017.8224487982,10180000
309,17,0.796496309161591,5.11614480338305,7.77538028867477,7.40483372913598,3.24919915557225,2.32133548486729,1.5248391757057,2017.69884376364,2018.4953400728,10180000
310,311,0.00846176713379521,5.49129944323762,7.11640108873035,5.4874735050529,7.1008342999507,1.86616268341853,1.85770091628473,2018.03170550422,2018.04016727135,10180000
310,23,0.139374750385413,5.49129944323762,7.11640108873035,5.46101576831892,7.1206913010205,1.99707566667015,1.85770091628473,2018.03170550422,2018.1710802546,10180000
311,20,0.068364086902708,5.4874735050529,7.1008342999507,5.46622862675281,7.0895920192119,1.93452677032124,1.86616268341853,2018.04016727135,2018.10853135825,10180000
311,312,0.0245593553695089,5.4874735050529,7.1008342999507,5.45512720746758,7.08107056660924,1.89072203878804,1.86616268341853,2018.04016727135,2018.06472662672,10180000
312,21,0.0947890393541471,5.45512720746758,7.08107056660924,5.4476894022181,7.12144562363158,1.98551107814218,1.89072203878804,2018.06472662672,2018.15951566607,10180000
312,22,0.0303141415859081,5.45512720746758,7.08107056660924,5.45871676217223,7.08299044618359,1.92103618037395,1.89072203878804,2018.06472662672,2018.0950407683,10180000
313,324,0.469803030047821,5.49344862538274,6.86326409150006,5.49828046273366,6.88456326965981,1.27407283956574,0.804269809517915,2016.97827439745,2017.4480774275,10180000
313,314,0.00928264928244182,5.49344862538274,6.86326409150006,5.51625601949794,6.8773899778899,0.813552458800357,0.804269809517915,2016.97827439745,2016.98755704673,10180000
314,315,0.517820733179887,5.51625601949794,6.8773899778899,4.77574665244668,6.30174606642797,1.33137319198024,0.813552458800357,2016.98755704673,2017.50537777991,10180000
314,317,0.89843579961523,5.51625601949794,6.8773899778899,4.71138087870708,6.92286194137547,1.71198825841559,0.813552458800357,2016.98755704673,2017.88599284635,10180000
315,316,0.109621227401576,4.77574665244668,6.30174606642797,4.81840189550423,6.53740177524331,1.44099441938182,1.33137319198024,2017.50537777991,2017.61499900731,10180000
315,25,0.276242982665391,4.77574665244668,6.30174606642797,5.08924923222984,6.3822403778099,1.60761617464563,1.33137319198024,2017.50537777991,2017.78162076258,10180000
316,27,0.182166935071956,4.81840189550423,6.53740177524331,5.10166593800707,6.37156787891217,1.62316135445378,1.44099441938182,2017.61499900731,2017.79716594238,10180000
316,26,0.30102838994716,4.81840189550423,6.53740177524331,4.73325054260397,7.0180665278541,1.74202280932898,1.44099441938182,2017.61499900731,2017.91602739726,10180000
317,320,0.399796434136691,4.71138087870708,6.92286194137547,4.96279549622875,6.75005135772238,2.11178469255228,1.71198825841559,2017.88599284635,2018.28578928048,10180000
317,318,0.218459793938212,4.71138087870708,6.92286194137547,4.80865748251087,6.97462581259877,1.9304480523538,1.71198825841559,2017.88599284635,2018.10445264028,10180000
318,319,0.0618714079184963,4.80865748251087,6.97462581259877,4.81971065435964,7.0054327413626,1.9923194602723,1.9304480523538,2018.10445264028,2018.1663240482,10180000
318,30,0.0874131258794444,4.80865748251087,6.97462581259877,4.73320861622336,7.00837246883453,2.01786117823324,1.9304480523538,2018.10445264028,2018.19186576616,10180000
319,29,0.0376103078469727,4.81971065435964,7.0054327413626,4.7616706728537,7.03067860155196,2.02992976811927,1.9923194602723,2018.1663240482,2018.20393435605,10180000
319,28,0.0744101463328342,4.81971065435964,7.0054327413626,4.76266504007526,7.05247915535599,2.06672960660513,1.9923194602723,2018.1663240482,2018.24073419454,10180000
320,322,0.432635881852764,4.96279549622875,6.75005135772238,4.97185429107445,6.74215213651212,2.54442057440504,2.11178469255228,2018.28578928048,2018.71842516234,10180000
320,321,0.823907584750089,4.96279549622875,6.75005135772238,6.59047378726004,3.2167432622517,2.93569227730237,2.11178469255228,2018.28578928048,2019.10969686523,10180000
321,32,0.140577107369216,6.59047378726004,3.2167432622517,6.60698591359639,3.31828407060386,3.07626938467158,2.93569227730237,2019.10969686523,2019.2502739726,10180000
321,31,0.247426422437746,6.59047378726004,3.2167432622517,6.64085245795831,3.33153480629673,3.18311869974011,2.93569227730237,2019.10969686523,2019.35712328767,10180000
322,33,1.12088990615679,4.97185429107445,6.74215213651212,4.76341001118211,7.04400039979377,3.66531048056184,2.54442057440504,2018.71842516234,2019.83931506849,10180000
322,323,0.199974541524103,4.97185429107445,6.74215213651212,5.08916045476853,6.47951036262321,2.74439511592915,2.54442057440504,2018.71842516234,2018.91839970386,10180000
323,34,0.164750981071135,5.08916045476853,6.47951036262321,5.09556863503273,6.37028109463295,2.90914609700028,2.74439511592915,2018.91839970386,2019.08315068493,10180000
323,35,0.22228522764655,5.08916045476853,6.47951036262321,5.10074795676862,6.40569547128448,2.9666803435757,2.74439511592915,2018.91839970386,2019.14068493151,10180000
324,37,0.384859291986046,5.49828046273366,6.88456326965981,6.40582348181436,7.52113047504597,1.65893213155178,1.27407283956574,2017.4480774275,2017.83293671948,10180000
324,36,0.314743248262268,5.49828046273366,6.88456326965981,6.72341274176775,6.2036992688351,1.588816087828,1.27407283956574,2017.4480774275,2017.76282067576,10180000
325,454,0.179053760864259,5.73704506098875,7.1474618697778,5.95405740058505,6.02846169781251,3.12121201691375,2.94215825604949,2019.11616284398,2019.29521660484,10180000
325,326,1.48033555881515,5.73704506098875,7.1474618697778,5.76686850633725,7.19998577132721,4.42249381486465,2.94215825604949,2019.11616284398,2020.5964984028,10180000
326,442,0.687275293360831,5.76686850633725,7.19998577132721,6.47319179052259,7.51001792737865,5.10976910822548,4.42249381486465,2020.5964984028,2021.28377369616,10180000
326,327,1.18840053624543,5.76686850633725,7.19998577132721,5.46802246546807,6.99089467810798,5.61089435111008,4.42249381486465,2020.5964984028,2021.78489893904,10180000
327,328,0.511983607582093,5.46802246546807,6.99089467810798,5.56810134127201,6.49882577524591,6.12287795869217,5.61089435111008,2021.78489893904,2022.29688254662,10180000
327,436,0.387747505473683,5.46802246546807,6.99089467810798,5.68318911324498,6.51657873339124,5.99864185658376,5.61089435111008,2021.78489893904,2022.17264644452,10180000
328,38,0.443802384883435,5.56810134127201,6.49882577524591,4.7580146401982,7.04216406238499,6.5666803435756,6.12287795869217,2022.29688254662,2022.74068493151,10180000
328,329,0.475460952898099,5.56810134127201,6.49882577524591,6.21816450204088,6.25529030565848,6.59833891159027,6.12287795869217,2022.29688254662,2022.77234349952,10180000
329,330,0.265178433870893,6.21816450204088,6.25529030565848,6.54262279024425,5.66098255811,6.86351734546116,6.59833891159027,2022.77234349952,2023.03752193339,10180000
329,428,1.08200649827949,6.21816450204088,6.25529030565848,6.65705190595514,3.37563386225904,7.68034540986976,6.59833891159027,2022.77234349952,2023.8543499978,10180000
330,331,0.136008609999602,6.54262279024425,5.66098255811,6.31377744762636,5.85954173965125,6.99952595546076,6.86351734546116,2023.03752193339,2023.17353054339,10180000
330,423,0.516688009588563,6.54262279024425,5.66098255811,6.54990582762353,5.70277224378075,7.38020535504972,6.86351734546116,2023.03752193339,2023.55420994298,10180000
331,412,0.86992469722672,6.31377744762636,5.85954173965125,5.40197245963226,5.96738956112891,7.86945065268748,6.99952595546076,2023.17353054339,2024.04345524062,10180000
331,332,0.133416211266494,6.31377744762636,5.85954173965125,6.36263285262316,6.24166652314114,7.13294216672726,6.99952595546076,2023.17353054339,2023.30694675466,10180000
332,333,0.662391328161486,6.36263285262316,6.24166652314114,5.58453091752298,6.31001268977834,7.79533349488874,7.13294216672726,2023.30694675466,2023.96933808282,10180000
332,374,0.229132735367423,6.36263285262316,6.24166652314114,9.1136095626792,7.70079738229663,7.36207490209468,7.13294216672726,2023.30694675466,2023.53607949003,10180000
333,334,0.429657756692584,5.58453091752298,6.31001268977834,5.68650008901241,6.59982667537394,8.22499125158133,7.79533349488874,2023.96933808282,2024.39899583951,10180000
333,343,0.0547565065064581,5.58453091752298,6.31001268977834,5.6429269875818,6.64328938434772,7.8500900013952,7.79533349488874,2023.96933808282,2024.02409458933,10180000
334,335,0.71206873988602,5.68650008901241,6.59982667537394,4.77775018210715,6.98133207108611,8.93705999146735,8.22499125158133,2024.39899583951,2025.1110645794,10180000
334,336,0.0350940092305816,5.68650008901241,6.59982667537394,5.6739668649451,6.58874176554772,8.26008526081191,8.22499125158133,2024.39899583951,2024.43408984874,10180000
335,40,0.0405792562177774,4.77775018210715,6.98133207108611,4.773169858,6.998089181,8.97763924768513,8.93705999146735,2025.1110645794,2025.15164383562,10180000
335,39,0.0405792562177774,4.77775018210715,6.98133207108611,4.73934603,7.071534513,8.97763924768513,8.93705999146735,2025.1110645794,2025.15164383562,10180000
336,337,0.22210420583216,5.6739668649451,6.58874176554772,7.755536646672,8.5153461052864,8.48218946664407,8.26008526081191,2024.43408984874,2024.65619405458,10180000
336,342,0.0442129235797617,5.6739668649451,6.58874176554772,5.88365739995354,5.21051738884562,8.30429818439167,8.26008526081191,2024.43408984874,2024.47830277232,10180000
337,46,0.0169034826655787,7.755536646672,8.5153461052864,7.769258961,8.509062892,8.49909294930965,8.48218946664407,2024.65619405458,2024.67309753724,10180000
337,338,0.151585067043612,7.755536646672,8.5153461052864,7.66527317605923,8.84735429790027,8.63377453368768,8.48218946664407,2024.65619405458,2024.80777912162,10180000
338,339,0.0229753094489775,7.66527317605923,8.84735429790027,7.7651984422781,8.78302950672655,8.65674984313666,8.63377453368768,2024.80777912162,2024.83075443107,10180000
338,341,0.0305100936927364,7.66527317605923,8.84735429790027,7.71583220998926,8.56068691283178,8.66428462738042,8.63377453368768,2024.80777912162,2024.83828921531,10180000
339,340,0.0109247647840686,7.7651984422781,8.78302950672655,7.71566713802308,8.6287518403569,8.66767460792073,8.65674984313666,2024.83075443107,2024.84167919585,10180000
339,43,0.0281354558996149,7.7651984422781,8.78302950672655,7.600600194,8.534247001,8.68488529903627,8.65674984313666,2024.83075443107,2024.85888988697,10180000
340,41,0.572978338394573,7.71566713802308,8.6287518403569,5.02386532282972,7.83822471251551,9.2406529463153,8.66767460792073,2024.84167919585,2025.41465753425,10180000
340,42,0.0800522211703576,7.71566713802308,8.6287518403569,7.661799654,8.475988822,8.74772682909109,8.66767460792073,2024.84167919585,2024.92173141702,10180000
341,44,0.343491606606093,7.71583220998926,8.56068691283178,7.648517781,8.556613704,9.00777623398651,8.66428462738042,2024.83828921531,2025.18178082192,10180000
341,45,0.220203935373419,7.71583220998926,8.56068691283178,8.624626872,8.288942206,8.88448856275384,8.66428462738042,2024.83828921531,2025.05849315069,10180000
342,48,0.186598043606371,5.88365739995354,5.21051738884562,5.483719111,5.70032179,8.49089622799804,8.30429818439167,2024.47830277232,2024.66490081593,10180000
342,47,1.21580681671818,5.88365739995354,5.21051738884562,6.476970692,3.314315195,9.52010500110985,8.30429818439167,2024.47830277232,2025.69410958904,10180000
343,344,0.212659213588423,5.6429269875818,6.64328938434772,4.87557338781622,6.88015776034715,8.06274921498363,7.8500900013952,2024.02409458933,2024.23675380291,10180000
343,351,0.19801572992603,5.6429269875818,6.64328938434772,5.88680255122779,5.85848182431407,8.04810573132123,7.8500900013952,2024.02409458933,2024.22211031925,10180000
344,345,0.0143157848341191,4.87557338781622,6.88015776034715,4.93521137400091,6.82519430079178,8.07706499981774,8.06274921498363,2024.23675380291,2024.25106958775,10180000
344,49,0.715032258916075,4.87557338781622,6.88015776034715,4.776663976,7.002945239,8.7777814738997,8.06274921498363,2024.23675380291,2024.95178606183,10180000
345,350,0.257040874778165,4.93521137400091,6.82519430079178,4.69357766734383,7.09953160099773,8.33410587459591,8.07706499981774,2024.25106958775,2024.50811046253,10180000
345,346,0.0146974440381635,4.93521137400091,6.82519430079178,4.82679058948833,7.10543624381788,8.09176244385591,8.07706499981774,2024.25106958775,2024.26576703179,10180000
346,349,0.239953575965603,4.82679058948833,7.10543624381788,4.80327442317291,7.32909012522966,8.33171601982151,8.09176244385591,2024.26576703179,2024.50572060775,10180000
346,347,0.305518484523738,4.82679058948833,7.10543624381788,4.83867958398794,7.08495482046588,8.39728092837965,8.09176244385591,2024.26576703179,2024.57128551631,10180000
347,52,0.843372017935654,4.83867958398794,7.08495482046588,4.703323304,7.03544887,9.2406529463153,8.39728092837965,2024.57128551631,2025.41465753425,10180000
347,348,0.10109927341249,4.83867958398794,7.08495482046588,4.99079743036567,7.41153073961233,8.49838020179214,8.39728092837965,2024.57128551631,2024.67238478972,10180000
348,51,0.156450452435523,4.99079743036567,7.41153073961233,5.064349945,7.830365947,8.65483065422766,8.49838020179214,2024.67238478972,2024.82883524216,10180000
348,50,0.178308375932759,4.99079743036567,7.41153073961233,6.199332139,6.883986035,8.6766885777249,8.49838020179214,2024.67238478972,2024.85069316566,10180000
349,54,0.487049060635537,4.80327442317291,7.32909012522966,4.722435872,7.094209663,8.81876508045705,8.33171601982151,2024.50572060775,2024.99276966839,10180000
349,53,0.859621858000674,4.80327442317291,7.32909012522966,4.786037777,7.037122562,9.19133787782219,8.33171601982151,2024.50572060775,2025.36534246575,10180000
350,56,0.785999126514074,4.69357766734383,7.09953160099773,4.72480084,7.043249985,9.12010500110998,8.33410587459591,2024.50811046253,2025.29410958904,10180000
350,55,0.588738852541386,4.69357766734383,7.09953160099773,4.690992804,7.033983566,8.9228447271373,8.33410587459591,2024.50811046253,2025.09684931507,10180000
351,352,0.0057857112210089,5.88680255122779,5.85848182431407,5.87649000135723,5.86046783757315,8.05389144254224,8.04810573132123,2024.22211031925,2024.22789603047,10180000
351,80,0.874738995816064,5.88680255122779,5.85848182431407,5.881423751,5.686733938,8.9228447271373,8.04810573132123,2024.22211031925,2025.09684931507,10180000
352,359,0.0889785649200265,5.87649000135723,5.86046783757315,5.76070037669905,6.58221393663586,8.14287000746227,8.05389144254224,2024.22789603047,2024.31687459539,10180000
352,353,0.0733719638844643,5.87649000135723,5.86046783757315,5.86046306399645,5.73683127861965,8.12726340642671,8.05389144254224,2024.22789603047,2024.30126799436,10180000
353,354,0.0587263957386135,5.86046306399645,5.73683127861965,5.90765489981064,5.8066075422992,8.18598980216532,8.12726340642671,2024.30126799436,2024.3599943901,10180000
353,357,0.0723011872473449,5.86046306399645,5.73683127861965,6.61946696533207,6.08482762605911,8.19956459367405,8.12726340642671,2024.30126799436,2024.37356918161,10180000
354,60,0.463376371188088,5.90765489981064,5.8066075422992,6.250449459,6.731084682,8.64936617335341,8.18598980216532,2024.3599943901,2024.82337076128,10180000
354,355,0.0476912672740217,5.90765489981064,5.8066075422992,5.87890410621125,5.81031986445058,8.23368106943934,8.18598980216532,2024.3599943901,2024.40768565737,10180000
355,356,0.296908167781596,5.87890410621125,5.81031986445058,6.03113684334778,4.79880419937903,8.53058923722094,8.23368106943934,2024.40768565737,2024.70459382515,10180000
355,59,0.669985575506226,5.87890410621125,5.81031986445058,7.215066016,9.539558019,8.90366664494557,8.23368106943934,2024.40768565737,2025.07767123288,10180000
356,57,0.331981517313587,6.03113684334778,4.79880419937903,5.626845531,6.137692491,8.86257075453452,8.53058923722094,2024.70459382515,2025.03657534247,10180000
356,58,1.04431028443697,6.03113684334778,4.79880419937903,6.593266804,3.606629026,9.5748995216579,8.53058923722094,2024.70459382515,2025.74890410959,10180000
357,358,0.1115295216347,6.61946696533207,6.08482762605911,7.01540128841525,6.34950817618675,8.31109411530875,8.19956459367405,2024.37356918161,2024.48509870324,10180000
357,61,0.764376023874288,6.61946696533207,6.08482762605911,6.612251681,6.101946734,8.96394061754834,8.19956459367405,2024.37356918161,2025.13794520548,10180000
358,63,0.754216365253176,7.01540128841525,6.34950817618675,6.250840193,5.698087698,9.06531048056193,8.31109411530875,2024.48509870324,2025.23931506849,10180000
358,62,0.529558831006687,7.01540128841525,6.34950817618675,6.258970383,8.157416228,8.84065294631544,8.31109411530875,2024.48509870324,2025.01465753425,10180000
359,360,0.0774695508986318,5.76070037669905,6.58221393663586,5.75805417064745,6.3603015132425,8.2203395583609,8.14287000746227,2024.31687459539,2024.39434414629,10180000
359,373,0.00184993221544238,5.76070037669905,6.58221393663586,5.77971655525283,6.68043775763011,8.14471993967771,8.14287000746227,2024.31687459539,2024.31872452761,10180000
360,361,0.00105030176720589,5.75805417064745,6.3603015132425,5.76409721895582,6.36788405244523,8.2213898601281,8.2203395583609,2024.39434414629,2024.39539444806,10180000
360,370,0.0171298612649413,5.75805417064745,6.3603015132425,5.93340765595125,5.92098668583502,8.23746941962584,8.2203395583609,2024.39434414629,2024.41147400756,10180000
361,362,0.0569897910887067,5.76409721895582,6.36788405244523,5.8240871379668,6.30254170629456,8.27837965121681,8.2213898601281,2024.39539444806,2024.45238423915,10180000
361,368,0.0507994378844387,5.76409721895582,6.36788405244523,6.24318749710785,6.41466730160008,8.27218929801254,8.2213898601281,2024.39539444806,2024.44619388594,10180000
362,367,0.101469324459895,5.8240871379668,6.30254170629456,4.79642961531862,7.44140943327515,8.37984897567671,8.27837965121681,2024.45238423915,2024.55385356361,10180000
362,363,0.119706884445262,5.8240871379668,6.30254170629456,5.64948874973553,6.65315490398859,8.39808653566208,8.27837965121681,2024.45238423915,2024.57209112359,10180000
363,68,0.746675999694353,5.64948874973553,6.65315490398859,9.025489701,7.490268177,9.14476253535643,8.39808653566208,2024.57209112359,2025.31876712329,10180000
363,364,0.0634567340856405,5.64948874973553,6.65315490398859,5.65845344330347,6.66167749625013,8.46154326974771,8.39808653566208,2024.57209112359,2024.63554785768,10180000
364,365,0.248233950743008,5.65845344330347,6.66167749625013,5.89685946372868,7.10796244853724,8.70977722049072,8.46154326974771,2024.63554785768,2024.88378180842,10180000
364,67,0.0266207178132021,5.65845344330347,6.66167749625013,5.540361159,6.81554187,8.48816398756092,8.46154326974771,2024.63554785768,2024.66216857549,10180000
365,66,0.292519561441075,5.89685946372868,7.10796244853724,5.007686291,7.819766869,9.0022967819318,8.70977722049072,2024.88378180842,2025.17630136986,10180000
365,366,0.0876386127363561,5.89685946372868,7.10796244853724,5.60928466168193,7.61074061381572,8.79741583322708,8.70977722049072,2024.88378180842,2024.97142042116,10180000
366,65,0.287072729526577,5.60928466168193,7.61074061381572,9.850402916,9.173235294,9.08448856275366,8.79741583322708,2024.97142042116,2025.25849315068,10180000
366,64,0.818579578841642,5.60928466168193,7.61074061381572,6.37463265461531,7.48597244580386,9.61599541206872,8.79741583322708,2024.97142042116,2025.79,10180000
367,69,0.510119039131845,4.79642961531862,7.44140943327515,4.800781528,8.296274877,8.88996801480855,8.37984897567671,2024.55385356361,2025.06397260274,10180000
367,70,0.447112826091947,4.79642961531862,7.44140943327515,6.694320344,3.274194836,8.82696180176865,8.37984897567671,2024.55385356361,2025.0009663897,10180000
368,369,0.114991306375808,6.24318749710785,6.41466730160008,6.09889850720192,4.91793877664736,8.38718060438835,8.27218929801254,2024.44619388594,2024.56118519232,10180000
368,73,0.63421707296038,6.24318749710785,6.41466730160008,6.675526431,6.227399684,8.90640637097292,8.27218929801254,2024.44619388594,2025.0804109589,10180000
369,71,0.426119995194444,6.09889850720192,4.91793877664736,6.742259212,3.551542725,8.8133005995828,8.38718060438835,2024.56118519232,2024.98730518751,10180000
369,72,1.16580110905024,6.09889850720192,4.91793877664736,6.41045026,3.134092944,9.55298171343859,8.38718060438835,2024.56118519232,2025.72698630137,10180000
370,74,0.288945934055297,5.93340765595125,5.92098668583502,6.420580622,3.39001178,8.52641535368114,8.23746941962584,2024.41147400756,2024.70041994161,10180000
370,371,0.241924178471407,5.93340765595125,5.92098668583502,5.77618166888087,5.82174152888508,8.47939359809725,8.23746941962584,2024.41147400756,2024.65339818603,10180000
371,77,0.104398804764221,5.77618166888087,5.82174152888508,6.306924048,5.971464916,8.58379240286147,8.47939359809725,2024.65339818603,2024.75779699079,10180000
371,372,0.417319765505249,5.77618166888087,5.82174152888508,5.78339266625579,6.08700199499143,8.8967133636025,8.47939359809725,2024.65339818603,2025.07071795153,10180000
372,76,0.27544643202796,5.78339266625579,6.08700199499143,4.99034613,8.338895937,9.17215979563046,8.8967133636025,2025.07071795153,2025.34616438356,10180000
372,75,0.379556021069132,5.78339266625579,6.08700199499143,5.29586889,6.245672537,9.27626938467163,8.8967133636025,2025.07071795153,2025.4502739726,10180000
373,79,0.802782321706257,5.77971655525283,6.68043775763011,6.017696326,6.613017834,8.94750226138397,8.14471993967771,2024.31872452761,2025.12150684932,10180000
373,78,0.816480951843044,5.77971655525283,6.68043775763011,7.435278104,9.404301808,8.96120089152075,8.14471993967771,2024.31872452761,2025.13520547945,10180000
374,375,0.182916241387582,9.1136095626792,7.70079738229663,9.2960419293237,8.10871032084146,7.54499114348226,7.36207490209468,2023.53607949003,2023.71899573141,10180000
374,411,0.622534509704809,9.1136095626792,7.70079738229663,8.84327593495359,7.28788220193288,7.98460941179949,7.36207490209468,2023.53607949003,2024.15861399973,10180000
375,376,0.610625538628204,9.2960419293237,8.10871032084146,9.81350754460093,8.38612844512583,8.15561668211047,7.54499114348226,2023.71899573141,2024.32962127004,10180000
375,382,0.178090210961347,9.2960419293237,8.10871032084146,8.61312256373744,7.34832438353169,7.72308135444361,7.54499114348226,2023.71899573141,2023.89708594237,10180000
376,379,0.0295295653306509,9.81350754460093,8.38612844512583,9.9414224791256,8.98189423267213,8.18514624744112,8.15561668211047,2024.32962127004,2024.35915083537,10180000
376,377,0.289265485106224,9.81350754460093,8.38612844512583,7.03788536696287,4.82317127109179,8.44488216721669,8.15561668211047,2024.32962127004,2024.61888675515,10180000
377,378,0.0900094112327163,7.03788536696287,4.82317127109179,7.15463328990519,5.33971613959836,8.53489157844941,8.44488216721669,2024.61888675515,2024.70889616638,10180000
377,81,0.428647491427489,7.03788536696287,4.82317127109179,5.071682202,6.389086909,8.87352965864418,8.44488216721669,2024.61888675515,2025.04753424658,10180000
378,83,0.21829973151593,7.15463328990519,5.33971613959836,6.62398584,3.390027145,8.75319130996534,8.53489157844941,2024.70889616638,2024.9271958979,10180000
378,82,0.34959698430443,7.15463328990519,5.33971613959836,6.92094821,4.855721012,8.88448856275384,8.53489157844941,2024.70889616638,2025.05849315069,10180000
379,380,0.320324789925145,9.9414224791256,8.98189423267213,9.91553878148694,8.95908164096294,8.50547103736626,8.18514624744112,2024.35915083537,2024.6794756253,10180000
379,84,0.374055991485989,9.9414224791256,8.98189423267213,9.976499552,8.923544203,8.55920223892711,8.18514624744112,2024.35915083537,2024.73320682686,10180000
380,87,0.100179288992444,9.91553878148694,8.95908164096294,9.994390822,8.937952708,8.60565032635871,8.50547103736626,2024.6794756253,2024.77965491429,10180000
380,381,0.0383420702124404,9.91553878148694,8.95908164096294,9.98802049457728,8.87887631813608,8.5438131075787,8.50547103736626,2024.6794756253,2024.71781769551,10180000
381,86,0.0809629018401137,9.98802049457728,8.87887631813608,9.778533181,9.066952622,8.62477600941882,8.5438131075787,2024.71781769551,2024.79878059735,10180000
381,85,0.491360386681838,9.98802049457728,8.87887631813608,10.84443967,11.23360848,9.03517349426054,8.5438131075787,2024.71781769551,2025.20917808219,10180000
382,399,0.012937182618747,8.61312256373744,7.34832438353169,8.57496595497442,7.27776716382657,7.73601853706236,7.72308135444361,2023.89708594237,2023.91002312499,10180000
382,383,0.055593820162301,8.61312256373744,7.34832438353169,8.97487696593457,6.74083873799668,7.77867517460591,7.72308135444361,2023.89708594237,2023.95267976254,10180000
383,88,1.27841612787394,8.97487696593457,6.74083873799668,8.866277271,7.258070108,9.05709130247985,7.77867517460591,2023.95267976254,2025.23109589041,10180000
383,384,0.184662799891775,8.97487696593457,6.74083873799668,9.63591449925892,6.82801461328598,7.96333797449769,7.77867517460591,2023.95267976254,2024.13734256243,10180000
384,385,0.211598157033353,9.63591449925892,6.82801461328598,9.3760662483531,6.97883453818518,8.17493613153104,7.96333797449769,2024.13734256243,2024.34894071946,10180000
384,397,0.393138720538552,9.63591449925892,6.82801461328598,9.7508600938736,6.71517402309757,8.35647669503624,7.96333797449769,2024.13734256243,2024.53048128297,10180000
385,386,0.00342987999077327,9.3760662483531,6.97883453818518,9.35311335607116,6.9405339028142,8.17836601152181,8.17493613153104,2024.34894071946,2024.35237059945,10180000
385,393,0.140997049071714,9.3760662483531,6.97883453818518,7.80706021447836,5.94853121390311,8.31593318060275,8.17493613153104,2024.34894071946,2024.48993776853,10180000
386,387,0.0708000059501537,9.35311335607116,6.9405339028142,9.22440012798882,7.22027493529378,8.24916601747197,8.17836601152181,2024.35237059945,2024.4231706054,10180000
386,392,0.406821317200189,9.35311335607116,6.9405339028142,11.2273955277986,7.36635265680282,8.585187328722,8.17836601152181,2024.35237059945,2024.75919191665,10180000
387,388,0.197777386209304,9.22440012798882,7.22027493529378,10.5239337724359,7.36731813000227,8.44694340368127,8.24916601747197,2024.4231706054,2024.62094799161,10180000
387,389,0.0738462915194089,9.22440012798882,7.22027493529378,8.89463616740477,7.34546171478603,8.32301230899138,8.24916601747197,2024.4231706054,2024.49701689692,10180000
388,89,0.821106802908059,10.5239337724359,7.36731813000227,10.44636651,7.413800639,9.26805020658933,8.44694340368127,2024.62094799161,2025.44205479452,10180000
388,90,0.136848999180199,10.5239337724359,7.36731813000227,8.812384507,7.349020269,8.58379240286147,8.44694340368127,2024.62094799161,2024.75779699079,10180000
389,91,0.312692662176173,8.89463616740477,7.34546171478603,8.834819952,7.278741827,8.63570497116755,8.32301230899138,2024.49701689692,2024.8097095591,10180000
389,390,0.231339741034715,8.89463616740477,7.34546171478603,6.60975086481836,3.34264969852385,8.55435205002609,8.32301230899138,2024.49701689692,2024.72835663796,10180000
390,391,0.0415739527507972,6.60975086481836,3.34264969852385,6.60819652173136,3.34718681585772,8.59592600277689,8.55435205002609,2024.72835663796,2024.76993059071,10180000
390,94,0.0977463637644431,6.60975086481836,3.34264969852385,6.982664514,3.643282347,8.65209841379053,8.55435205002609,2024.72835663796,2024.82610300172,10180000
391,92,0.0507079301391662,6.60819652173136,3.34718681585772,6.471025694,3.316342211,8.64663393291605,8.59592600277689,2024.76993059071,2024.82063852085,10180000
391,93,0.0971560175709931,6.60819652173136,3.34718681585772,6.414969188,3.373315434,8.69308202034788,8.59592600277689,2024.76993059071,2024.86708660828,10180000
392,96,0.32395876827828,11.2273955277986,7.36635265680282,11.24720598,7.342161888,8.90914609700028,8.585187328722,2024.75919191665,2025.08315068493,10180000
392,95,0.721219042251014,11.2273955277986,7.36635265680282,12.078518,4.231420467,9.30640637097301,8.585187328722,2024.75919191665,2025.4804109589,10180000
393,97,1.13293894379489,7.80706021447836,5.94853121390311,7.301221758,5.574632256,9.44887212439765,8.31593318060275,2024.48993776853,2025.62287671233,10180000
393,394,0.0888029984819583,7.80706021447836,5.94853121390311,7.17553888670283,5.56489211650615,8.40473617908471,8.31593318060275,2024.48993776853,2024.57874076702,10180000
394,395,0.0426396766038479,7.17553888670283,5.56489211650615,7.6645780067841,4.76392857858061,8.44737585568856,8.40473617908471,2024.57874076702,2024.62138044362,10180000
394,396,0.0802079766987391,7.17553888670283,5.56489211650615,8.34348421947652,6.57998790822532,8.48494415578345,8.40473617908471,2024.57874076702,2024.65894874371,10180000
395,99,0.0189302083751204,7.6645780067841,4.76392857858061,7.649039795,4.780524779,8.46630606406368,8.44737585568856,2024.62138044362,2024.640310652,10180000
395,98,0.147345508921642,7.6645780067841,4.76392857858061,7.36459201808405,3.93197500072981,8.5947213646102,8.44737585568856,2024.62138044362,2024.76872595254,10180000
396,101,0.763927968614149,8.34348421947652,6.57998790822532,7.390569739,8.404735736,9.2488721243976,8.48494415578345,2024.65894874371,2025.42287671233,10180000
396,100,0.115241689701003,8.34348421947652,6.57998790822532,7.636891185,5.890848989,8.60018584548445,8.48494415578345,2024.65894874371,2024.77419043342,10180000
397,102,0.651299538950274,9.7508600938736,6.71517402309757,9.609598197,6.476884359,9.00777623398651,8.35647669503624,2024.53048128297,2025.18178082192,10180000
397,398,0.420330594743481,9.7508600938736,6.71517402309757,13.0105452763147,5.20325850275602,8.77680728977972,8.35647669503624,2024.53048128297,2024.95081187771,10180000
398,104,0.17891414968632,13.0105452763147,5.20325850275602,13.03558089,5.332475103,8.95572143946604,8.77680728977972,2024.95081187771,2025.1297260274,10180000
398,103,0.17891414968632,13.0105452763147,5.20325850275602,13.2052151,5.283086255,8.95572143946604,8.77680728977972,2024.95081187771,2025.1297260274,10180000
399,403,0.146592642607762,8.57496595497442,7.27776716382657,9.9062226598955,8.01280582406468,7.88261117967012,7.73601853706236,2023.91002312499,2024.0566157676,10180000
399,400,0.687118983153681,8.57496595497442,7.27776716382657,9.10136220354579,7.74771655329284,8.42313752021604,7.73601853706236,2023.91002312499,2024.59714210815,10180000
400,402,0.0977904442776325,9.10136220354579,7.74771655329284,8.67596155397509,7.55054542640398,8.52092796449367,8.42313752021604,2024.59714210815,2024.69493255242,10180000
400,401,0.288664448753301,9.10136220354579,7.74771655329284,10.0965247509994,9.21408221374724,8.71180196896934,8.42313752021604,2024.59714210815,2024.8858065569,10180000
401,105,0.0796407071162206,10.0965247509994,9.21408221374724,10.22391695,8.832900361,8.79144267608556,8.71180196896934,2024.8858065569,2024.96544726402,10180000
401,106,0.112427592362189,10.0965247509994,9.21408221374724,12.17512948,4.942683697,8.82422956133153,8.71180196896934,2024.8858065569,2024.99823414926,10180000
402,108,0.947122242095705,8.67596155397509,7.55054542640398,5.01067440466748,7.84696376315576,9.46805020658937,8.52092796449367,2024.69493255242,2025.64205479452,10180000
402,107,0.456711283191455,8.67596155397509,7.55054542640398,10.10788547,5.11903292,8.97763924768513,8.52092796449367,2024.69493255242,2025.15164383562,10180000
403,404,0.356679685571224,9.9062226598955,8.01280582406468,10.0030089831857,8.05213206050647,8.23929086524134,7.88261117967012,2024.0566157676,2024.41329545317,10180000
403,410,0.391929910512269,9.9062226598955,8.01280582406468,9.46739592108341,7.89921020768691,8.27454109018239,7.88261117967012,2024.0566157676,2024.44854567811,10180000
404,109,0.259802084068305,10.0030089831857,8.05213206050647,10.29433212,11.24704634,8.49909294930965,8.23929086524134,2024.41329545317,2024.67309753724,10180000
404,405,0.241108825549339,10.0030089831857,8.05213206050647,10.4711358709776,8.1970142502307,8.48039969079068,8.23929086524134,2024.41329545317,2024.65440427872,10180000
405,409,0.404454679802969,10.4711358709776,8.1970142502307,11.1209057132054,7.75122119688789,8.88485437059365,8.48039969079068,2024.65440427872,2025.05885895852,10180000
405,406,0.055166266889644,10.4711358709776,8.1970142502307,10.4239991974408,7.42407991416805,8.53556595768033,8.48039969079068,2024.65440427872,2024.70957054561,10180000
406,110,0.376319865347312,10.4239991974408,7.42407991416805,10.4193294,7.420820674,8.91188582302764,8.53556595768033,2024.70957054561,2025.08589041096,10180000
406,407,0.428383489268911,10.4239991974408,7.42407991416805,10.3774194309755,7.06519438101665,8.96394944694924,8.53556595768033,2024.70957054561,2025.13795403488,10180000
407,408,0.0115929126505036,10.3774194309755,7.06519438101665,10.3786141311153,7.05507376970542,8.97554235959974,8.96394944694924,2025.13795403488,2025.14954694753,10180000
407,113,0.550676102105895,10.3774194309755,7.06519438101665,10.52454781,7.433805862,9.51462554905513,8.96394944694924,2025.13795403488,2025.68863013699,10180000
408,111,0.00757634014032627,10.3786141311153,7.05507376970542,10.56102649,7.287903037,8.98311869974007,8.97554235959974,2025.14954694753,2025.15712328767,10180000
408,112,0.0212749702773406,10.3786141311153,7.05507376970542,10.42589931,7.071107322,8.99681732987708,8.97554235959974,2025.14954694753,2025.17082191781,10180000
409,114,0.0160725483245575,11.1209057132054,7.75122119688789,11.19367809,7.728682417,8.90092691891821,8.88485437059365,2025.05885895852,2025.07493150685,10180000
409,115,0.0188122743519149,11.1209057132054,7.75122119688789,11.18173664,7.743527759,8.90366664494557,8.88485437059365,2025.05885895852,2025.07767123288,10180000
410,117,0.227284099564387,9.46739592108341,7.89921020768691,8.983729053,7.135207879,8.50182518974677,8.27454109018239,2024.44854567811,2024.67582977768,10180000
410,116,0.631865280790536,9.46739592108341,7.89921020768691,6.126657014,6.722810364,8.90640637097292,8.27454109018239,2024.44854567811,2025.0804109589,10180000
411,119,0.853303808488589,8.84327593495359,7.28788220193288,10.52423906,6.870292761,8.83791322028808,7.98460941179949,2024.15861399973,2025.01191780822,10180000
411,118,0.880701068762391,8.84327593495359,7.28788220193288,6.360129159,5.525304472,8.86531048056188,7.98460941179949,2024.15861399973,2025.03931506849,10180000
412,413,0.381806586584699,5.40197245963226,5.96738956112891,4.74540863336458,7.08885096200153,8.25125723927218,7.86945065268748,2024.04345524062,2024.4252618272,10180000
412,420,0.557964170976382,5.40197245963226,5.96738956112891,7.88784849684895,6.5166648324865,8.42741482366387,7.86945065268748,2024.04345524062,2024.6014194116,10180000
413,419,0.456312975892155,4.74540863336458,7.08885096200153,4.8325158260852,7.01244252669809,8.70757021516434,8.25125723927218,2024.4252618272,2024.8815748031,10180000
413,414,0.027417922095899,4.74540863336458,7.08885096200153,4.69570975521156,7.01192115180567,8.27867516136808,8.25125723927218,2024.4252618272,2024.4526797493,10180000
414,418,0.599859911679318,4.69570975521156,7.01192115180567,4.69719332574779,7.01251812923166,8.8785350730474,8.27867516136808,2024.4526797493,2025.05253966098,10180000
414,415,0.0775350820196758,4.69570975521156,7.01192115180567,4.7147974186475,7.04334249827887,8.35621024338776,8.27867516136808,2024.4526797493,2024.53021483132,10180000
415,416,0.630467816598823,4.7147974186475,7.04334249827887,4.71757499621156,7.03406927506948,8.98667805998658,8.35621024338776,2024.53021483132,2025.16068264792,10180000
415,417,0.109129484073747,4.7147974186475,7.04334249827887,5.13802262013269,6.86654978706197,8.46533972746151,8.35621024338776,2024.53021483132,2024.63934431539,10180000
416,121,0.0430159822192452,4.71757499621156,7.03406927506948,4.711522038,7.075530118,9.02969404220583,8.98667805998658,2025.16068264792,2025.20369863014,10180000
416,120,0.0430159822192452,4.71757499621156,7.03406927506948,4.700780271,7.013648395,9.02969404220583,8.98667805998658,2025.16068264792,2025.20369863014,10180000
417,122,0.0255565005365379,5.13802262013269,6.86654978706197,5.414497712,6.054935859,8.49089622799804,8.46533972746151,2024.63934431539,2024.66490081593,10180000
417,123,0.227742292886375,5.13802262013269,6.86654978706197,5.566133061,7.394331914,8.69308202034788,8.46533972746151,2024.63934431539,2024.86708660828,10180000
418,125,0.00595348970643717,4.69719332574779,7.01251812923166,4.721846445,7.032644346,8.88448856275384,8.8785350730474,2025.05253966098,2025.05849315069,10180000
418,124,0.00595348970643717,4.69719332574779,7.01251812923166,4.700515282,7.011181909,8.88448856275384,8.8785350730474,2025.05253966098,2025.05849315069,10180000
419,127,0.404315607863346,4.8325158260852,7.01244252669809,4.784261352,7.016655675,9.11188582302768,8.70757021516434,2024.8815748031,2025.28589041096,10180000
419,126,0.2125347859456,4.8325158260852,7.01244252669809,4.784089829,7.049192405,8.92010500110994,8.70757021516434,2024.8815748031,2025.09410958904,10180000
420,421,0.409813207101632,7.88784849684895,6.5166648324865,8.06745266406243,5.95425403813729,8.8372280307655,8.42741482366387,2024.6014194116,2025.0112326187,10180000
420,131,0.170038781383461,7.88784849684895,6.5166648324865,8.939243516,7.444376792,8.59745360504733,8.42741482366387,2024.6014194116,2024.77145819298,10180000
421,422,0.0782003697854454,8.06745266406243,5.95425403813729,6.85480588426836,3.89922376765976,8.91542840055094,8.8372280307655,2025.0112326187,2025.08943298848,10180000
421,128,0.206164641577341,8.06745266406243,5.95425403813729,8.585950984,9.799287583,9.04339267234284,8.8372280307655,2025.0112326187,2025.21739726027,10180000
422,129,0.530703997819117,6.85480588426836,3.89922376765976,6.866833273,3.92515942,9.44613239837006,8.91542840055094,2025.08943298848,2025.6201369863,10180000
422,130,0.52796427179176,6.85480588426836,3.89922376765976,7.351609527,3.884276367,9.4433926723427,8.91542840055094,2025.08943298848,2025.61739726027,10180000
423,424,1.45456160564507,6.54990582762353,5.70277224378075,6.5454940824984,5.6261763266091,8.8347669606948,7.38020535504972,2023.55420994298,2025.00877154863,10180000
423,425,0.922014433336818,6.54990582762353,5.70277224378075,6.30910844322147,5.03435544435556,8.30221978838654,7.38020535504972,2023.55420994298,2024.47622437632,10180000
424,132,0.641502423976649,6.5454940824984,5.6261763266091,6.647616788,3.263105513,9.47626938467145,8.8347669606948,2025.00877154863,2025.6502739726,10180000
424,133,0.0195846157576534,6.5454940824984,5.6261763266091,6.533952219,5.623815048,8.85435157645245,8.8347669606948,2025.00877154863,2025.02835616438,10180000
425,426,0.0641105461456017,6.30910844322147,5.03435544435556,6.07082530875225,5.59379399523975,8.36633033453215,8.30221978838654,2024.47622437632,2024.54033492246,10180000
425,427,0.229607470798557,6.30910844322147,5.03435544435556,5.90212509177516,4.57844419679718,8.5318272591851,8.30221978838654,2024.47622437632,2024.70583184712,10180000
426,134,0.545555488495495,6.07082530875225,5.59379399523975,6.009790046,5.534829893,8.91188582302764,8.36633033453215,2024.54033492246,2025.08589041096,10180000
426,135,0.748295214522897,6.07082530875225,5.59379399523975,4.803838294,8.237700598,9.11462554905504,8.36633033453215,2024.54033492246,2025.28863013699,10180000
427,137,0.235025252966097,5.90212509177516,4.57844419679718,6.416140865,4.102834607,8.7668525121512,8.5318272591851,2024.70583184712,2024.94085710008,10180000
427,136,0.914305139184961,5.90212509177516,4.57844419679718,6.709238735,4.039163866,9.44613239837006,8.5318272591851,2024.70583184712,2025.6201369863,10180000
428,429,0.413521356950339,6.65705190595514,3.37563386225904,6.4945773183686,3.39690067350088,8.0938667668201,7.68034540986976,2023.8543499978,2024.26787135475,10180000
428,433,0.225511921966701,6.65705190595514,3.37563386225904,6.5835875987581,3.31423072189702,7.90585733183646,7.68034540986976,2023.8543499978,2024.07986191977,10180000
429,431,0.30162082388899,6.4945773183686,3.39690067350088,6.55878123236034,3.62088228973644,8.39548759070909,8.0938667668201,2024.26787135475,2024.56949217864,10180000
429,430,0.313732590009832,6.4945773183686,3.39690067350088,6.46443407503586,3.33434532789309,8.40759935682993,8.0938667668201,2024.26787135475,2024.58160394476,10180000
430,138,0.299143865703809,6.46443407503586,3.33434532789309,6.427547469,3.611848959,8.70674322253374,8.40759935682993,2024.58160394476,2024.88074781046,10180000
430,139,0.323734029638172,6.46443407503586,3.33434532789309,6.463341901,3.329591754,8.7313333864681,8.40759935682993,2024.58160394476,2024.9053379744,10180000
431,140,0.103605358600561,6.55878123236034,3.62088228973644,6.568260344,3.426646224,8.49909294930965,8.39548759070909,2024.56949217864,2024.67309753724,10180000
431,432,0.0411305666974906,6.55878123236034,3.62088228973644,6.63514978738687,3.47690475112733,8.43661815740658,8.39548759070909,2024.56949217864,2024.61062274534,10180000
432,142,0.215480256383955,6.63514978738687,3.47690475112733,4.845880491,7.099599403,8.65209841379053,8.43661815740658,2024.61062274534,2024.82610300172,10180000
432,141,0.0843327154003071,6.63514978738687,3.47690475112733,6.576004669,3.369413854,8.52095087280689,8.43661815740658,2024.61062274534,2024.69495546074,10180000
433,146,0.6123613005333,6.5835875987581,3.31423072189702,6.563061951,3.272423894,8.51821863236976,7.90585733183646,2024.07986191977,2024.6922232203,10180000
433,434,0.156330716206544,6.5835875987581,3.31423072189702,6.40405753023756,3.46995557789528,8.062188048043,7.90585733183646,2024.07986191977,2024.23619263597,10180000
434,143,0.573516923124545,6.40405753023756,3.46995557789528,6.110040129,5.466812794,8.63570497116755,8.062188048043,2024.23619263597,2024.8097095591,10180000
434,435,0.327163937599113,6.40405753023756,3.46995557789528,6.54271007804737,3.55219663561196,8.38935198564212,8.062188048043,2024.23619263597,2024.56335657357,10180000
435,145,0.0933475210445474,6.54271007804737,3.55219663561196,6.554369502,3.578705161,8.48269950668667,8.38935198564212,2024.56335657357,2024.65670409462,10180000
435,144,0.178046974596368,6.54271007804737,3.55219663561196,6.471191574,3.97778857,8.56739896023849,8.38935198564212,2024.56335657357,2024.74140354817,10180000
436,438,0.102690580255779,5.68318911324498,6.51657873339124,5.7684533077997,6.71024259874241,6.10133243683954,5.99864185658376,2022.17264644452,2022.27533702477,10180000
436,437,1.23591257934582,5.68318911324498,6.51657873339124,8.70452373559752,7.2522296495236,7.23455443592958,5.99864185658376,2022.17264644452,2023.40855902386,10180000
437,148,0.00609851038572407,8.70452373559752,7.2522296495236,8.63181881593769,7.25319792380315,7.2406529463153,7.23455443592958,2023.40855902386,2023.41465753425,10180000
437,147,0.00609851038572407,8.70452373559752,7.2522296495236,8.955335114,7.349371595,7.2406529463153,7.23455443592958,2023.40855902386,2023.41465753425,10180000
438,439,0.15558000080466,5.7684533077997,6.71024259874241,7.0388263586053,3.56442215691358,6.2569124376442,6.10133243683954,2022.27533702477,2022.43091702558,10180000
438,153,0.511923249201824,5.7684533077997,6.71024259874241,5.69612986293361,7.091621716678,6.61325568604136,6.10133243683954,2022.27533702477,2022.78726027397,10180000
439,440,0.0239505732064438,7.0388263586053,3.56442215691358,6.79467837501625,4.01750143328817,6.28086301085064,6.2569124376442,2022.43091702558,2022.45486759878,10180000
439,149,0.317987084013706,7.0388263586053,3.56442215691358,6.995846781,3.715972701,6.5748995216579,6.2569124376442,2022.43091702558,2022.74890410959,10180000
440,441,0.221235274266119,6.79467837501625,4.01750143328817,6.57026705487977,3.94603824155567,6.50209828511676,6.28086301085064,2022.45486759878,2022.67610287305,10180000
440,150,0.255680346423576,6.79467837501625,4.01750143328817,6.677244967,3.304128207,6.53654335727422,6.28086301085064,2022.45486759878,2022.71054794521,10180000
441,152,0.0508834283218289,6.57026705487977,3.94603824155567,6.55905383803897,3.96701710249782,6.55298171343859,6.50209828511676,2022.67610287305,2022.72698630137,10180000
441,151,0.333075209143733,6.57026705487977,3.94603824155567,9.149372877,7.488741366,6.8351734942605,6.50209828511676,2022.67610287305,2023.00917808219,10180000
442,448,0.0457638245941991,6.47319179052259,7.51001792737865,6.33230689066574,7.46340428159081,5.15553293281968,5.10976910822548,2021.28377369616,2021.32953752075,10180000
442,443,0.043139656520955,6.47319179052259,7.51001792737865,6.89185068701117,7.26520114179106,5.15290876474643,5.10976910822548,2021.28377369616,2021.32691335268,10180000
443,159,1.5124017158154,6.89185068701117,7.26520114179106,11.5886346,8.126551782,6.66531048056184,5.15290876474643,2021.32691335268,2022.83931506849,10180000
443,444,0.598010775310993,6.89185068701117,7.26520114179106,6.45079335185132,4.03183401325525,5.75091954005743,5.15290876474643,2021.32691335268,2021.92492412799,10180000
444,445,0.798551495692195,6.45079335185132,4.03183401325525,6.48909818081628,3.17498353430929,6.54947103574962,5.75091954005743,2021.92492412799,2022.72347562368,10180000
444,446,0.334830856186684,6.45079335185132,4.03183401325525,6.48545118222449,3.87499855994391,6.08575039624411,5.75091954005743,2021.92492412799,2022.25975498418,10180000
445,155,0.0226887598809262,6.48909818081628,3.17498353430929,6.62475756939816,3.3380312635361,6.57215979563055,6.54947103574962,2022.72347562368,2022.74616438356,10180000
445,154,0.00625040371632712,6.48909818081628,3.17498353430929,6.465378314,3.145944308,6.55572143946595,6.54947103574962,2022.72347562368,2022.7297260274,10180000
446,447,0.292770939406442,6.48545118222449,3.87499855994391,6.30853558328165,3.13263402099499,6.37852133565055,6.08575039624411,2022.25975498418,2022.55252592358,10180000
446,158,0.45079296103011,6.48545118222449,3.87499855994391,6.55707188329894,3.95048064263843,6.53654335727422,6.08575039624411,2022.25975498418,2022.71054794521,10180000
447,157,0.196378186007353,6.30853558328165,3.13263402099499,6.60564730995891,3.25995364062778,6.5748995216579,6.37852133565055,2022.55252592358,2022.74890410959,10180000
447,156,0.147063117514238,6.30853558328165,3.13263402099499,6.59587200146822,3.24747400044518,6.52558445316479,6.37852133565055,2022.55252592358,2022.6995890411,10180000
448,449,0.228381581232464,6.33230689066574,7.46340428159081,5.92351202471776,6.29685709248695,5.38391451405214,5.15553293281968,2021.32953752075,2021.55791910198,10180000
448,166,1.45772275322169,6.33230689066574,7.46340428159081,5.70076627120668,7.07851485571759,6.61325568604136,5.15553293281968,2021.32953752075,2022.78726027397,10180000
449,450,0.112522555656858,5.92351202471776,6.29685709248695,6.21350675750012,5.43229575927984,5.496437069709,5.38391451405214,2021.55791910198,2021.67044165764,10180000
449,160,1.27865624048234,5.92351202471776,6.29685709248695,8.6299744252119,8.71205491128992,6.66257075453448,5.38391451405214,2021.55791910198,2022.83657534247,10180000
450,452,0.868853394853709,6.21350675750012,5.43229575927984,8.75363709197566,8.3544894034433,6.36529046456271,5.496437069709,2021.67044165764,2022.53929505249,10180000
450,451,0.80839023591259,6.21350675750012,5.43229575927984,6.26508814171815,5.22432070370701,6.30482730562159,5.496437069709,2021.67044165764,2022.47883189355,10180000
451,161,0.022006920117128,6.26508814171815,5.22432070370701,6.47687635,5.236953881,6.32683422573872,6.30482730562159,2022.47883189355,2022.50083881367,10180000
451,162,0.100859768561655,6.26508814171815,5.22432070370701,6.107153142,7.83351068,6.40568707418324,6.30482730562159,2022.47883189355,2022.57969166211,10180000
452,453,2.17167959568946,8.75363709197566,8.3544894034433,9.89000529150564,8.90290282437322,8.53697006025217,6.36529046456271,2022.53929505249,2024.71097464818,10180000
452,163,0.245225495451298,8.75363709197566,8.3544894034433,8.61614032974524,8.69381474520744,6.610515960014,6.36529046456271,2022.53929505249,2022.78452054795,10180000
453,164,0.00583873605195362,9.89000529150564,8.90290282437322,9.877761724,8.896633524,8.54280879630412,8.53697006025217,2024.71097464818,2024.71681338424,10180000
453,165,0.0358933808607962,9.89000529150564,8.90290282437322,9.94473498,8.930196596,8.57286344111296,8.53697006025217,2024.71097464818,2024.74686802904,10180000
454,521,0.137169155941703,5.95405740058505,6.02846169781251,5.72202411252338,5.85302146108031,3.25838117285546,3.12121201691375,2019.29521660484,2019.43238576079,10180000
454,455,1.51318164458374,5.95405740058505,6.02846169781251,5.53812643317947,7.22407570489466,4.63439366149749,3.12121201691375,2019.29521660484,2020.80839824943,10180000
455,520,2.90504095901996,5.53812643317947,7.22407570489466,6.87189355331786,5.33424930582827,7.53943462051745,4.63439366149749,2020.80839824943,2023.71343920845,10180000
455,456,0.540450045110821,5.53812643317947,7.22407570489466,4.95628744599025,7.84943834850284,5.17484370660831,4.63439366149749,2020.80839824943,2021.34884829454,10180000
456,457,1.35019053497575,4.95628744599025,7.84943834850284,4.98996797419208,7.86710349329657,6.52503424158406,5.17484370660831,2021.34884829454,2022.69903882952,10180000
456,458,0.101263966592362,4.95628744599025,7.84943834850284,5.59578604536635,7.17113075679917,5.27610767320067,5.17484370660831,2021.34884829454,2021.45011226113,10180000
457,167,0.0635639102108625,4.98996797419208,7.86710349329657,4.99465363585982,7.89042723093642,6.58859815179492,6.52503424158406,2022.69903882952,2022.76260273973,10180000
457,168,0.323837882813453,4.98996797419208,7.86710349329657,5.006042991,7.760481318,6.84887212439751,6.52503424158406,2022.69903882952,2023.02287671233,10180000
458,459,0.0874816427570737,5.59578604536635,7.17113075679917,5.44148873015864,7.05076431263973,5.36358931595774,5.27610767320067,2021.45011226113,2021.53759390389,10180000
458,497,0.0592192005821621,5.59578604536635,7.17113075679917,5.87564764917176,7.21222456931118,5.33532687378283,5.27610767320067,2021.45011226113,2021.50933146171,10180000
459,472,0.0106310131023362,5.44148873015864,7.05076431263973,5.90573397360483,6.86765606500371,5.37422032906008,5.36358931595774,2021.53759390389,2021.54822491699,10180000
459,460,0.0290439098505573,5.44148873015864,7.05076431263973,5.55026411373654,7.11353679974816,5.3926332258083,5.36358931595774,2021.53759390389,2021.56663781374,10180000
460,461,1.03509137699367,5.55026411373654,7.11353679974816,6.31255496004201,5.87973155278628,6.42772460280197,5.3926332258083,2021.56663781374,2022.60172919073,10180000
460,462,0.594793354704626,5.55026411373654,7.11353679974816,5.60677818170084,6.8320912751213,5.98742658051293,5.3926332258083,2021.56663781374,2022.16143116844,10180000
461,170,0.100599576390173,6.31255496004201,5.87973155278628,6.61767802235952,3.32210815980728,6.52832417919215,6.42772460280197,2022.60172919073,2022.70232876712,10180000
461,169,0.0698778659850312,6.31255496004201,5.87973155278628,6.480097285,5.506270639,6.497602468787,6.42772460280197,2022.60172919073,2022.67160705672,10180000
462,469,0.0995902900812147,5.60677818170084,6.8320912751213,6.11682844376159,6.92507727712995,6.08701687059414,5.98742658051293,2022.16143116844,2022.26102145853,10180000
462,463,0.234642558233888,5.60677818170084,6.8320912751213,5.36815935898335,6.6873236530252,6.22206913874682,5.98742658051293,2022.16143116844,2022.39607372668,10180000
463,464,0.274274488186936,5.36815935898335,6.6873236530252,5.49804929394879,7.10640593536039,6.49634362693375,6.22206913874682,2022.39607372668,2022.67034821487,10180000
463,465,0.0960388833696642,5.36815935898335,6.6873236530252,5.22443808117048,6.69801233820615,6.31810802211648,6.22206913874682,2022.39607372668,2022.49211261005,10180000
464,172,0.0675969906144958,5.49804929394879,7.10640593536039,5.57148120653337,7.48583688608727,6.56394061754825,6.49634362693375,2022.67034821487,2022.73794520548,10180000
464,171,0.0675969906144958,5.49804929394879,7.10640593536039,6.322872995,6.644396221,6.56394061754825,6.49634362693375,2022.67034821487,2022.73794520548,10180000
465,173,0.223914787212681,5.22443808117048,6.69801233820615,8.172972181,6.460380824,6.54202280932916,6.31810802211648,2022.49211261005,2022.71602739726,10180000
465,466,0.0100244750174712,5.22443808117048,6.69801233820615,5.49846271586304,7.03443969913868,6.32813249713395,6.31810802211648,2022.49211261005,2022.50213708507,10180000
466,174,0.200191682058196,5.49846271586304,7.03443969913868,5.621768969,7.36548272,6.52832417919215,6.32813249713395,2022.50213708507,2022.70232876712,10180000
466,467,0.0721704560456118,5.49846271586304,7.03443969913868,5.49085987073166,7.0210904352964,6.40030295317956,6.32813249713395,2022.50213708507,2022.57430754111,10180000
467,177,0.432130815053575,5.49085987073166,7.0210904352964,5.267755059,7.390576791,6.83243376823314,6.40030295317956,2022.57430754111,2023.00643835616,10180000
467,468,0.110875461996674,5.49085987073166,7.0210904352964,5.50710074921046,7.25941669912507,6.51117841517624,6.40030295317956,2022.57430754111,2022.68518300311,10180000
468,175,0.0500224763446537,5.50710074921046,7.25941669912507,4.98313857,8.042386328,6.56120089152089,6.51117841517624,2022.68518300311,2022.73520547945,10180000
468,176,0.033584120180282,5.50710074921046,7.25941669912507,5.44122688865836,7.4643473928293,6.54476253535652,6.51117841517624,2022.68518300311,2022.71876712329,10180000
469,471,0.0869818214411651,6.11682844376159,6.92507727712995,6.1250612153813,6.98764104522108,6.17399869203531,6.08701687059414,2022.26102145853,2022.34800327997,10180000
469,470,0.308489268669296,6.11682844376159,6.92507727712995,6.0036961823766,6.35602835442908,6.39550613926344,6.08701687059414,2022.26102145853,2022.56951072719,10180000
470,178,0.182133108421824,6.0036961823766,6.35602835442908,6.349187087,5.555974164,6.57763924768526,6.39550613926344,2022.56951072719,2022.75164383562,10180000
470,179,0.141037218010781,6.0036961823766,6.35602835442908,5.8080629806976,6.3213790318485,6.53654335727422,6.39550613926344,2022.56951072719,2022.71054794521,10180000
471,180,0.466654254280085,6.1250612153813,6.98764104522108,5.700965624,7.026958375,6.64065294631539,6.17399869203531,2022.34800327997,2022.81465753425,10180000
471,181,0.357065213184197,6.1250612153813,6.98764104522108,6.222807873,6.936898644,6.5310639052195,6.17399869203531,2022.34800327997,2022.70506849315,10180000
472,479,0.042981364813282,5.90573397360483,6.86765606500371,5.51288276914647,6.96837479704256,5.41720169387336,5.37422032906008,2021.54822491699,2021.5912062818,10180000
472,473,0.179707527915579,5.90573397360483,6.86765606500371,5.89732149658737,7.00821112228016,5.55392785697566,5.37422032906008,2021.54822491699,2021.72793244491,10180000
473,475,0.124577427060276,5.89732149658737,7.00821112228016,6.30570207626233,7.65357036380984,5.67850528403594,5.55392785697566,2021.72793244491,2021.85250987197,10180000
473,474,0.655760437900013,5.89732149658737,7.00821112228016,6.11933613627318,7.00006064129116,6.20968829487567,5.55392785697566,2021.72793244491,2022.38369288281,10180000
474,183,0.356992048699933,6.11933613627318,7.00006064129116,6.15300064878349,7.05532254361603,6.5666803435756,6.20968829487567,2022.38369288281,2022.74068493151,10180000
474,182,0.356992048699933,6.11933613627318,7.00006064129116,6.106516078,6.88355805,6.5666803435756,6.20968829487567,2022.38369288281,2022.74068493151,10180000
475,476,0.896088575448728,6.30570207626233,7.65357036380984,6.57420651670727,7.48481197967617,6.57459385948466,5.67850528403594,2021.85250987197,2022.74859844742,10180000
475,184,0.151188758169845,6.30570207626233,7.65357036380984,11.61211194,13.18175037,5.82969404220578,5.67850528403594,2021.85250987197,2022.00369863014,10180000
476,477,0.120116590806226,6.57420651670727,7.48481197967617,4.67829004503166,7.05762539111833,6.69471045029089,6.57459385948466,2022.74859844742,2022.86871503822,10180000
476,478,0.36269917236612,6.57420651670727,7.48481197967617,6.53482483111568,7.47072659673727,6.93729303185078,6.57459385948466,2022.74859844742,2023.11129761978,10180000
477,186,0.334983591914937,4.67829004503166,7.05762539111833,4.657387743,7.101247662,7.02969404220583,6.69471045029089,2022.86871503822,2023.20369863014,10180000
477,185,0.302106879586193,4.67829004503166,7.05762539111833,4.85940787880948,7.02096911781352,6.99681732987708,6.69471045029089,2022.86871503822,2023.17082191781,10180000
478,188,0.108839366519415,6.53482483111568,7.47072659673727,6.56158460372609,7.54951251796417,7.0461323983702,6.93729303185078,2023.11129761978,2023.2201369863,10180000
478,187,0.0321270377522711,6.53482483111568,7.47072659673727,6.55284912683907,7.51584699405943,6.96942006960305,6.93729303185078,2023.11129761978,2023.14342465753,10180000
479,481,0.0573914985160444,5.51288276914647,6.96837479704256,4.95086786929947,5.71873075894664,5.47459319238941,5.41720169387336,2021.5912062818,2021.64859778032,10180000
479,480,0.00714929228815375,5.51288276914647,6.96837479704256,5.53819547856415,7.22357605121625,5.42435098616152,5.41720169387336,2021.5912062818,2021.59835557409,10180000
480,190,1.12315127522236,5.53819547856415,7.22357605121625,5.65702141850881,7.09295998946783,6.54750226138388,5.42435098616152,2021.59835557409,2022.72150684932,10180000
480,189,1.120411549195,5.53819547856415,7.22357605121625,5.082738011,6.266082672,6.54476253535652,5.42435098616152,2021.59835557409,2022.71876712329,10180000
481,482,0.462034783650625,4.95086786929947,5.71873075894664,4.81959595291352,6.9534127032577,5.93662797604003,5.47459319238941,2021.64859778032,2022.11063256397,10180000
481,495,0.681781270153327,4.95086786929947,5.71873075894664,5.10089790810963,5.14861379016082,6.15637446254273,5.47459319238941,2021.64859778032,2022.33037905047,10180000
482,484,0.328150991239918,4.81959595291352,6.9534127032577,4.75150003645956,7.0495041635375,6.26477896727995,5.93662797604003,2022.11063256397,2022.43878355521,10180000
482,483,0.101048343169809,4.81959595291352,6.9534127032577,4.79212459199003,6.95263956005832,6.03767631920984,5.93662797604003,2022.11063256397,2022.21168090714,10180000
483,192,0.529004024365765,4.79212459199003,6.95263956005832,4.83212198985618,7.02292771324985,6.5666803435756,6.03767631920984,2022.21168090714,2022.74068493151,10180000
483,191,0.501606764091736,4.79212459199003,6.95263956005832,5.589557188,7.039195195,6.53928308330158,6.03767631920984,2022.21168090714,2022.71328767123,10180000
484,193,0.732038362597133,4.75150003645956,7.0495041635375,4.76744254495417,7.03840354155394,6.99681732987708,6.26477896727995,2022.43878355521,2023.17082191781,10180000
484,485,0.5263687041955,4.75150003645956,7.0495041635375,4.76826007008375,7.05061864448062,6.79114767147545,6.26477896727995,2022.43878355521,2022.96515225941,10180000
485,486,0.025780606794251,4.76826007008375,7.05061864448062,4.84187690643875,7.13612354191564,6.8169282782697,6.79114767147545,2022.96515225941,2022.9909328662,10180000
485,487,0.0169996005031927,4.76826007008375,7.05061864448062,4.94536016824945,7.01378248377362,6.80814727197864,6.79114767147545,2022.96515225941,2022.98215185991,10180000
486,194,0.303176722840283,4.84187690643875,7.13612354191564,5.44041520268132,7.07543673949369,7.12010500110998,6.8169282782697,2022.9909328662,2023.29410958904,10180000
486,195,0.149752065305996,4.84187690643875,7.13612354191564,4.768798222,7.165034126,6.9666803435757,6.8169282782697,2022.9909328662,2023.14068493151,10180000
487,204,0.161272797624411,4.94536016824945,7.01378248377362,6.55972886638982,7.52740258725866,6.96942006960305,6.80814727197864,2022.98215185991,2023.14342465753,10180000
487,488,0.0951845932837303,4.94536016824945,7.01378248377362,5.04618152130035,6.97465656989975,6.90333186526237,6.80814727197864,2022.98215185991,2023.07733645319,10180000
488,196,0.296225190642113,5.04618152130035,6.97465656989975,4.82999304432085,6.99888178933895,7.19955705590449,6.90333186526237,2023.07733645319,2023.37356164384,10180000
488,489,0.0798984746499838,5.04618152130035,6.97465656989975,5.04286894009254,6.9293570100339,6.98323033991236,6.90333186526237,2023.07733645319,2023.15723492784,10180000
489,197,0.0601623324304836,5.04286894009254,6.9293570100339,4.922993782,7.407889652,7.04339267234284,6.98323033991236,2023.15723492784,2023.21739726027,10180000
489,490,0.573948507824264,5.04286894009254,6.9293570100339,6.3125664879424,8.58349010360607,7.55717884773662,6.98323033991236,2023.15723492784,2023.73118343567,10180000
490,492,0.151917072544772,6.3125664879424,8.58349010360607,6.47985470559839,8.6647222795938,7.70909592028139,7.55717884773662,2023.73118343567,2023.88310050821,10180000
490,491,1.41501341401606,6.3125664879424,8.58349010360607,6.26343852876462,8.30808514174716,8.97219226175268,7.55717884773662,2023.73118343567,2025.14619684968,10180000
491,198,0.00544698593244342,6.26343852876462,8.30808514174716,6.292262112,8.290217732,8.97763924768513,8.97219226175268,2025.14619684968,2025.15164383562,10180000
491,199,0.00544698593244342,6.26343852876462,8.30808514174716,6.269888552,8.19591129,8.97763924768513,8.97219226175268,2025.14619684968,2025.15164383562,10180000
492,200,0.95119921482052,6.47985470559839,8.6647222795938,6.582011961,3.358011172,8.66029513510191,7.70909592028139,2023.88310050821,2024.83429972303,10180000
492,493,0.373612090336957,6.47985470559839,8.6647222795938,8.05645310999424,8.52860825351894,8.08270801061835,7.70909592028139,2023.88310050821,2024.25671259855,10180000
493,203,0.569390403172184,8.05645310999424,8.52860825351894,8.997020883,11.37060859,8.65209841379053,8.08270801061835,2024.25671259855,2024.82610300172,10180000
493,494,0.544720463156884,8.05645310999424,8.52860825351894,7.97073074531465,9.75230406633096,8.62742847377523,8.08270801061835,2024.25671259855,2024.80143306171,10180000
494,201,0.0465278635125361,7.97073074531465,9.75230406633096,8.000942201,9.698935408,8.67395633728777,8.62742847377523,2024.80143306171,2024.84796092522,10180000
494,202,0.0465278635125361,7.97073074531465,9.75230406633096,8.210537752,10.29131334,8.67395633728777,8.62742847377523,2024.80143306171,2024.84796092522,10180000
495,205,0.369209990622057,5.10089790810963,5.14861379016082,9.722113628,8.793110841,6.52558445316479,6.15637446254273,2022.33037905047,2022.6995890411,10180000
495,496,0.298799874746281,5.10089790810963,5.14861379016082,6.15818363268636,7.11332209535518,6.45517433728901,6.15637446254273,2022.33037905047,2022.62917892522,10180000
496,207,0.0704101158757755,6.15818363268636,7.11332209535518,6.20126335182673,7.04849198028946,6.52558445316479,6.45517433728901,2022.62917892522,2022.6995890411,10180000
496,206,0.158081348752349,6.15818363268636,7.11332209535518,5.65325684233248,7.05764199207082,6.61325568604136,6.45517433728901,2022.62917892522,2022.78726027397,10180000
497,231,1.30532607253256,5.87564764917176,7.21222456931118,5.4359106146824,7.10666205480027,6.64065294631539,5.33532687378283,2021.50933146171,2022.81465753425,10180000
497,498,0.0854771144869506,5.87564764917176,7.21222456931118,5.72937736052528,7.23679201886321,5.42080398826978,5.33532687378283,2021.50933146171,2021.5948085762,10180000
498,499,0.302991870511192,5.72937736052528,7.23679201886321,5.1470168402387,7.6095215954301,5.72379585878097,5.42080398826978,2021.5948085762,2021.89780044671,10180000
498,515,0.0018949279176681,5.72937736052528,7.23679201886321,5.71274076142003,7.24557879197234,5.42269891618745,5.42080398826978,2021.5948085762,2021.59670350412,10180000
499,500,0.3364646624767,5.1470168402387,7.6095215954301,5.31594480023039,8.11674772806862,6.06026052125767,5.72379585878097,2021.89780044671,2022.23426510919,10180000
499,507,0.64942047093047,5.1470168402387,7.6095215954301,5.03539759925488,6.43422966105738,6.37321632971145,5.72379585878097,2021.89780044671,2022.54722091764,10180000
500,502,0.234014845669336,5.31594480023039,8.11674772806862,6.58748006270703,7.88866755205152,6.29427536692701,6.06026052125767,2022.23426510919,2022.46827995486,10180000
500,501,0.371918550571943,5.31594480023039,8.11674772806862,8.88378589793078,7.58360554206091,6.43217907182962,6.06026052125767,2022.23426510919,2022.60618365976,10180000
501,209,0.597514970376208,8.88378589793078,7.58360554206091,9.242744858,7.230861128,7.02969404220583,6.43217907182962,2022.60618365976,2023.20369863014,10180000
501,208,0.123542367636331,8.88378589793078,7.58360554206091,8.61890448412143,7.22441580227025,6.55572143946595,6.43217907182962,2022.60618365976,2022.7297260274,10180000
502,503,0.0439237840314455,6.58748006270703,7.88866755205152,6.46205399107345,7.81749802611845,6.33819915095846,6.29427536692701,2022.46827995486,2022.51220373889,10180000
502,215,0.445272190312145,6.58748006270703,7.88866755205152,6.22782918133723,8.18587985730566,6.73954755723916,6.29427536692701,2022.46827995486,2022.91355214517,10180000
503,506,0.0565216625941152,6.46205399107345,7.81749802611845,6.35173085730922,7.35480493231687,6.39472081355257,6.33819915095846,2022.51220373889,2022.56872540148,10180000
503,504,0.193005232882792,6.46205399107345,7.81749802611845,6.5759514755098,7.64220611931333,6.53120438384125,6.33819915095846,2022.51220373889,2022.70520897177,10180000
504,505,0.082004328551994,6.5759514755098,7.64220611931333,5.4537524525096,7.08160545429053,6.61320871239324,6.53120438384125,2022.70520897177,2022.78721330032,10180000
504,212,0.0573937679536707,6.5759514755098,7.64220611931333,6.447262288,7.537164028,6.58859815179492,6.53120438384125,2022.70520897177,2022.76260273973,10180000
505,211,0.00826615173042011,5.4537524525096,7.08160545429053,5.45369540850292,7.08168088512836,6.62147486412366,6.61320871239324,2022.78721330032,2022.79547945205,10180000
505,210,0.0274442339221492,5.4537524525096,7.08160545429053,5.44200786366314,7.11341720693658,6.64065294631539,6.61320871239324,2022.78721330032,2022.81465753425,10180000
506,213,0.171959530023034,6.35173085730922,7.35480493231687,6.17774195178853,7.07084803630895,6.5666803435756,6.39472081355257,2022.56872540148,2022.74068493151,10180000
506,214,0.161000625913377,6.35173085730922,7.35480493231687,6.466287256,3.324291154,6.55572143946595,6.39472081355257,2022.56872540148,2022.7297260274,10180000
507,508,0.110157522401696,5.03539759925488,6.43422966105738,5.27435566962884,6.30329955168296,6.48337385211314,6.37321632971145,2022.54722091764,2022.65737844004,10180000
507,512,0.0976374095281432,5.03539759925488,6.43422966105738,5.06242919017484,6.38715858347703,6.47085373923959,6.37321632971145,2022.54722091764,2022.64485832717,10180000
508,220,0.543580464065328,5.27435566962884,6.30329955168296,5.10557401304834,6.38846806268375,7.02695431617847,6.48337385211314,2022.65737844004,2023.20095890411,10180000
508,509,0.0553679406530763,5.27435566962884,6.30329955168296,5.11462074642186,6.3808777707669,6.53874179276622,6.48337385211314,2022.65737844004,2022.7127463807,10180000
509,510,0.0527267323380975,5.11462074642186,6.3808777707669,5.02410804721262,6.29100560974208,6.59146852510431,6.53874179276622,2022.7127463807,2022.76547311304,10180000
509,216,0.0936919754668755,5.11462074642186,6.3808777707669,5.10223403237068,6.37671783884953,6.63243376823309,6.53874179276622,2022.7127463807,2022.80643835616,10180000
510,219,0.0574035992931496,5.02410804721262,6.29100560974208,5.05592843523531,6.40299688079582,6.64887212439746,6.59146852510431,2022.76547311304,2022.82287671233,10180000
510,511,1.73344373150774,5.02410804721262,6.29100560974208,6.40048428908002,4.69774188378035,8.32491225661205,6.59146852510431,2022.76547311304,2024.49891684454,10180000
511,217,0.237022222752178,6.40048428908002,4.69774188378035,6.550122104,3.73633883,8.56193447936423,8.32491225661205,2024.49891684454,2024.7359390673,10180000
511,218,0.338115118926983,6.40048428908002,4.69774188378035,6.14066916,5.466616947,8.66302737553904,8.32491225661205,2024.49891684454,2024.83703196347,10180000
512,221,0.123223864610046,5.06242919017484,6.38715858347703,5.100664102,7.359676856,6.59407760384963,6.47085373923959,2022.64485832717,2022.76808219178,10180000
512,513,0.0111143835384255,5.06242919017484,6.38715858347703,5.07496527035805,6.38096406064818,6.48196812277801,6.47085373923959,2022.64485832717,2022.65597271071,10180000
513,224,0.17512317970175,5.07496527035805,6.38096406064818,5.08020016544608,6.4090222721928,6.65709130247976,6.48196812277801,2022.65597271071,2022.83109589041,10180000
513,514,0.286462219732913,5.07496527035805,6.38096406064818,5.06774440478158,6.3716485785246,6.76843034251093,6.48196812277801,2022.65597271071,2022.94243493044,10180000
514,222,0.0448253435304822,5.06774440478158,6.3716485785246,4.919525485,6.317858753,6.81325568604141,6.76843034251093,2022.94243493044,2022.98726027397,10180000
514,223,0.0448253435304822,5.06774440478158,6.3716485785246,5.0645435672418,6.39000039079143,6.81325568604141,6.76843034251093,2022.94243493044,2022.98726027397,10180000
515,516,0.819869924105046,5.71274076142003,7.24557879197234,5.77436659337645,7.31018667249454,6.2425688402925,5.42269891618745,2021.59670350412,2022.41657342822,10180000
515,225,1.15220060547045,5.71274076142003,7.24557879197234,8.64554277305017,7.22097023539824,6.5748995216579,5.42269891618745,2021.59670350412,2022.74890410959,10180000
516,517,0.124148839342948,5.77436659337645,7.31018667249454,7.50353103449476,8.79883348455362,6.36671767963544,6.2425688402925,2022.41657342822,2022.54072226757,10180000
516,230,0.420001914241981,5.77436659337645,7.31018667249454,5.55060060071165,7.4891949953522,6.66257075453448,6.2425688402925,2022.41657342822,2022.83657534247,10180000
517,518,0.169239216049176,7.50353103449476,8.79883348455362,10.7588618836323,12.1807541573269,6.53595689568462,6.36671767963544,2022.54072226757,2022.70996148362,10180000
517,226,0.172565403666132,7.50353103449476,8.79883348455362,10.36693632,7.240849757,6.53928308330158,6.36671767963544,2022.54072226757,2022.71328767123,10180000
518,519,0.165742336726014,10.7588618836323,12.1807541573269,12.4915472305294,13.4158043184879,6.70169923241063,6.53595689568462,2022.70996148362,2022.87570382034,10180000
518,229,0.28551796843886,10.7588618836323,12.1807541573269,10.67137428,12.16290959,6.82147486412348,6.53595689568462,2022.70996148362,2022.99547945205,10180000
519,228,0.147172891986875,12.4915472305294,13.4158043184879,12.50059372,13.42388971,6.84887212439751,6.70169923241063,2022.87570382034,2023.02287671233,10180000
519,227,0.147172891986875,12.4915472305294,13.4158043184879,12.48460174,13.55802538,6.84887212439751,6.70169923241063,2022.87570382034,2023.02287671233,10180000
520,233,1.11266379327309,6.87189355331786,5.33424930582827,6.720152886,5.672111246,8.65209841379053,7.53943462051745,2023.71343920845,2024.82610300172,10180000
520,232,1.07987690802712,6.87189355331786,5.33424930582827,6.64334188,3.307195537,8.61931152854456,7.53943462051745,2023.71343920845,2024.79331611648,10180000
521,527,0.148530898208627,5.72202411252338,5.85302146108031,5.65695385489377,5.96053696521567,3.40691207106408,3.25838117285546,2019.43238576079,2019.580916659,10180000
521,522,0.0849227524422531,5.72202411252338,5.85302146108031,5.82216831423858,5.41844844937365,3.34330392529771,3.25838117285546,2019.43238576079,2019.51730851323,10180000
522,523,2.56016683439469,5.82216831423858,5.41844844937365,8.93977465902127,6.74804664008044,5.9034707596924,3.34330392529771,2019.51730851323,2022.07747534762,10180000
522,525,0.173370237815047,5.82216831423858,5.41844844937365,5.23709075140384,6.5922616395207,3.51667416311276,3.34330392529771,2019.51730851323,2019.69067875104,10180000
523,234,0.693346570184594,8.93977465902127,6.74804664008044,10.3125517,11.24003821,6.59681732987699,5.9034707596924,2022.07747534762,2022.77082191781,10180000
523,524,0.365362545122675,8.93977465902127,6.74804664008044,10.4768562192639,7.43305813771834,6.26883330481507,5.9034707596924,2022.07747534762,2022.44283789275,10180000
524,236,0.262230600404432,10.4768562192639,7.43305813771834,6.626146596,3.558454994,6.5310639052195,6.26883330481507,2022.44283789275,2022.70506849315,10180000
524,235,0.388257997664691,10.4768562192639,7.43305813771834,10.47393916,7.422688743,6.65709130247976,6.26883330481507,2022.44283789275,2022.83109589041,10180000
525,239,3.09110207087389,5.23709075140384,6.5922616395207,5.974502546,7.046810505,6.60777623398665,3.51667416311276,2019.69067875104,2022.78178082192,10180000
525,526,0.15030489431788,5.23709075140384,6.5922616395207,5.4442467707808,7.07068035241572,3.66697905743064,3.51667416311276,2019.69067875104,2019.84098364536,10180000
526,237,0.121619094364101,5.4442467707808,7.07068035241572,5.41700818659331,7.10197401131848,3.78859815179474,3.66697905743064,2019.84098364536,2019.96260273973,10180000
526,238,0.121619094364101,5.4442467707808,7.07068035241572,5.444434148929,7.07760416083801,3.78859815179474,3.66697905743064,2019.84098364536,2019.96260273973,10180000
527,533,2.37949415932685,5.65695385489377,5.96053696521567,4.95894692531954,6.89437587486623,5.78640623039093,3.40691207106408,2019.580916659,2021.96041081832,10180000
527,528,0.505761646448081,5.65695385489377,5.96053696521567,5.89626925596668,5.42071063217125,3.91267371751216,3.40691207106408,2019.580916659,2020.08667830544,10180000
528,529,1.97071962151004,5.89626925596668,5.42071063217125,7.48579750281042,6.09198468301997,5.8833933390222,3.91267371751216,2020.08667830544,2022.05739792695,10180000
528,245,2.67044498222781,5.89626925596668,5.42071063217125,4.72947353743408,7.01981707580362,6.58311869973998,3.91267371751216,2020.08667830544,2022.75712328767,10180000
529,530,0.00149290847744243,7.48579750281042,6.09198468301997,7.4492322125081,6.10547492916658,5.88488624749964,5.8833933390222,2022.05739792695,2022.05889083543,10180000
529,244,0.680547278526047,7.48579750281042,6.09198468301997,8.64098667860844,7.24158762445779,6.56394061754825,5.8833933390222,2022.05739792695,2022.73794520548,10180000
530,531,0.206744591464461,7.4492322125081,6.10547492916658,6.30384680743498,6.54760127234713,6.0916308389641,5.88488624749964,2022.05889083543,2022.2656354269,10180000
530,243,0.761246150870463,7.4492322125081,6.10547492916658,6.23406985054846,5.49884926766215,6.64613239837011,5.88488624749964,2022.05889083543,2022.8201369863,10180000
531,532,0.248727666813556,6.30384680743498,6.54760127234713,6.27130435562158,6.72214368597498,6.34035850577766,6.0916308389641,2022.2656354269,2022.51436309371,10180000
531,242,0.549022107351287,6.30384680743498,6.54760127234713,5.46566544317295,7.0994465781307,6.64065294631539,6.0916308389641,2022.2656354269,2022.81465753425,10180000
532,241,0.503034166565134,6.27130435562158,6.72214368597498,7.778677707,6.355657351,6.8433926723428,6.34035850577766,2022.51436309371,2023.01739726027,10180000
532,240,0.248239646017258,6.27130435562158,6.72214368597498,7.281629961,4.957896121,6.58859815179492,6.34035850577766,2022.51436309371,2022.76260273973,10180000
533,540,0.200375049990305,4.95894692531954,6.89437587486623,5.70332255045366,6.17251821013862,5.98678128038124,5.78640623039093,2021.96041081832,2022.16078586831,10180000
533,534,0.023031909882044,4.95894692531954,6.89437587486623,4.99875387151446,6.83207488406665,5.80943814027297,5.78640623039093,2021.96041081832,2021.9834427282,10180000
534,246,0.759981929329988,4.99875387151446,6.83207488406665,5.06725339347291,6.36172165567661,6.56942006960296,5.80943814027297,2021.9834427282,2022.74342465753,10180000
534,535,0.238563471744208,4.99875387151446,6.83207488406665,5.05496783917482,6.84357766634249,6.04800161201718,5.80943814027297,2021.9834427282,2022.22200619995,10180000
535,247,0.562514347996823,5.05496783917482,6.84357766634249,5.0965939165129,6.37529838404448,6.610515960014,6.04800161201718,2022.22200619995,2022.78452054795,10180000
535,536,0.157139606708363,5.05496783917482,6.84357766634249,4.86017832631294,7.5388228950224,6.20514121872555,6.04800161201718,2022.22200619995,2022.37914580666,10180000
536,538,0.197040029916532,4.86017832631294,7.5388228950224,5.28829071951384,6.71278585164641,6.40218124864208,6.20514121872555,2022.37914580666,2022.57618583657,10180000
536,537,0.152564279416443,4.86017832631294,7.5388228950224,4.80490707487234,7.19495346369854,6.35770549814199,6.20514121872555,2022.37914580666,2022.53171008607,10180000
537,249,0.25007073584466,4.80490707487234,7.19495346369854,4.75947291730581,7.01750275337183,6.60777623398665,6.35770549814199,2022.53171008607,2022.78178082192,10180000
537,248,0.176098133104873,4.80490707487234,7.19495346369854,8.434971648,4.692654052,6.53380363124686,6.35770549814199,2022.53171008607,2022.70780821918,10180000
538,539,0.0613954109388226,5.28829071951384,6.71278585164641,5.55659990695657,6.16390582693851,6.4635766595809,6.40218124864208,2022.57618583657,2022.63758124751,10180000
538,252,0.139841560687084,5.28829071951384,6.71278585164641,6.23507325165006,8.18040028462559,6.54202280932916,6.40218124864208,2022.57618583657,2022.71602739726,10180000
539,250,0.105843410022063,5.55659990695657,6.16390582693851,5.05682537527015,6.38713829633175,6.56942006960296,6.4635766595809,2022.63758124751,2022.74342465753,10180000
539,251,0.100363957967348,5.55659990695657,6.16390582693851,8.63224933034967,7.2104667054519,6.56394061754825,6.4635766595809,2022.63758124751,2022.73794520548,10180000
540,260,0.549762076892984,5.70332255045366,6.17251821013862,5.82090230175957,6.32084275800891,6.53654335727422,5.98678128038124,2022.16078586831,2022.71054794521,10180000
540,541,0.248709626943513,5.70332255045366,6.17251821013862,5.86988100110693,7.05814373565133,6.23549090732475,5.98678128038124,2022.16078586831,2022.40949549526,10180000
541,542,0.157690967802763,5.86988100110693,7.05814373565133,5.99109778703676,7.28240937363886,6.39318187512751,6.23549090732475,2022.40949549526,2022.56718646306,10180000
541,543,0.0136875001974057,5.86988100110693,7.05814373565133,5.82239688044584,6.99435503497611,6.24917840752215,6.23549090732475,2022.40949549526,2022.42318299545,10180000
542,253,0.159799838311079,5.99109778703676,7.28240937363886,6.15670205363558,7.07802290450664,6.55298171343859,6.39318187512751,2022.56718646306,2022.72698630137,10180000
542,254,0.252950523242595,5.99109778703676,7.28240937363886,7.169734803,3.354048178,6.64613239837011,6.39318187512751,2022.56718646306,2022.8201369863,10180000
543,544,0.0485502061078606,5.82239688044584,6.99435503497611,5.56245013204956,7.50255326639913,6.29772861363002,6.24917840752215,2022.42318299545,2022.47173320156,10180000
543,546,0.126517417605383,5.82239688044584,6.99435503497611,6.29158855423579,6.82197548124255,6.37569582512754,6.24917840752215,2022.42318299545,2022.54970041306,10180000
544,257,0.293609264192261,5.56245013204956,7.50255326639913,4.86112433510127,7.00463515833488,6.59133787782228,6.29772861363002,2022.47173320156,2022.76534246575,10180000
544,545,0.267521334864628,5.56245013204956,7.50255326639913,4.53618277106891,8.14316992937381,6.56524994849464,6.29772861363002,2022.47173320156,2022.73925453643,10180000
545,255,0.00143039508096221,4.53618277106891,8.14316992937381,4.561946892,8.099085058,6.5666803435756,6.56524994849464,2022.73925453643,2022.74068493151,10180000
545,256,0.0315673813823483,4.53618277106891,8.14316992937381,4.779217326,8.251511671,6.59681732987699,6.56524994849464,2022.73925453643,2022.77082191781,10180000
546,259,0.114272189680924,6.29158855423579,6.82197548124255,6.58667397094924,3.22303684257858,6.48996801480846,6.37569582512754,2022.54970041306,2022.66397260274,10180000
546,258,0.114272189680924,6.29158855423579,6.82197548124255,6.092104813,6.68175597,6.48996801480846,6.37569582512754,2022.54970041306,2022.66397260274,10180000
547,550,0.18782452656582,5.66932184562754,6.72621046273884,5.06931420265663,6.37825269158041,2.16420039329641,1.97637586673059,2018.15038045466,2018.33820498123,10180000
547,548,0.179258242084027,5.66932184562754,6.72621046273884,6.20569027905628,6.87075239820008,2.15563410881461,1.97637586673059,2018.15038045466,2018.32963869675,10180000
548,549,0.708484841053007,6.20569027905628,6.87075239820008,6.23211261972975,6.26842086730724,2.86411894986762,2.15563410881461,2018.32963869675,2019.0381235378,10180000
548,263,0.871320207363857,6.20569027905628,6.87075239820008,6.15062679106254,6.48995494591614,3.02695431617847,2.15563410881461,2018.32963869675,2019.20095890411,10180000
549,261,0.447766873160111,6.23211261972975,6.26842086730724,6.13101954960268,6.50477543854592,3.31188582302773,2.86411894986762,2019.0381235378,2019.48589041096,10180000
549,262,0.488862763570927,6.23211261972975,6.26842086730724,6.39822095193852,7.51927445105334,3.35298171343855,2.86411894986762,2019.0381235378,2019.52698630137,10180000
550,554,0.779444290687485,5.06931420265663,6.37825269158041,6.10492772336867,6.50381077211164,2.94364468398389,2.16420039329641,2018.33820498123,2019.11764927192,10180000
550,551,0.00108135645317109,5.06931420265663,6.37825269158041,5.02090990675284,6.40297542806283,2.16528174974958,2.16420039329641,2018.33820498123,2018.33928633768,10180000
551,264,0.96304242944248,5.02090990675284,6.40297542806283,5.10334107846266,6.38192469929207,3.12832417919206,2.16528174974958,2018.33928633768,2019.30232876712,10180000
551,552,0.0891969785371938,5.02090990675284,6.40297542806283,5.12173869864897,6.33865462779788,2.25447872828677,2.16528174974958,2018.33928633768,2018.42848331622,10180000
552,553,0.224606670222993,5.12173869864897,6.33865462779788,5.36322304084231,6.35910765007207,2.47908539850976,2.25447872828677,2018.42848331622,2018.65308998644,10180000
552,265,0.605352300220396,5.12173869864897,6.33865462779788,5.10117122334064,6.37985530209661,2.85983102850717,2.25447872828677,2018.42848331622,2019.03383561644,10180000
553,267,0.649238780682293,5.36322304084231,6.35910765007207,5.0982606500937,6.4024383024465,3.12832417919206,2.47908539850976,2018.65308998644,2019.30232876712,10180000
553,266,1.11499220533987,5.36322304084231,6.35910765007207,7.35076235026819,3.91709056470398,3.59407760384963,2.47908539850976,2018.65308998644,2019.76808219178,10180000
554,268,0.17920004315345,6.10492772336867,6.50381077211164,6.11433322062848,6.50093296446756,3.12284472713734,2.94364468398389,2019.11764927192,2019.29684931507,10180000
554,269,0.291528810276695,6.10492772336867,6.50381077211164,6.11141349497179,6.48934046333524,3.23517349426059,2.94364468398389,2019.11764927192,2019.40917808219,10180000
555,556,0.210645518934626,5.91822558873288,7.78644844455897,6.38281733979486,7.49200832262542,1.46415811924718,1.25351260031255,2017.42751718824,2017.63816270718,10180000
555,270,0.556806679018271,5.91822558873288,7.78644844455897,7.68213996242136,8.53033028898356,1.81031927933082,1.25351260031255,2017.42751718824,2017.98432386726,10180000
556,272,0.157451291328344,6.38281733979486,7.49200832262542,6.38213856188375,7.52522630650438,1.62160941057552,1.46415811924718,2017.63816270718,2017.79561399851,10180000
556,271,0.118786851454324,6.38281733979486,7.49200832262542,6.39130590222237,7.51065100550796,1.5829449707015,1.46415811924718,2017.63816270718,2017.75694955863,10180000
557,284,0.561200093690092,4.96991707465248,6.29094957722149,4.75441865291279,7.00896569525062,1.59955705590435,1.03835696221426,2017.21236155015,2017.77356164384,10180000
557,558,0.446141712294269,4.96991707465248,6.29094957722149,5.31938445684195,6.10822317544081,1.48449867450853,1.03835696221426,2017.21236155015,2017.65850326244,10180000
558,273,0.151282657355058,5.31938445684195,6.10822317544081,6.73235950868322,6.20444720839448,1.63578133186358,1.48449867450853,2017.65850326244,2017.8097859198,10180000
558,559,0.162762198589043,5.31938445684195,6.10822317544081,5.08256629831813,6.3879436451392,1.64726087309757,1.48449867450853,2017.65850326244,2017.82126546103,10180000
559,560,1.00599424261598,5.08256629831813,6.3879436451392,5.10505080618732,5.8478231659407,2.65325511571355,1.64726087309757,2017.82126546103,2018.82725970364,10180000
559,274,0.000220301040649851,5.08256629831813,6.3879436451392,5.08269600882557,6.38672365575538,1.64748117413822,1.64726087309757,2017.82126546103,2017.82148576207,10180000
560,561,1.87795121137403,5.10505080618732,5.8478231659407,5.34825116086301,6.09264318211281,4.53120632708757,2.65325511571355,2018.82725970364,2020.70521091502,10180000
560,275,0.368219748409978,5.10505080618732,5.8478231659407,4.76634321131966,7.02777789360259,3.02147486412353,2.65325511571355,2018.82725970364,2019.19547945205,10180000
561,562,0.913181724931157,5.34825116086301,6.09264318211281,7.98101567282868,7.43962371861643,5.44438805201873,4.53120632708757,2020.70521091502,2021.61839263995,10180000
561,563,0.32797248875974,5.34825116086301,6.09264318211281,5.45625281463722,6.12537735330582,4.85917881584731,4.53120632708757,2020.70521091502,2021.03318340378,10180000
562,277,1.16064845594056,7.98101567282868,7.43962371861643,5.44177325150272,7.08856730211208,6.60503650795929,5.44438805201873,2021.61839263995,2022.77904109589,10180000
562,276,1.13599092169389,7.98101567282868,7.43962371861643,8.65991280630062,7.24626743491065,6.58037897371262,5.44438805201873,2021.61839263995,2022.75438356164,10180000
563,283,1.67188508937219,5.45625281463722,6.12537735330582,6.766053494,3.956264326,6.5310639052195,4.85917881584731,2021.03318340378,2022.70506849315,10180000
563,564,0.872825076776647,5.45625281463722,6.12537735330582,5.5396638889194,6.96506397925573,5.73200389262396,4.85917881584731,2021.03318340378,2021.90600848056,10180000
564,565,0.540541203615911,5.5396638889194,6.96506397925573,7.05386084865617,5.80274423325263,6.27254509623987,5.73200389262396,2021.90600848056,2022.44654968417,10180000
564,566,0.383865269294136,5.5396638889194,6.96506397925573,5.57826567742526,7.02838381665934,6.1158691619181,5.73200389262396,2021.90600848056,2022.28987374985,10180000
565,279,0.043053172297701,7.05386084865617,5.80274423325263,7.027560915,6.032394922,6.31559826853757,6.27254509623987,2022.44654968417,2022.48960285647,10180000
565,278,0.373587302130235,7.05386084865617,5.80274423325263,6.20301577615851,5.5318415470051,6.64613239837011,6.27254509623987,2022.44654968417,2022.8201369863,10180000
566,567,0.0694515059164456,5.57826567742526,7.02838381665934,5.54980127559214,7.4959940482075,6.18532066783454,6.1158691619181,2022.28987374985,2022.35932525577,10180000
566,282,0.694147094057285,5.57826567742526,7.02838381665934,5.0660186896832,6.36417722676655,6.81001625597538,6.1158691619181,2022.28987374985,2022.98402084391,10180000
567,281,0.0562759104356858,5.54980127559214,7.4959940482075,6.22244465618416,8.20434780298871,6.24159657827023,6.18532066783454,2022.35932525577,2022.4156011662,10180000
567,280,0.707387073001367,5.54980127559214,7.4959940482075,5.54041788216536,7.48901980514848,6.89270774083591,6.18532066783454,2022.35932525577,2023.06671232877,10180000
