parent,child,site,snp,dimer
Node1,Node2,99683,G->A,GT
Node1,Node2,136870,G->A,GA
Node1,Node2,181350,G->A,GC
Node2,Node3,3450,G->A,GA
Node2,Node3,38067,G->A,GC
Node2,Node3,46895,G->A,GT
Node2,Node3,48527,C->A,
Node2,Node3,53207,C->A,
Node2,Node3,105126,T->C,
Node2,Node3,137627,G->A,GT
Node2,Node3,141300,G->A,GA
Node2,Node3,146687,T->C,
Node2,Node3,160867,G->A,GT
Node2,Node3,167656,G->T,
Node2,Node3,171675,G->A,GA
Node3,Node4,8893,C->A,
Node3,Node4,48138,A->G,
Node3,Node4,92516,T->C,
Node3,Node4,100562,C->T,GC
Node3,Node4,133145,C->T,AC
Node3,Node4,141364,C->T,GC
Node3,Node4,142450,C->A,
Node4,Node6,47096,G->A,GC
Node6,VSP189_MPXV_Nigeria_Abia_2022-01-01,81462,G->A,GT
Node6,VSP189_MPXV_Nigeria_Abia_2022-01-01,105792,G->A,GT
Node6,VSP189_MPXV_Nigeria_Abia_2022-01-01,121247,G->T,
Node6,Node7,464,G->T,
Node6,Node7,2591,G->A,GA
Node6,Node7,14080,C->T,GC
Node6,Node7,159733,A->G,
Node7,MPOX-24-934|Imo|Nigeria|2024-10-12,25432,T->G,
Node7,MPOX-24-934|Imo|Nigeria|2024-10-12,95034,G->A,GC
Node7,MPOX-24-934|Imo|Nigeria|2024-10-12,151898,T->C,
Node4,Node9,18312,G->A,GA
Node4,Node9,19367,C->T,TC
Node4,Node9,33143,C->T,TC
Node4,Node9,66580,G->A,GA
Node4,Node9,80986,C->T,GC
Node4,Node9,128076,G->A,GA
Node4,Node9,149878,A->G,
Node4,Node9,178423,G->A,GA
Node9,Node12,37209,G->A,GA
Node9,Node12,48180,G->A,GA
Node12,Node14,17797,G->A,GA
Node12,Node14,117119,C->T,TC
Node12,Node14,161496,G->A,GA
Node12,Node14,165497,C->T,TC
Node14,OP535322|Edo|Nigeria|2017-10,2398,G->A,GA
Node14,OP535322|Edo|Nigeria|2017-10,47585,C->T,TC
Node14,OP535322|Edo|Nigeria|2017-10,135038,C->T,TC
Node14,OP535338|Akwa-Ibom|Nigeria|2017-10,10471,G->T,
Node14,OP535338|Akwa-Ibom|Nigeria|2017-10,69627,C->T,TC
Node14,OP535338|Akwa-Ibom|Nigeria|2017-10,72231,C->T,TC
Node14,OP535338|Akwa-Ibom|Nigeria|2017-10,97984,G->A,GA
Node14,OP535338|Akwa-Ibom|Nigeria|2017-10,106378,G->A,GG
Node12,Node17,8385,C->T,TC
Node12,Node17,43118,G->A,GA
Node12,Node17,113841,C->T,TC
Node12,Node17,146607,C->T,TC
Node17,OP535325|Unknown|Nigeria|2018-06,6690,T->G,
Node17,OP535325|Unknown|Nigeria|2018-06,6712,A->C,
Node17,OP535325|Unknown|Nigeria|2018-06,6745,A->T,
Node17,OP535327|Rivers|Nigeria|2018-03,6706,T->G,
Node17,Node21,29889,G->A,GA
Node21,Node22,28164,C->T,TC
Node21,Node22,87027,C->T,GC
Node21,Node22,121454,G->A,GA
Node22,Node23,3531,G->A,GA
Node22,Node23,151621,T->G,
Node23,OP612675|Bayelsa|Nigeria|2019-01-30,4676,T->C,
Node22,OP612678|Rivers|Nigeria|2019-11-02,46685,G->A,GA
Node22,OP612678|Rivers|Nigeria|2019-11-02,144659,G->A,GA
Node22,OP612678|Rivers|Nigeria|2019-11-02,165688,G->A,GT
Node21,Node24,40251,C->T,TC
Node21,Node24,63801,C->T,TC
Node21,Node24,162243,G->A,GA
Node24,OP612680|Lagos|Nigeria|2019-04-01,63264,C->T,TC
Node24,OP612680|Lagos|Nigeria|2019-04-01,104748,T->C,
Node24,OP612684|Lagos|Nigeria|2019-05-10,92830,C->T,TC
Node24,OP612684|Lagos|Nigeria|2019-05-10,180656,G->A,GA
Node24,OP612684|Lagos|Nigeria|2019-05-10,186423,G->A,GA
Node12,Node15,3477,G->A,GA
Node12,Node15,98046,C->T,TC
Node12,Node15,172965,C->T,TC
Node15,OP535337|Bayelsa|Nigeria|2017-10,767,C->T,TC
Node15,OP535337|Bayelsa|Nigeria|2017-10,21991,G->A,GA
Node15,OP535337|Bayelsa|Nigeria|2017-10,51364,C->T,TC
Node15,OP535337|Bayelsa|Nigeria|2017-10,52483,G->A,GA
Node15,Node16,174056,G->A,GA
Node16,OP535341|Bayelsa|Nigeria|2017-10,22179,C->T,TC
Node16,MK783030|Rivers|Nigeria|2017-11-30,120237,C->T,TC
Node16,MK783030|Rivers|Nigeria|2017-11-30,127906,C->T,TC
Node16,MK783030|Rivers|Nigeria|2017-11-30,149775,G->A,GA
Node9,Node291,23353,C->T,TC
Node9,Node291,27971,T->C,
Node9,Node291,51809,C->T,TC
Node9,Node291,61844,G->A,GA
Node9,Node291,69678,G->A,GA
Node9,Node291,84008,C->T,TC
Node9,Node291,96841,G->A,GA
Node9,Node291,100971,C->T,TC
Node9,Node291,125492,C->T,TC
Node9,Node291,128174,C->T,TC
Node9,Node291,134078,C->T,TC
Node9,Node291,151050,C->T,TC
Node9,Node291,188889,G->A,GA
Node291,Node292,56968,G->A,GA
Node291,Node292,187428,C->T,TC
Node292,Node294,27971,C->T,CC
Node292,Node294,92053,C->T,TC
Node292,Node294,123000,C->T,TC
Node292,Node294,146052,C->T,TC
Node292,Node294,150831,C->T,TC
Node292,Node294,151305,C->T,TC
Node294,OP612677|Rivers|Nigeria|2019-03-12,56351,C->T,TC
Node294,OP612677|Rivers|Nigeria|2019-03-12,74032,G->A,GC
Node294,OP612677|Rivers|Nigeria|2019-03-12,190782,G->A,GA
Node294,Node295,18908,C->T,TC
Node294,Node295,36901,G->A,GA
Node294,Node295,75099,G->A,GA
Node294,Node295,75144,G->A,GA
Node294,Node295,115332,G->A,GA
Node294,Node295,122627,G->A,GT
Node294,Node295,168862,G->A,GA
Node294,Node295,174491,G->A,GA
Node294,Node295,176366,G->A,GG
Node294,Node295,177703,C->T,TC
Node295,Node296,18493,C->T,TC
Node295,Node296,21898,G->A,GA
Node295,Node296,25254,C->T,TC
Node295,Node296,29199,C->T,TC
Node295,Node296,44085,G->A,GA
Node295,Node296,76509,G->A,GA
Node295,Node296,87659,C->T,TC
Node295,Node296,115572,C->T,TC
Node295,Node296,140739,C->T,TC
Node295,Node296,151519,G->T,
Node295,Node296,151875,G->A,GA
Node295,Node296,160008,C->T,TC
Node295,Node296,160312,C->T,TC
Node296,PP852984|TRM281|Imo|Nigeria|2022-10-11,10725,C->T,AC
Node296,PP852984|TRM281|Imo|Nigeria|2022-10-11,24218,G->A,GA
Node296,PP852984|TRM281|Imo|Nigeria|2022-10-11,52033,C->T,TC
Node296,PP852984|TRM281|Imo|Nigeria|2022-10-11,69988,C->T,TC
Node296,PP852984|TRM281|Imo|Nigeria|2022-10-11,75614,G->A,GA
Node296,PP852984|TRM281|Imo|Nigeria|2022-10-11,77094,C->T,TC
Node296,PP852984|TRM281|Imo|Nigeria|2022-10-11,83363,C->T,TC
Node296,PP852984|TRM281|Imo|Nigeria|2022-10-11,104840,C->T,TC
Node296,PP852984|TRM281|Imo|Nigeria|2022-10-11,154098,G->A,GA
Node296,PP852984|TRM281|Imo|Nigeria|2022-10-11,154538,C->T,TC
Node296,PP852984|TRM281|Imo|Nigeria|2022-10-11,172709,C->T,TC
Node296,PP852984|TRM281|Imo|Nigeria|2022-10-11,178976,G->A,GG
Node296,PP853002|TRM308|FCT|Nigeria|2022-10-02,2930,C->T,TC
Node296,PP853002|TRM308|FCT|Nigeria|2022-10-02,23626,G->A,GA
Node296,PP853002|TRM308|FCT|Nigeria|2022-10-02,32440,C->T,GC
Node296,PP853002|TRM308|FCT|Nigeria|2022-10-02,63034,G->A,GA
Node296,PP853002|TRM308|FCT|Nigeria|2022-10-02,128771,C->T,TC
Node296,PP853002|TRM308|FCT|Nigeria|2022-10-02,145839,G->T,
Node296,PP853002|TRM308|FCT|Nigeria|2022-10-02,165130,G->A,GA
Node296,PP853002|TRM308|FCT|Nigeria|2022-10-02,176289,G->A,GC
Node296,PP853002|TRM308|FCT|Nigeria|2022-10-02,179610,C->T,TC
Node295,Node297,30145,C->T,TC
Node295,Node297,145285,C->T,TC
Node297,Node298,7527,G->A,GA
Node297,Node298,81503,G->A,GA
Node297,Node298,107090,C->T,TC
Node297,Node298,113887,G->T,
Node297,Node298,132354,G->A,GA
Node297,Node298,166467,C->T,TC
Node297,Node298,182677,G->A,GA
Node298,Node299,12328,G->A,GA
Node299,PP852993|TRM293|Ebonyi|Nigeria|2022,27788,T->A,
Node299,PP852993|TRM293|Ebonyi|Nigeria|2022,27793,A->G,
Node299,PP852993|TRM293|Ebonyi|Nigeria|2022,27796,T->C,
Node299,PP852993|TRM293|Ebonyi|Nigeria|2022,27798,C->G,
Node299,PP852993|TRM293|Ebonyi|Nigeria|2022,27799,C->T,CC
Node299,PP852993|TRM293|Ebonyi|Nigeria|2022,27803,C->T,AC
Node299,PP852993|TRM293|Ebonyi|Nigeria|2022,27804,G->A,GA
Node299,PP852993|TRM293|Ebonyi|Nigeria|2022,27805,A->T,
Node299,PP852993|TRM293|Ebonyi|Nigeria|2022,27819,G->T,
Node299,PP852993|TRM293|Ebonyi|Nigeria|2022,27820,C->A,
Node299,PP852993|TRM293|Ebonyi|Nigeria|2022,27825,T->G,
Node299,PP852993|TRM293|Ebonyi|Nigeria|2022,27826,C->A,
Node299,PP852993|TRM293|Ebonyi|Nigeria|2022,27827,G->A,GT
Node299,PP852993|TRM293|Ebonyi|Nigeria|2022,27833,A->C,
Node299,PP852993|TRM293|Ebonyi|Nigeria|2022,180926,C->T,TC
Node299,PP852954|VSP196|Abia|Nigeria|2023-01-24,56409,C->T,GC
Node298,Node301,25479,G->A,GA
Node298,Node301,30817,G->A,GA
Node298,Node301,105156,T->C,
Node301,PP853017|TRM344|Edo|Nigeria|2022-10-26,73476,C->T,GC
Node301,PP853017|TRM344|Edo|Nigeria|2022-10-26,162590,C->T,TC
Node301,Node303,2591,G->A,GA
Node297,PP852943|TRM365|Ogun|Nigeria|2022-09-14,768,G->A,GT
Node297,PP852943|TRM365|Ogun|Nigeria|2022-09-14,879,C->T,TC
Node297,PP852943|TRM365|Ogun|Nigeria|2022-09-14,6039,G->A,GA
Node297,PP852943|TRM365|Ogun|Nigeria|2022-09-14,13725,C->T,TC
Node297,PP852943|TRM365|Ogun|Nigeria|2022-09-14,22179,C->T,TC
Node297,PP852943|TRM365|Ogun|Nigeria|2022-09-14,33550,G->A,GA
Node297,PP852943|TRM365|Ogun|Nigeria|2022-09-14,84351,G->A,GA
Node297,PP852943|TRM365|Ogun|Nigeria|2022-09-14,86766,G->A,GA
Node297,PP852943|TRM365|Ogun|Nigeria|2022-09-14,90214,G->A,GA
Node297,PP852943|TRM365|Ogun|Nigeria|2022-09-14,102694,G->A,GA
Node297,PP852943|TRM365|Ogun|Nigeria|2022-09-14,136035,C->T,TC
Node297,PP852943|TRM365|Ogun|Nigeria|2022-09-14,162743,C->T,TC
Node297,PP852943|TRM365|Ogun|Nigeria|2022-09-14,173049,C->T,TC
Node297,PP852943|TRM365|Ogun|Nigeria|2022-09-14,179023,G->A,GA
Node291,MK783033|Rivers|Nigeria|2017-10-09,25731,C->T,TC
Node291,MK783033|Rivers|Nigeria|2017-10-09,25768,C->T,TC
Node291,MK783033|Rivers|Nigeria|2017-10-09,26020,C->T,TC
Node291,MK783033|Rivers|Nigeria|2017-10-09,102267,G->T,
Node291,MK783033|Rivers|Nigeria|2017-10-09,117099,C->T,TC
Node291,MK783033|Rivers|Nigeria|2017-10-09,129583,G->A,GA
Node291,MK783033|Rivers|Nigeria|2017-10-09,155707,C->T,AC
Node291,MK783033|Rivers|Nigeria|2017-10-09,161701,G->A,GT
Node9,Node278,51559,G->A,GA
Node9,Node278,60923,C->T,TC
Node9,Node278,179884,G->A,GA
Node278,Node281,40586,G->A,GA
Node278,Node281,67395,C->T,GC
Node278,Node281,116175,C->T,TC
Node278,Node281,160279,C->T,TC
Node278,Node281,172784,G->A,GC
Node278,Node281,181577,T->C,
Node281,Node283,157150,C->A,
Node281,Node283,157151,T->A,
Node281,Node283,157153,T->A,
Node283,OP535315|Imo|Nigeria|2018-02,156762,C->A,
Node283,OP535315|Imo|Nigeria|2018-02,156809,G->A,GA
Node283,OP535315|Imo|Nigeria|2018-02,156813,T->G,
Node283,OP535315|Imo|Nigeria|2018-02,157146,T->A,
Node278,Node284,177009,G->A,GA
Node284,OP535326|Oyo|Nigeria|2018-06,23000,C->T,CC
Node284,OP535326|Oyo|Nigeria|2018-06,29826,G->A,GA
Node284,OP535326|Oyo|Nigeria|2018-06,109667,C->T,TC
Node284,OP535326|Oyo|Nigeria|2018-06,147459,G->A,GA
Node284,OP535326|Oyo|Nigeria|2018-06,155644,G->A,GA
Node278,Node286,101683,C->T,TC
Node278,Node286,127245,C->T,TC
Node278,Node286,178814,G->A,GA
Node278,Node286,178988,G->A,GA
Node286,OP535314|Rivers|Nigeria|2018-01,157149,T->A,
Node286,OP535314|Rivers|Nigeria|2018-01,158506,T->G,
Node286,OP535314|Rivers|Nigeria|2018-01,158508,T->G,
Node286,OP535314|Rivers|Nigeria|2018-01,158517,T->G,
Node286,OP535314|Rivers|Nigeria|2018-01,158527,G->A,GT
Node278,MT903339|Delta|Nigeria|2018,138584,G->A,GA
Node278,OP535318|Benue|Nigeria|2017-12,23311,C->T,TC
Node278,OP535318|Benue|Nigeria|2017-12,75512,G->A,GA
Node278,OP535318|Benue|Nigeria|2017-12,124715,G->A,GA
Node278,OP535318|Benue|Nigeria|2017-12,162165,G->A,GA
Node9,Node27,18769,G->A,GA
Node9,Node27,100261,G->A,GA
Node27,Node28,154408,C->T,TC
Node28,Node29,81977,G->A,GA
Node29,OP535333|Oyo|Nigeria|2018-01,6635,T->G,
Node29,OP535333|Oyo|Nigeria|2018-01,6638,T->G,
Node29,OP535333|Oyo|Nigeria|2018-01,6660,T->G,
Node29,Node32,28175,C->T,TC
Node28,MT903338|Lagos|Nigeria|2018,31006,C->T,TC
Node27,OP535317|Lagos|Nigeria|2018-01,50184,G->A,GA
Node27,OP535317|Lagos|Nigeria|2018-01,156953,C->A,
Node27,OP535317|Lagos|Nigeria|2018-01,156961,G->A,GG
Node27,OP535317|Lagos|Nigeria|2018-01,156962,G->C,
Node27,OP535317|Lagos|Nigeria|2018-01,156984,G->A,GG
Node27,OP535317|Lagos|Nigeria|2018-01,156990,C->A,
Node27,OP535317|Lagos|Nigeria|2018-01,156995,T->A,
Node27,OP535317|Lagos|Nigeria|2018-01,156998,T->A,
Node27,OP535317|Lagos|Nigeria|2018-01,157010,T->A,
Node27,OP535317|Lagos|Nigeria|2018-01,157072,T->A,
Node27,OP535317|Lagos|Nigeria|2018-01,157078,G->A,GA
Node27,OP535317|Lagos|Nigeria|2018-01,157091,T->A,
Node27,OP535317|Lagos|Nigeria|2018-01,157095,C->A,
Node27,OP535317|Lagos|Nigeria|2018-01,157097,G->A,GT
Node27,OP535317|Lagos|Nigeria|2018-01,157098,T->A,
Node27,OP535317|Lagos|Nigeria|2018-01,157100,T->A,
Node27,OP535317|Lagos|Nigeria|2018-01,157101,T->A,
Node27,OP535317|Lagos|Nigeria|2018-01,157103,T->A,
Node27,OP535317|Lagos|Nigeria|2018-01,157108,A->C,
Node27,OP535317|Lagos|Nigeria|2018-01,157116,A->C,
Node9,Node267,8634,C->T,TC
Node9,Node267,33332,C->T,TC
Node9,Node267,67253,C->T,TC
Node9,Node267,110326,C->T,TC
Node9,Node267,117099,C->T,TC
Node9,Node267,122737,C->T,TC
Node9,Node267,125303,G->A,GA
Node9,Node267,129583,G->A,GA
Node267,OP535319|Cross-River|Nigeria|2017-12,14067,C->T,TC
Node267,OP535319|Cross-River|Nigeria|2017-12,157078,G->C,
Node267,OP535319|Cross-River|Nigeria|2017-12,157083,A->C,
Node267,OP535319|Cross-River|Nigeria|2017-12,157101,T->C,
Node267,OP535319|Cross-River|Nigeria|2017-12,157109,T->C,
Node267,OP535319|Cross-River|Nigeria|2017-12,157112,T->C,
Node267,OP535319|Cross-River|Nigeria|2017-12,157119,G->C,
Node267,OP535319|Cross-River|Nigeria|2017-12,157126,C->A,
Node267,OP535319|Cross-River|Nigeria|2017-12,157128,G->A,GG
Node267,OP535319|Cross-River|Nigeria|2017-12,157129,G->A,GC
Node267,OP535319|Cross-River|Nigeria|2017-12,157197,G->A,GC
Node267,OP535319|Cross-River|Nigeria|2017-12,157200,G->A,GT
Node267,OP535319|Cross-River|Nigeria|2017-12,157296,C->T,GC
Node267,OP535319|Cross-River|Nigeria|2017-12,157729,C->A,
Node9,Node269,23564,C->T,TC
Node9,Node269,72362,C->T,TC
Node9,Node269,83326,C->T,TC
Node9,Node269,87230,G->A,GA
Node9,Node269,87297,G->A,GA
Node9,Node269,91728,G->A,GA
Node9,Node269,119296,C->T,TC
Node9,Node269,121320,C->T,GC
Node9,Node269,125249,G->A,GA
Node9,Node269,148412,G->A,GA
Node9,Node269,164832,C->T,TC
Node9,Node269,168120,C->T,TC
Node9,Node269,187428,C->T,TC
Node269,OP612674|Bayelsa|Nigeria|2019-01-12,11555,C->T,TC
Node269,OP612674|Bayelsa|Nigeria|2019-01-12,28645,G->A,GA
Node269,OP612674|Bayelsa|Nigeria|2019-01-12,75967,G->A,GC
Node269,OP612674|Bayelsa|Nigeria|2019-01-12,94840,G->A,GA
Node269,OP612674|Bayelsa|Nigeria|2019-01-12,188503,C->T,TC
Node269,Node272,25661,G->A,GA
Node269,Node272,39119,C->T,TC
Node272,OP612679|Delta|Nigeria|2019-03-14,8500,C->T,TC
Node272,OP612679|Delta|Nigeria|2019-03-14,79538,G->A,GA
Node272,OP612679|Delta|Nigeria|2019-03-14,81354,G->A,GA
Node272,OP612679|Delta|Nigeria|2019-03-14,84416,G->A,GA
Node272,OP612679|Delta|Nigeria|2019-03-14,88736,C->T,TC
Node272,OP612679|Delta|Nigeria|2019-03-14,100642,G->A,GA
Node272,OP612679|Delta|Nigeria|2019-03-14,138791,C->T,TC
Node272,OP612679|Delta|Nigeria|2019-03-14,161616,C->T,TC
Node272,Node273,1262,G->A,GA
Node272,Node273,3818,C->T,TC
Node272,Node273,124130,G->A,GA
Node272,Node273,128698,C->T,TC
Node272,Node273,162243,G->A,GA
Node273,OP612686|Delta|Nigeria|2019-06-26,81275,G->A,GA
Node273,OP612686|Delta|Nigeria|2019-06-26,88640,G->A,GA
Node273,OP612687|Enugu|Nigeria|2019-07-11,756,C->T,TC
Node273,OP612687|Enugu|Nigeria|2019-07-11,2039,G->A,GA
Node273,OP612687|Enugu|Nigeria|2019-07-11,168365,G->A,GA
Node273,OP612687|Enugu|Nigeria|2019-07-11,188605,C->A,
Node273,OP612687|Enugu|Nigeria|2019-07-11,188606,A->C,
Node273,OP612687|Enugu|Nigeria|2019-07-11,188607,G->A,GC
Node269,OP612681|Bayelsa|Nigeria|2019-04-20,1231,A->G,
Node269,OP612681|Bayelsa|Nigeria|2019-04-20,22971,G->A,GA
Node269,OP612681|Bayelsa|Nigeria|2019-04-20,23711,G->A,GA
Node269,OP612681|Bayelsa|Nigeria|2019-04-20,33177,G->A,GA
Node269,OP612681|Bayelsa|Nigeria|2019-04-20,77635,G->A,GA
Node269,OP612681|Bayelsa|Nigeria|2019-04-20,83496,C->T,TC
Node269,OP612681|Bayelsa|Nigeria|2019-04-20,90945,C->T,TC
Node269,OP612681|Bayelsa|Nigeria|2019-04-20,138571,G->A,GT
Node269,Node275,1126,G->A,GA
Node269,Node275,2039,G->A,GA
Node275,OP612682|Bayelsa|Nigeria|2019-04-20,69017,C->T,TC
Node275,OP612682|Bayelsa|Nigeria|2019-04-20,150406,C->T,AC
Node275,OP612682|Bayelsa|Nigeria|2019-04-20,182196,G->A,GA
Node275,OP612688|Oyo|Nigeria|2019-10-07,2152,G->A,GG
Node275,OP612688|Oyo|Nigeria|2019-10-07,6948,C->T,TC
Node275,OP612688|Oyo|Nigeria|2019-10-07,47224,C->T,TC
Node275,OP612688|Oyo|Nigeria|2019-10-07,77726,C->T,TC
Node275,OP612688|Oyo|Nigeria|2019-10-07,143845,C->T,TC
Node275,OP612688|Oyo|Nigeria|2019-10-07,152431,G->A,GA
Node275,OP612688|Oyo|Nigeria|2019-10-07,166786,C->T,TC
Node275,OP612688|Oyo|Nigeria|2019-10-07,184037,G->T,
Node275,OP612688|Oyo|Nigeria|2019-10-07,184535,C->T,TC
Node269,Node276,151929,G->A,GA
Node276,OP612683|Delta|Nigeria|2019-04-18,81523,G->A,GC
Node276,OP612683|Delta|Nigeria|2019-04-18,141757,C->T,TC
Node276,OP612685|Delta|Nigeria|2019-05-29,39767,C->T,TC
Node9,Node33,154015,G->A,GA
Node33,Node34,18792,C->T,TC
Node33,Node34,149265,G->A,GA
Node33,Node34,161953,C->T,TC
Node33,Node34,165782,C->T,TC
Node34,Node35,13298,C->T,AC
Node34,Node35,30636,C->T,TC
Node34,Node35,34472,C->T,TC
Node34,Node35,34578,C->T,TC
Node34,Node35,80099,G->A,GA
Node34,Node35,93387,G->A,GA
Node34,Node35,114659,G->A,GG
Node34,Node35,124031,G->A,GA
Node34,Node35,149872,C->T,TC
Node34,Node35,168205,G->A,GC
Node34,Node35,177720,C->T,TC
Node35,OP612689|Rivers|Nigeria|2019-12-17,144876,G->A,GA
Node35,Node110,25072,C->T,TC
Node110,OP612691|unknown|Nigeria|2020-01-23,90329,C->T,TC
Node110,OP612691|unknown|Nigeria|2020-01-23,132520,C->T,TC
Node110,PP853034|TRM332|Anambra|Nigeria|2022-10-12,2840,A->C,
Node110,PP853034|TRM332|Anambra|Nigeria|2022-10-12,2846,G->T,
Node110,PP853034|TRM332|Anambra|Nigeria|2022-10-12,21723,G->A,GA
Node110,PP853034|TRM332|Anambra|Nigeria|2022-10-12,36898,G->A,GA
Node110,PP853034|TRM332|Anambra|Nigeria|2022-10-12,42183,G->A,GA
Node110,PP853034|TRM332|Anambra|Nigeria|2022-10-12,42903,C->T,TC
Node110,PP853034|TRM332|Anambra|Nigeria|2022-10-12,73616,C->T,TC
Node110,PP853034|TRM332|Anambra|Nigeria|2022-10-12,77496,C->T,TC
Node110,PP853034|TRM332|Anambra|Nigeria|2022-10-12,79406,G->A,GA
Node110,PP853034|TRM332|Anambra|Nigeria|2022-10-12,89914,C->T,TC
Node110,PP853034|TRM332|Anambra|Nigeria|2022-10-12,105746,G->A,GA
Node110,PP853034|TRM332|Anambra|Nigeria|2022-10-12,120216,G->A,GA
Node110,PP853034|TRM332|Anambra|Nigeria|2022-10-12,124101,C->T,TC
Node110,PP853034|TRM332|Anambra|Nigeria|2022-10-12,140492,A->C,
Node110,PP853034|TRM332|Anambra|Nigeria|2022-10-12,142498,C->T,TC
Node110,PP853034|TRM332|Anambra|Nigeria|2022-10-12,151017,G->A,GA
Node110,PP853034|TRM332|Anambra|Nigeria|2022-10-12,157498,G->A,GA
Node110,PP853034|TRM332|Anambra|Nigeria|2022-10-12,157737,C->T,TC
Node110,PP853034|TRM332|Anambra|Nigeria|2022-10-12,161152,C->T,AC
Node110,PP853034|TRM332|Anambra|Nigeria|2022-10-12,179537,C->T,TC
Node35,Node40,2752,G->A,GA
Node35,Node40,30669,C->T,TC
Node35,Node40,39173,G->A,GA
Node35,Node40,57284,C->T,TC
Node35,Node40,61844,G->A,GA
Node35,Node40,74226,C->T,TC
Node35,Node40,118739,G->A,GA
Node35,Node40,136132,G->A,GG
Node35,Node40,146223,C->T,TC
Node35,Node40,148427,G->A,GA
Node35,Node40,150800,G->A,GA
Node35,Node40,168365,G->A,GA
Node35,Node40,170317,G->A,GA
Node35,Node40,172527,G->A,GA
Node35,Node40,175759,C->T,GC
Node35,Node40,181216,C->T,TC
Node35,Node40,189417,G->A,GA
Node35,Node40,189474,C->T,TC
Node40,Node41,180686,C->T,TC
Node41,Node44,78291,G->T,
Node41,Node44,147459,G->A,GA
Node44,PP852973|TRM076|Rivers|Nigeria|2022-09-27,23078,G->A,GA
Node44,PP852973|TRM076|Rivers|Nigeria|2022-09-27,23110,G->A,GA
Node44,Node53,1984,C->T,TC
Node44,Node53,24744,C->T,TC
Node44,Node53,40169,C->T,CC
Node53,Node54,42870,G->A,GA
Node53,Node54,54935,C->T,TC
Node53,Node54,158380,G->A,GT
Node54,PP852974|TRM077|Anambra|Nigeria|2022-09-27,6813,C->T,TC
Node54,PP852974|TRM077|Anambra|Nigeria|2022-09-27,15156,C->T,TC
Node54,PP853045|TRM349|Anambra|Nigeria|2022-09-27,10513,C->T,TC
Node53,Node55,126454,G->A,GA
Node53,Node55,170320,G->A,GA
Node53,Node55,173032,C->T,TC
Node55,Node56,155097,G->A,GA
Node56,Node57,79103,G->A,GA
Node57,PP852966|VSP208|Rivers|Nigeria|2023-03-15,3287,C->T,GC
Node57,PP852966|VSP208|Rivers|Nigeria|2023-03-15,84008,C->T,TC
Node57,PP852966|VSP208|Rivers|Nigeria|2023-03-15,89382,C->T,TC
Node57,PP852966|VSP208|Rivers|Nigeria|2023-03-15,109802,C->T,TC
Node56,Node58,43451,T->C,
Node56,Node58,142493,G->A,GA
Node58,PP852968|VSP210|Enugu|Nigeria|2023-03-21,129073,G->A,GA
Node55,Node59,56992,G->A,GA
Node55,Node59,118062,C->T,AC
Node55,Node59,164910,G->A,GA
Node55,Node59,182189,G->A,GA
Node59,MPX-23-061|Kaduna|Kaduna-south|,2591,G->A,GA
Node44,Node60,162144,C->T,TC
Node60,Node61,31874,C->T,TC
Node60,Node61,39206,G->A,GA
Node60,Node61,49731,C->T,TC
Node60,Node61,132988,C->T,TC
Node61,Node62,967,G->A,GA
Node61,Node62,127592,G->A,GA
Node61,Node62,165231,C->T,TC
Node61,Node62,186984,G->A,GA
Node62,Node63,69044,C->T,TC
Node62,Node63,100007,C->T,TC
Node63,Node66,14052,C->T,TC
Node63,Node66,88854,G->A,GA
Node63,PP853023|TRM306|Imo|Nigeria|2022-09-13,138604,G->A,GA
Node63,PP853023|TRM306|Imo|Nigeria|2022-09-13,163297,G->A,GA
Node63,PP852948|VSP190|Abia|Nigeria|2023-01-02,29315,C->T,TC
Node62,Node67,171808,C->T,TC
Node67,PP852982|TRM279|Abia|Nigeria|2022-09-26,136630,C->T,AC
Node67,PP852996|TRM299|Abia|Nigeria|2022-09-26,70212,T->A,
Node67,PP852996|TRM299|Abia|Nigeria|2022-09-26,78809,G->A,GC
Node67,PP852996|TRM299|Abia|Nigeria|2022-09-26,177009,G->A,GA
Node61,Node69,11787,C->T,TC
Node69,PP853000|TRM303|Imo|Nigeria|2022-10-24,97206,G->A,GA
Node69,PP853000|TRM303|Imo|Nigeria|2022-10-24,189924,G->A,GA
Node69,PP852944|TRM367|Anambra|Nigeria|2022-09-14,116175,C->T,TC
Node69,PP852944|TRM367|Anambra|Nigeria|2022-09-14,121738,C->T,TC
Node69,PP852944|TRM367|Anambra|Nigeria|2022-09-14,156429,C->T,TC
Node61,Node70,170434,C->T,TC
Node70,PP853024|TRM311|Edo|Nigeria|2022-10-01,53180,G->A,GA
Node70,PP853031|TRM327|Delta|Nigeria|2022-09-16,21309,C->T,TC
Node60,Node71,20486,C->T,TC
Node60,Node71,39139,C->T,TC
Node60,Node71,49221,G->A,GA
Node60,Node71,85219,C->T,GC
Node60,Node71,102722,G->A,GA
Node60,Node71,108292,C->T,TC
Node60,Node71,123308,G->T,
Node60,Node71,132476,C->T,TC
Node60,Node71,139112,C->T,TC
Node60,Node71,149926,G->A,GA
Node60,Node71,178854,G->A,GA
Node44,PP852981|TRM278|Imo|Nigeria|2022-09-20,70217,G->A,GA
Node44,PP852981|TRM278|Imo|Nigeria|2022-09-20,97200,C->T,TC
Node44,PP852981|TRM278|Imo|Nigeria|2022-09-20,106719,G->A,GA
Node44,PP852981|TRM278|Imo|Nigeria|2022-09-20,121273,C->T,TC
Node44,PP852981|TRM278|Imo|Nigeria|2022-09-20,147512,C->T,TC
Node44,Node50,14708,G->A,GA
Node44,Node50,60726,C->T,TC
Node44,Node50,162544,G->A,GA
Node50,Node51,66408,G->A,GA
Node51,PP852988|TRM286|Anambra|Nigeria|2022-09-12,103694,G->A,GA
Node51,PP853042|TRM342|Anambra|Nigeria|2022-10-14,42855,C->T,TC
Node50,PP853050|TRM357|Plateau|Nigeria|2022-09-12,45605,C->T,TC
Node44,PP853006|TRM316|Bayelsa|Nigeria|2022-09-19,3104,G->A,GA
Node44,PP853006|TRM316|Bayelsa|Nigeria|2022-09-19,5433,C->T,TC
Node44,PP853006|TRM316|Bayelsa|Nigeria|2022-09-19,6813,C->T,TC
Node44,PP853006|TRM316|Bayelsa|Nigeria|2022-09-19,49257,G->A,GA
Node44,PP853006|TRM316|Bayelsa|Nigeria|2022-09-19,63228,G->A,GA
Node44,PP853006|TRM316|Bayelsa|Nigeria|2022-09-19,67405,G->T,
Node44,PP853006|TRM316|Bayelsa|Nigeria|2022-09-19,95852,G->A,GA
Node44,PP853006|TRM316|Bayelsa|Nigeria|2022-09-19,153090,G->A,GA
Node44,PP853006|TRM316|Bayelsa|Nigeria|2022-09-19,178676,G->A,GA
Node44,PP853006|TRM316|Bayelsa|Nigeria|2022-09-19,181449,G->A,GA
Node44,PP853007|TRM317|Imo|Nigeria|2022-09-17,49417,A->G,
Node44,PP853007|TRM317|Imo|Nigeria|2022-09-17,68308,G->A,GA
Node44,PP853007|TRM317|Imo|Nigeria|2022-09-17,70874,G->A,GA
Node44,PP853007|TRM317|Imo|Nigeria|2022-09-17,73476,C->T,GC
Node44,PP853007|TRM317|Imo|Nigeria|2022-09-17,168132,G->A,GA
Node44,Node72,15311,C->T,TC
Node72,Node73,3818,C->T,TC
Node72,Node73,57059,C->T,TC
Node72,Node73,74880,G->A,GA
Node72,Node73,154011,C->T,AC
Node73,Node74,151185,G->A,GA
Node74,PP852967|VSP209|Abia|Nigeria|2023-03-20,98456,G->A,GA
Node74,PP852970|VSP213|Rivers|Nigeria|2023-05-16,73239,G->A,GA
Node74,PP852970|VSP213|Rivers|Nigeria|2023-05-16,80872,C->T,TC
Node74,PP852970|VSP213|Rivers|Nigeria|2023-05-16,145506,C->T,TC
Node74,Node76,814,C->T,TC
Node74,Node76,2591,G->A,GA
Node74,Node76,12908,G->A,GA
Node76,Node77,28798,C->T,TC
Node76,Node77,81027,A->T,
Node77,Node79,167059,C->T,TC
Node79,MPOX-24-1022|Lagos|Nigeria|2024-10-31,40375,G->A,GA
Node79,MPOX-24-1022|Lagos|Nigeria|2024-10-31,40553,C->T,AC
Node79,MPOX-24-1022|Lagos|Nigeria|2024-10-31,49308,G->A,GA
Node79,MPOX-24-1022|Lagos|Nigeria|2024-10-31,99831,C->T,TC
Node79,MPOX-24-1022|Lagos|Nigeria|2024-10-31,125263,G->A,GA
Node77,Node82,2591,A->G,
Node77,Node82,3875,G->A,GA
Node77,Node82,32831,C->T,TC
Node77,Node82,100413,C->T,TC
Node77,Node82,165892,G->A,GA
Node77,Node82,179053,G->A,GA
Node77,Node82,185144,C->T,TC
Node77,Node80,132722,C->T,TC
Node80,Node81,2039,G->A,GA
Node80,Node81,122552,G->A,GA
Node80,Node81,156469,G->A,GA
Node80,MPOX-24-982|Taraba|Nigeria|2024-10-28,8941,C->T,TC
Node80,MPOX-24-982|Taraba|Nigeria|2024-10-28,61763,G->A,GA
Node80,MPOX-24-982|Taraba|Nigeria|2024-10-28,158015,C->T,TC
Node76,Node83,7157,C->T,TC
Node76,Node83,7201,C->T,TC
Node76,Node83,7727,G->A,GA
Node76,Node83,8941,C->T,TC
Node76,Node83,17491,C->T,TC
Node76,Node83,33790,G->A,GA
Node76,Node83,176850,C->T,AC
Node83,MPOX-24-1036|Edo|Nigeria|2024-10-28,3022,G->A,GA
Node83,CPHL-521|Lagos|Nigeria|2024-10-16,20913,G->A,GA
Node83,CPHL-521|Lagos|Nigeria|2024-10-16,21359,C->T,AC
Node83,CPHL-521|Lagos|Nigeria|2024-10-16,21991,G->A,GA
Node83,CPHL-521|Lagos|Nigeria|2024-10-16,57059,T->C,
Node83,CPHL-521|Lagos|Nigeria|2024-10-16,57284,T->C,
Node83,CPHL-521|Lagos|Nigeria|2024-10-16,57786,G->A,GA
Node83,CPHL-521|Lagos|Nigeria|2024-10-16,67559,C->T,TC
Node83,CPHL-521|Lagos|Nigeria|2024-10-16,88578,G->A,GA
Node83,CPHL-521|Lagos|Nigeria|2024-10-16,112470,C->T,TC
Node83,CPHL-521|Lagos|Nigeria|2024-10-16,147459,A->G,
Node83,CPHL-521|Lagos|Nigeria|2024-10-16,148427,A->G,
Node83,CPHL-521|Lagos|Nigeria|2024-10-16,151898,T->C,
Node73,PP852969|VSP212|Imo|Nigeria|2023-04-17,5661,C->T,TC
Node73,PP852969|VSP212|Imo|Nigeria|2023-04-17,10627,C->T,TC
Node73,PP852969|VSP212|Imo|Nigeria|2023-04-17,145172,G->A,GA
Node73,PP852959|VSP201|AkwaIbom|Nigeria|2023-02-21,18616,G->A,GA
Node73,PP852959|VSP201|AkwaIbom|Nigeria|2023-02-21,79011,G->A,GA
Node73,PP852959|VSP201|AkwaIbom|Nigeria|2023-02-21,91439,G->A,GA
Node72,PP852962|VSP204|Rivers|Nigeria|2023-03-03,15004,C->T,TC
Node72,PP852962|VSP204|Rivers|Nigeria|2023-03-03,43944,C->T,TC
Node72,PP852962|VSP204|Rivers|Nigeria|2023-03-03,54713,G->A,GA
Node72,PP852962|VSP204|Rivers|Nigeria|2023-03-03,61689,C->T,TC
Node72,PP852962|VSP204|Rivers|Nigeria|2023-03-03,67261,G->A,GA
Node72,PP852962|VSP204|Rivers|Nigeria|2023-03-03,92245,C->T,TC
Node72,PP852962|VSP204|Rivers|Nigeria|2023-03-03,186458,G->A,GA
Node41,Node86,103682,C->T,TC
Node86,Node87,25661,G->A,GA
Node86,Node87,127008,C->A,
Node86,Node87,161575,G->A,GA
Node87,Node89,96778,G->A,GA
Node87,Node89,99930,G->A,GA
Node89,PP852976|TRM081|Bayelsa|Nigeria|2022-10-21,33965,G->A,GA
Node89,PP852976|TRM081|Bayelsa|Nigeria|2022-10-21,84650,C->T,TC
Node89,PP852965|VSP207|Bayelsa|Nigeria|2023-03-14,2572,C->T,TC
Node89,PP852965|VSP207|Bayelsa|Nigeria|2023-03-14,9596,G->A,GA
Node89,PP852965|VSP207|Bayelsa|Nigeria|2023-03-14,12808,G->A,GA
Node89,PP852965|VSP207|Bayelsa|Nigeria|2023-03-14,40784,C->T,TC
Node89,PP852965|VSP207|Bayelsa|Nigeria|2023-03-14,48036,G->A,GA
Node89,PP852965|VSP207|Bayelsa|Nigeria|2023-03-14,52112,C->T,TC
Node89,PP852965|VSP207|Bayelsa|Nigeria|2023-03-14,132845,C->T,TC
Node89,PP852965|VSP207|Bayelsa|Nigeria|2023-03-14,168305,G->A,GA
Node89,Node92,2591,G->A,GA
Node89,Node92,19658,G->A,GT
Node89,Node92,29436,G->A,GA
Node89,Node92,40517,G->A,GA
Node89,Node92,47886,C->T,CC
Node89,Node92,54664,G->A,GA
Node89,Node92,79764,C->T,TC
Node89,Node92,82802,C->T,TC
Node89,Node92,90345,G->A,GT
Node89,Node92,100640,C->T,TC
Node89,Node92,133208,C->T,TC
Node89,Node92,141077,C->T,TC
Node89,Node92,151898,T->C,
Node89,Node92,160479,G->A,GA
Node89,Node92,186750,G->A,GC
Node89,Node92,189329,G->A,GA
Node92,CPHL-MPOX-24-477|Lagos|Nigeria|2024-09-25,21209,G->A,GA
Node92,CPHL-MPOX-24-477|Lagos|Nigeria|2024-09-25,33288,C->T,TC
Node92,CPHL-MPOX-24-477|Lagos|Nigeria|2024-09-25,99309,G->A,GA
Node92,CPHL-MPOX-24-477|Lagos|Nigeria|2024-09-25,153981,T->A,
Node87,Node94,5208,C->T,TC
Node87,Node94,56588,G->A,GA
Node87,Node94,64437,C->T,TC
Node94,MPX-23-032|Bayelsa|Yenegoa|2022-12-26,2591,G->A,GA
Node86,Node95,167673,G->A,GA
Node95,Node96,2543,G->A,GA
Node96,Node97,151561,C->T,AC
Node97,Node100,78969,G->A,GG
Node100,PP853021|TRM359|Anambra|Nigeria|2022-09-27,108965,C->T,TC
Node100,PP853021|TRM359|Anambra|Nigeria|2022-09-27,137128,G->A,GA
Node100,PP853021|TRM359|Anambra|Nigeria|2022-09-27,153148,G->A,GA
Node96,PP853033|TRM330|Ebonyi|Nigeria|2022,105371,C->T,TC
Node96,PP853033|TRM330|Ebonyi|Nigeria|2022,159023,G->A,GA
Node96,PP853033|TRM330|Ebonyi|Nigeria|2022,161955,C->T,AC
Node95,Node101,43673,C->T,TC
Node95,Node101,109149,G->A,GA
Node95,Node101,120903,G->A,GA
Node95,Node101,123965,G->A,GA
Node95,Node101,139828,G->A,GA
Node101,PP853037|TRM336|FCT|Nigeria|2022-09-23,136573,G->A,GA
Node101,PP852964|VSP206|Niger|Nigeria|2023-03-15,77076,G->A,GA
Node101,PP852964|VSP206|Niger|Nigeria|2023-03-15,175471,G->A,GA
Node41,PP852980|TRM277|FCT|Nigeria|2022-09-30,28048,C->T,TC
Node41,PP852980|TRM277|FCT|Nigeria|2022-09-30,40825,G->A,GA
Node41,PP852980|TRM277|FCT|Nigeria|2022-09-30,50163,C->T,TC
Node41,PP852980|TRM277|FCT|Nigeria|2022-09-30,56390,C->T,TC
Node41,PP852980|TRM277|FCT|Nigeria|2022-09-30,133955,C->T,TC
Node41,PP852980|TRM277|FCT|Nigeria|2022-09-30,138584,G->A,GA
Node41,PP852980|TRM277|FCT|Nigeria|2022-09-30,168680,G->A,GA
Node41,PP852980|TRM277|FCT|Nigeria|2022-09-30,176421,G->A,GA
Node41,PP852980|TRM277|FCT|Nigeria|2022-09-30,188956,G->A,GA
Node41,Node103,18099,C->T,TC
Node41,Node103,166700,C->T,TC
Node41,Node103,189276,C->T,TC
Node103,Node104,53140,G->A,GA
Node104,PP853052|TRM360|Kaduna|Nigeria|2022-09-17,175934,G->A,GA
Node104,Node106,64404,C->T,TC
Node104,Node106,156181,G->A,GA
Node106,PP852951|VSP193|Borno|Nigeria|2023-01-08,124020,T->A,
Node106,PP852951|VSP193|Borno|Nigeria|2023-01-08,166824,A->C,
Node106,MPX-23-059|Borno|Mongono|2023-01-08,2591,G->A,GA
Node104,MPX-23-015|Borno|Biyu|2022-12-29,2591,G->A,GA
Node104,MPX-23-015|Borno|Biyu|2022-12-29,91004,C->T,TC
Node104,MPX-23-015|Borno|Biyu|2022-12-29,167019,C->T,TC
Node41,PP853035|TRM333|Kaduna|Nigeria|2022-10-24,37900,C->T,TC
Node41,PP853035|TRM333|Kaduna|Nigeria|2022-10-24,45028,C->T,TC
Node41,PP853035|TRM333|Kaduna|Nigeria|2022-10-24,49377,G->A,GA
Node41,PP853035|TRM333|Kaduna|Nigeria|2022-10-24,77065,G->A,GA
Node41,PP853035|TRM333|Kaduna|Nigeria|2022-10-24,95355,G->A,GA
Node41,PP853035|TRM333|Kaduna|Nigeria|2022-10-24,134712,C->T,TC
Node41,PP853035|TRM333|Kaduna|Nigeria|2022-10-24,142265,G->A,GA
Node41,PP853035|TRM333|Kaduna|Nigeria|2022-10-24,150706,G->A,GA
Node41,PP853035|TRM333|Kaduna|Nigeria|2022-10-24,159143,C->T,TC
Node41,PP853035|TRM333|Kaduna|Nigeria|2022-10-24,163246,C->T,TC
Node41,PP853035|TRM333|Kaduna|Nigeria|2022-10-24,188229,G->A,GA
Node41,PP853035|TRM333|Kaduna|Nigeria|2022-10-24,188839,G->A,GA
Node41,PP853035|TRM333|Kaduna|Nigeria|2022-10-24,189624,C->T,TC
Node40,Node107,22271,G->A,GA
Node40,Node107,25659,C->T,TC
Node40,Node107,48045,G->A,GA
Node40,Node107,80708,C->T,TC
Node40,Node107,98533,C->T,TC
Node40,Node107,101132,G->A,GA
Node40,Node107,108955,G->T,
Node40,Node107,119109,G->A,GC
Node40,Node107,156358,G->A,GA
Node40,Node107,162535,C->A,
Node40,Node107,176495,C->T,TC
Node40,Node107,189777,G->A,GA
Node107,Node108,34432,C->T,TC
Node107,Node108,73767,C->T,TC
Node107,Node108,158283,C->T,TC
Node107,Node108,172445,G->A,GA
Node108,MPX-23-050|Akwa-Ibom|Abak|,2591,G->A,GA
Node35,Node131,11948,G->A,GA
Node35,Node131,14790,C->T,TC
Node35,Node131,21991,G->A,GA
Node35,Node131,57786,G->A,GA
Node35,Node131,93312,G->A,GT
Node35,Node131,103019,C->T,TC
Node35,Node131,112470,C->T,TC
Node35,Node131,124129,C->T,TC
Node35,Node131,127906,C->T,TC
Node35,Node131,135303,G->A,GA
Node35,Node131,145902,G->A,GT
Node35,Node131,149365,C->T,CC
Node35,Node131,158424,G->A,GA
Node35,Node131,186984,G->A,GA
Node131,Node132,23118,G->A,GA
Node131,Node132,38923,G->A,GA
Node131,Node132,39515,G->A,GA
Node131,Node132,56546,G->A,GA
Node131,Node132,155611,G->A,GA
Node131,Node132,162640,G->A,GG
Node132,Node135,20581,C->T,TC
Node132,Node135,94479,G->A,GA
Node135,PP852977|TRM082|Nasarawa|Nigeria|2022-11-01,6117,G->A,GA
Node135,PP852977|TRM082|Nasarawa|Nigeria|2022-11-01,84603,C->T,TC
Node135,PP852977|TRM082|Nasarawa|Nigeria|2022-11-01,86648,G->A,GA
Node135,PP852977|TRM082|Nasarawa|Nigeria|2022-11-01,96321,C->T,TC
Node135,PP852977|TRM082|Nasarawa|Nigeria|2022-11-01,105899,C->T,TC
Node135,PP852977|TRM082|Nasarawa|Nigeria|2022-11-01,122889,C->T,AC
Node135,PP852977|TRM082|Nasarawa|Nigeria|2022-11-01,131857,G->A,GA
Node135,PP852977|TRM082|Nasarawa|Nigeria|2022-11-01,134496,C->T,TC
Node135,PP852977|TRM082|Nasarawa|Nigeria|2022-11-01,140295,G->A,GT
Node135,PP852977|TRM082|Nasarawa|Nigeria|2022-11-01,144007,C->T,TC
Node135,PP852977|TRM082|Nasarawa|Nigeria|2022-11-01,173453,G->A,GA
Node135,PP852977|TRM082|Nasarawa|Nigeria|2022-11-01,176271,G->A,GT
Node135,Node136,20576,G->A,GA
Node136,Node137,18243,C->T,TC
Node136,Node137,30681,G->A,GA
Node136,Node137,46402,G->A,GA
Node136,Node137,103328,A->G,
Node136,Node137,111084,G->A,GA
Node136,Node137,133402,C->T,TC
Node136,Node137,156333,G->A,GT
Node137,PP853028|TRM322|Nasarawa|Nigeria|2022-10-13,25611,C->T,TC
Node137,PP853028|TRM322|Nasarawa|Nigeria|2022-10-13,89571,G->A,GA
Node137,Node138,2591,G->A,GA
Node137,Node138,5139,C->T,TC
Node137,Node138,8772,C->T,TC
Node137,Node138,15394,C->T,TC
Node137,Node138,91155,C->T,TC
Node137,Node138,125660,C->T,TC
Node137,Node138,139905,C->A,
Node137,Node138,146499,C->T,TC
Node137,Node138,150831,C->T,TC
Node137,Node138,159526,G->A,GA
Node137,Node138,176818,G->A,GA
Node137,Node138,182189,G->A,GA
Node138,NRL-MPOX-24-860|Plateau|Nigeria|2024-09-29,153981,T->A,
Node136,Node139,26310,C->T,TC
Node136,Node139,133390,C->T,TC
Node136,Node139,162233,C->T,TC
Node136,Node139,170573,C->T,TC
Node132,PP852999|TRM302|Imo|Nigeria|2022-10-14,10595,G->A,GA
Node132,PP852999|TRM302|Imo|Nigeria|2022-10-14,12574,C->T,TC
Node132,PP852999|TRM302|Imo|Nigeria|2022-10-14,25432,T->G,
Node132,PP852999|TRM302|Imo|Nigeria|2022-10-14,73476,C->T,GC
Node132,PP852999|TRM302|Imo|Nigeria|2022-10-14,77641,C->T,TC
Node132,PP852999|TRM302|Imo|Nigeria|2022-10-14,90214,G->A,GA
Node132,PP852999|TRM302|Imo|Nigeria|2022-10-14,97476,G->A,GA
Node132,PP852999|TRM302|Imo|Nigeria|2022-10-14,109627,C->A,
Node132,PP852999|TRM302|Imo|Nigeria|2022-10-14,115288,C->T,TC
Node132,PP852999|TRM302|Imo|Nigeria|2022-10-14,150800,G->A,GA
Node132,Node140,13686,C->T,TC
Node132,Node140,151112,G->A,GA
Node132,Node140,174721,G->A,GC
Node132,Node140,188491,C->T,TC
Node140,Node141,129982,G->A,GA
Node140,Node141,148895,C->A,
Node141,PP853013|TRM328|Lagos|Nigeria|2022-09-16,25115,G->A,GA
Node141,PP853013|TRM328|Lagos|Nigeria|2022-09-16,49056,G->A,GA
Node141,PP853013|TRM328|Lagos|Nigeria|2022-09-16,128267,C->T,TC
Node141,PP853046|TRM350|Lagos|Nigeria|2022-09-30,154797,A->C,
Node140,Node143,3818,C->T,TC
Node140,Node143,34432,C->T,TC
Node140,Node143,59282,G->A,GA
Node140,Node143,65743,C->A,
Node140,Node143,85356,G->A,GA
Node140,Node143,102694,G->A,GA
Node132,PP853015|TRM334|Kano|Nigeria|2022-11-02,5177,G->A,GA
Node132,PP853015|TRM334|Kano|Nigeria|2022-11-02,32643,C->T,TC
Node132,PP853015|TRM334|Kano|Nigeria|2022-11-02,40992,G->A,GA
Node132,PP853015|TRM334|Kano|Nigeria|2022-11-02,45050,C->T,TC
Node132,PP853015|TRM334|Kano|Nigeria|2022-11-02,156429,C->T,TC
Node132,PP853015|TRM334|Kano|Nigeria|2022-11-02,172501,G->A,GA
Node131,Node144,11880,C->T,TC
Node131,Node144,19676,G->A,GA
Node131,Node144,20913,G->A,GA
Node131,Node144,21359,C->T,AC
Node131,Node144,32868,G->A,GA
Node131,Node144,105471,G->A,GA
Node131,Node144,120580,G->A,GA
Node131,Node144,181830,G->A,GA
Node144,Node146,179817,G->A,GA
Node146,PP853003|TRM310|Ogun|Nigeria|2022-09-30,160315,C->T,TC
Node146,PP853003|TRM310|Ogun|Nigeria|2022-09-30,164671,C->T,TC
Node146,Node148,141767,G->A,GA
Node146,Node148,154460,G->A,GA
Node148,MPX-23-001|FCT|Bwari|2023-01-03,2591,G->A,GA
Node148,MPX-23-001|FCT|Bwari|2023-01-03,35489,G->A,GA
Node148,MPX-23-001|FCT|Bwari|2023-01-03,89166,C->T,TC
Node144,Node150,4969,G->A,GA
Node144,Node150,10173,C->T,TC
Node144,Node150,63695,C->T,TC
Node144,Node150,141173,G->A,GG
Node150,Node151,2591,G->A,GA
Node150,Node151,23118,G->A,GA
Node150,Node151,40863,G->A,GA
Node150,Node151,77383,G->A,GA
Node150,Node151,102694,G->A,GA
Node150,Node151,159118,G->A,GA
Node151,Node152,28139,G->A,GA
Node151,Node152,88578,G->A,GA
Node151,Node152,92702,C->T,TC
Node151,Node152,175467,C->T,TC
Node151,Node152,175471,G->A,GA
Node152,Node153,182135,C->T,TC
Node153,Node154,8560,G->A,GT
Node153,Node154,32530,C->T,TC
Node153,Node154,100640,C->T,TC
Node153,Node154,113850,G->A,GA
Node154,Node156,185088,G->A,GA
Node156,Node160,95034,G->A,GC
Node163,Node164,61502,G->C,
Node163,Node164,151898,T->C,
Node164,Node166,61498,A->G,
Node166,Node167,5125,C->T,TC
Node166,Node167,13203,C->T,GC
Node166,Node167,36574,G->A,GA
Node166,Node167,68714,C->T,TC
Node166,Node167,107246,C->T,TC
Node167,UNTH-0046,3975,G->A,GA
Node167,UNTH-0046,7806,C->T,AC
Node167,UNTH-0046,8597,C->T,TC
Node167,UNTH-0046,8772,C->T,TC
Node167,UNTH-0046,12169,G->A,GA
Node167,UNTH-0046,22030,T->G,
Node167,UNTH-0046,24208,C->T,TC
Node167,UNTH-0046,39515,G->A,GA
Node167,UNTH-0046,64968,C->T,AC
Node167,UNTH-0046,89657,C->T,GC
Node167,UNTH-0046,122786,C->T,TC
Node167,UNTH-0046,133049,C->T,TC
Node167,UNTH-0046,135723,G->A,GA
Node167,UNTH-0046,138591,T->C,
Node167,UNTH-0046,157775,G->A,GA
Node167,UNTH-0046,159362,C->T,TC
Node167,UNTH-0046,178089,G->A,GA
Node167,CPHL-454|MPX|LAGOS|2025-09-30,26995,G->A,GA
Node167,CPHL-454|MPX|LAGOS|2025-09-30,35132,G->A,GA
Node167,CPHL-454|MPX|LAGOS|2025-09-30,50889,C->T,TC
Node167,CPHL-454|MPX|LAGOS|2025-09-30,141442,C->T,TC
Node167,CPHL-454|MPX|LAGOS|2025-09-30,146755,C->T,TC
Node167,CPHL-454|MPX|LAGOS|2025-09-30,175617,G->A,GA
Node166,Node172,32530,T->C,
Node166,Node172,173261,C->T,AC
Node166,Node172,185088,A->G,
Node172,Node173,113850,A->G,
Node173,Node175,153981,T->A,
Node175,Node177,113850,G->A,GA
Node175,Node177,182189,G->A,GA
Node177,Node179,152973,C->T,TC
Node177,Node179,164382,T->C,
Node179,CPHL-365|MPX|ONDO|2025-08-15,11490,C->T,TC
Node179,CPHL-365|MPX|ONDO|2025-08-15,114624,G->A,GA
Node179,CPHL-365|MPX|ONDO|2025-08-15,123369,C->T,TC
Node179,CPHL-365|MPX|ONDO|2025-08-15,150007,C->T,TC
Node179,CPHL-365|MPX|ONDO|2025-08-15,150523,G->A,GA
Node179,CPHL-365|MPX|ONDO|2025-08-15,153981,A->T,
Node179,CPHL-365|MPX|ONDO|2025-08-15,157731,G->A,GA
Node179,CPHL-365|MPX|ONDO|2025-08-15,161125,C->T,AC
Node179,CPHL-510|Ondo|Nigeria|2024-10-09,151898,C->T,CC
Node179,CPHL-510|Ondo|Nigeria|2024-10-09,176925,G->A,GC
Node179,CPHL-MPOX-24-509|Oyo|Nigeria|2024-10-07,24997,A->G,
Node179,NRL-MPOX-25-572|BENUE|Nigeria|2025-06-03,74829,G->A,GA
Node179,NRL-MPOX-25-572|BENUE|Nigeria|2025-06-03,177240,C->T,TC
Node177,Node184,61489,C->G,
Node177,Node184,101694,C->T,GC
Node184,Node187,61498,G->A,GC
Node184,Node187,153981,A->T,
Node187,MPOX-24-1065|Lagos|Nigeria|2024-11-12,190499,G->A,GA
Node187,MPOX-24-925|Fct|Nigeria|2024-10-22,59133,C->T,TC
Node187,MPOX-24-925|Fct|Nigeria|2024-10-22,84506,C->T,TC
Node187,MPOX-24-925|Fct|Nigeria|2024-10-22,170673,C->T,TC
Node184,NRL-MPOX-839|Fct|Nigeria|2024-10-03,143641,C->T,TC
Node184,CPHL-533|Lagos|Nigeria|2024-10-26,190499,G->A,GA
Node184,NRL-MPOX-25-573|KADUNA|Nigeria|2025-06-10,24997,A->G,
Node184,NRL-MPOX-25-573|KADUNA|Nigeria|2025-06-10,41578,G->A,GA
Node177,Node183,36102,C->T,TC
Node177,Node183,168101,G->A,GA
Node183,NRL-25-159|Kaduna|Nigeria|2025-01-30,690,G->A,GA
Node183,NRL-25-159|Kaduna|Nigeria|2025-01-30,7527,G->A,GA
Node183,NRL-25-159|Kaduna|Nigeria|2025-01-30,67131,C->T,TC
Node183,NRL-25-159|Kaduna|Nigeria|2025-01-30,151898,C->T,CC
Node183,NRL-25-159|Kaduna|Nigeria|2025-01-30,153981,A->T,
Node183,NRL-MPOX-25-593|KEBBI|Nigeria|2025-06-24,24997,A->G,
Node183,NRL-MPOX-25-593|KEBBI|Nigeria|2025-06-24,26935,C->A,
Node183,NRL-MPOX-25-593|KEBBI|Nigeria|2025-06-24,90597,A->G,
Node183,NRL-MPOX-25-593|KEBBI|Nigeria|2025-06-24,142684,T->C,
Node183,NRL-MPOX-25-593|KEBBI|Nigeria|2025-06-24,144965,G->A,GA
Node183,NRL-MPOX-25-593|KEBBI|Nigeria|2025-06-24,183365,A->C,
Node175,Node189,9229,G->A,GA
Node175,Node189,27316,G->A,GA
Node175,Node190,24997,A->G,
Node190,NRL-MPOX-25-284|NIGER|Nigeria|2025-02-24,4232,C->T,TC
Node190,NRL-MPOX-25-284|NIGER|Nigeria|2025-02-24,27199,G->A,GA
Node190,NRL-MPOX-25-284|NIGER|Nigeria|2025-02-24,63603,G->A,GA
Node190,NRL-MPOX-25-284|NIGER|Nigeria|2025-02-24,111198,C->T,TC
Node190,NRL-MPOX-25-284|NIGER|Nigeria|2025-02-24,126550,G->T,
Node190,NRL-MPOX-25-284|NIGER|Nigeria|2025-02-24,156509,C->T,TC
Node190,NRL-MPOX-25-564|AKWA_IBOM|Nigeria|2025-08-22,59564,C->T,TC
Node190,NRL-MPOX-25-564|AKWA_IBOM|Nigeria|2025-08-22,151898,C->T,CC
Node173,Node191,126550,G->T,
Node191,Node192,60062,C->T,TC
Node192,MPOX-24-642_S7_L001|Fct|Nigeria|2024-09-03,135300,C->T,TC
Node192,MPOX-24-642_S7_L001|Fct|Nigeria|2024-09-03,187854,G->A,GA
Node192,NRL-25-155|Delta|Nigeria|2025-01-29,4425,G->A,GC
Node192,NRL-25-155|Delta|Nigeria|2025-01-29,8142,C->T,TC
Node192,NRL-25-155|Delta|Nigeria|2025-01-29,59684,G->A,GA
Node192,NRL-25-155|Delta|Nigeria|2025-01-29,67952,C->T,TC
Node192,NRL-25-155|Delta|Nigeria|2025-01-29,92918,G->A,GA
Node192,NRL-25-155|Delta|Nigeria|2025-01-29,124265,C->T,TC
Node192,NRL-25-155|Delta|Nigeria|2025-01-29,153981,T->A,
Node191,Node193,10523,G->A,GA
Node193,MPOX-24-643_S8_L001|Gombe|Nigeria|2024-09-02,146233,G->A,GA
Node193,MPOX-24-643_S8_L001|Gombe|Nigeria|2024-09-02,177939,C->T,TC
Node193,Node194,99003,G->A,GA
Node194,Node196,105310,G->A,GA
Node194,NRL-MPOX-25-151|KADUNA|Nigeria|2025-01-31,143518,G->A,GC
Node194,NRL-MPOX-25-151|KADUNA|Nigeria|2025-01-31,151898,C->T,CC
Node194,Node197,2340,C->T,CC
Node194,Node197,37202,G->A,GA
Node194,Node197,61498,G->A,GC
Node194,Node197,75332,G->A,GA
Node197,NRL-MPOX-25-203|KADUNA|Nigeria|2025-09-08,151898,C->T,CC
Node173,NRL-MPOX-25-378|FCT|Nigeria|2025-03-25,14557,G->A,GA
Node173,NRL-MPOX-25-378|FCT|Nigeria|2025-03-25,15018,C->T,TC
Node173,NRL-MPOX-25-378|FCT|Nigeria|2025-03-25,41452,C->T,CC
Node173,NRL-MPOX-25-378|FCT|Nigeria|2025-03-25,96725,G->A,GA
Node173,NRL-MPOX-25-378|FCT|Nigeria|2025-03-25,112476,C->T,TC
Node173,NRL-MPOX-25-378|FCT|Nigeria|2025-03-25,129412,C->T,TC
Node172,Node199,17070,G->A,GA
Node172,Node199,117711,G->A,GA
Node172,Node199,151224,C->T,CC
Node172,Node199,151898,C->T,CC
Node172,Node199,162590,C->T,TC
Node172,Node199,165086,G->A,GA
Node199,Node200,8597,C->T,TC
Node199,Node200,47842,G->A,GA
Node199,Node200,61498,G->A,GC
Node199,Node200,134460,C->T,TC
Node199,Node200,138615,G->A,GA
Node199,Node200,151204,C->T,TC
Node199,Node200,186713,G->A,GA
Node200,NRL-MPOX-25-0232|SOKOTO|Nigeria|2025-02-16,61502,C->G,
Node200,NRL-MPOX-25-0232|SOKOTO|Nigeria|2025-02-16,95034,A->G,
Node200,NRL-MPOX-25-0232|SOKOTO|Nigeria|2025-02-16,151898,T->C,
Node200,NRL-MPOX-25-0232|SOKOTO|Nigeria|2025-02-16,167922,G->A,GA
Node200,NRL-MPOX-25-0232|SOKOTO|Nigeria|2025-02-16,168419,G->A,GA
Node199,NRL-MPOX-25-310|NIGER|Nigeria|2025-03-07,25562,C->T,TC
Node199,NRL-MPOX-25-310|NIGER|Nigeria|2025-03-07,26935,C->A,
Node199,NRL-MPOX-25-310|NIGER|Nigeria|2025-03-07,120864,G->A,GA
Node199,NRL-MPOX-25-310|NIGER|Nigeria|2025-03-07,125412,C->T,TC
Node199,NRL-MPOX-25-310|NIGER|Nigeria|2025-03-07,127537,C->T,TC
Node199,NRL-MPOX-25-310|NIGER|Nigeria|2025-03-07,164474,C->T,TC
Node166,CPHL-421|MPX|LAGOS|2025-09-22,5079,C->T,TC
Node166,CPHL-421|MPX|LAGOS|2025-09-22,12144,C->T,TC
Node166,CPHL-421|MPX|LAGOS|2025-09-22,12325,G->A,GA
Node166,CPHL-421|MPX|LAGOS|2025-09-22,40025,C->T,TC
Node166,CPHL-421|MPX|LAGOS|2025-09-22,42605,C->T,TC
Node166,CPHL-421|MPX|LAGOS|2025-09-22,44844,G->C,
Node166,CPHL-421|MPX|LAGOS|2025-09-22,74394,C->T,TC
Node166,CPHL-421|MPX|LAGOS|2025-09-22,100899,C->T,AC
Node166,CPHL-421|MPX|LAGOS|2025-09-22,104206,G->A,GA
Node166,CPHL-421|MPX|LAGOS|2025-09-22,148496,G->A,GA
Node166,CPHL-421|MPX|LAGOS|2025-09-22,160702,C->T,TC
Node166,Node201,24231,C->T,TC
Node201,Node202,21823,C->T,TC
Node202,UNTH-0052|MPX|ENUGU|2025-10-15,4419,C->T,TC
Node202,UNTH-0052|MPX|ENUGU|2025-10-15,35115,G->A,GA
Node202,UNTH-0052|MPX|ENUGU|2025-10-15,43176,C->T,TC
Node202,UNTH-0052|MPX|ENUGU|2025-10-15,100498,G->A,GA
Node202,UNTH-0052|MPX|ENUGU|2025-10-15,159916,C->T,TC
Node202,UNTH-0052|MPX|ENUGU|2025-10-15,166214,C->T,TC
Node202,UNTH-0052|MPX|ENUGU|2025-10-15,169036,C->T,TC
Node202,UNTH-0052|MPX|ENUGU|2025-10-15,175952,C->T,TC
Node202,UNTH-0052|MPX|ENUGU|2025-10-15,176450,G->A,GA
Node202,UNTH-0052|MPX|ENUGU|2025-10-15,181512,C->T,TC
Node202,UNTH-0052|MPX|ENUGU|2025-10-15,182127,G->A,GA
Node202,NRL-MPOX-25-307|AKWA_IBOM|Nigeria|2025-03-05,159559,G->A,GA
Node202,NRL-MPOX-25-451|PLATEAU|Nigeria|2025-04-04,99584,A->G,
Node202,NRL-MPOX-25-451|PLATEAU|Nigeria|2025-04-04,175156,C->T,TC
Node166,Node204,153981,T->A,
Node204,Node206,148496,G->A,GA
Node206,NRL-25-154|Edo|Nigeria|2025-01-29,64802,C->T,TC
Node206,NRL-25-154|Edo|Nigeria|2025-01-29,88511,C->T,TC
Node206,NRL-25-154|Edo|Nigeria|2025-01-29,125849,C->T,TC
Node206,NRL-25-154|Edo|Nigeria|2025-01-29,144216,C->T,TC
Node206,NRL-25-154|Edo|Nigeria|2025-01-29,151898,C->T,CC
Node206,NRL-25-154|Edo|Nigeria|2025-01-29,188252,C->T,TC
Node206,CPHL-MPOX-25-007|OGUN|Nigeria|2024-12-26,138190,C->T,TC
Node204,NRL-MPOX-24-850|Edo|Nigeria|2024-10-03,111651,C->T,TC
Node204,NRL-MPOX-24-850|Edo|Nigeria|2024-10-03,175934,G->A,GA
Node204,CPHL-MPOX-24-419|Lagos|Nigeria|2024-09-12,113382,G->A,GA
Node204,CPHL-MPOX-24-419|Lagos|Nigeria|2024-09-12,119854,C->T,TC
Node204,CPHL-MPOX-24-419|Lagos|Nigeria|2024-09-12,158749,T->C,
Node204,CPHL-MPOX-25-004|LAGOS|Nigeria|2024-12-31,9401,C->T,TC
Node204,CPHL-MPOX-25-004|LAGOS|Nigeria|2024-12-31,29931,C->T,TC
Node204,CPHL-MPOX-25-004|LAGOS|Nigeria|2024-12-31,61498,G->A,GC
Node204,CPHL-MPOX-25-004|LAGOS|Nigeria|2024-12-31,157290,C->T,TC
Node204,Node209,24997,A->G,
Node209,NRL-MPOX-25-485|FCT|Nigeria|2025-04-26,24231,C->T,TC
Node209,NRL-MPOX-25-485|FCT|Nigeria|2025-04-26,29656,G->A,GA
Node209,NRL-MPOX-25-485|FCT|Nigeria|2025-04-26,76334,C->T,TC
Node209,NRL-MPOX-25-485|FCT|Nigeria|2025-04-26,98456,G->A,GA
Node209,NRL-MPOX-25-485|FCT|Nigeria|2025-04-26,106527,G->A,GG
Node209,NRL-MPOX-25-485|FCT|Nigeria|2025-04-26,160426,C->T,TC
Node209,NRL-MPOX-25-485|FCT|Nigeria|2025-04-26,163705,G->A,GA
Node209,NRL-MPOX-25-485|FCT|Nigeria|2025-04-26,177009,G->A,GA
Node209,NRL-MPOX-25-485|FCT|Nigeria|2025-04-26,186960,G->A,GA
Node209,NRL-MPOX-25-485|FCT|Nigeria|2025-04-26,187085,G->A,GA
Node209,NRL-MPOX-25-508|CROSS_RIVER|Nigeria|2025-05-06,15156,C->T,TC
Node209,NRL-MPOX-25-508|CROSS_RIVER|Nigeria|2025-05-06,20505,C->T,TC
Node209,NRL-MPOX-25-508|CROSS_RIVER|Nigeria|2025-05-06,133943,C->T,TC
Node209,NRL-MPOX-25-583|DELTA|Nigeria|2025-06-13,183365,A->C,
Node166,NRL-MPOX-25-259|CROSS_RIVER|Nigeria|2025-01-23,9401,C->T,TC
Node166,NRL-MPOX-25-259|CROSS_RIVER|Nigeria|2025-01-23,17707,C->T,TC
Node166,NRL-MPOX-25-259|CROSS_RIVER|Nigeria|2025-01-23,41336,G->A,GA
Node166,NRL-MPOX-25-259|CROSS_RIVER|Nigeria|2025-01-23,104989,C->T,AC
Node164,NRL-MPOX-25-0231|DELTA|Nigeria|2025-02-13,10336,C->T,TC
Node164,NRL-MPOX-25-0231|DELTA|Nigeria|2025-02-13,11884,G->A,GA
Node164,NRL-MPOX-25-0231|DELTA|Nigeria|2025-02-13,77750,G->A,GA
Node164,NRL-MPOX-25-0231|DELTA|Nigeria|2025-02-13,91728,G->A,GA
Node164,NRL-MPOX-25-268|BENUE|Nigeria|2025-02-18,12455,G->A,GG
Node164,NRL-MPOX-25-268|BENUE|Nigeria|2025-02-18,29887,C->T,TC
Node164,NRL-MPOX-25-268|BENUE|Nigeria|2025-02-18,151929,G->A,GA
Node164,NRL-MPOX-25-268|BENUE|Nigeria|2025-02-18,158297,C->T,GC
Node164,NRL-MPOX-25-268|BENUE|Nigeria|2025-02-18,175006,G->A,GA
Node163,Node211,113382,G->A,GA
Node211,NRL-MPOX-25-0188|EBONYI|Nigeria|2025-01-05,6752,G->A,GA
Node211,NRL-MPOX-25-0188|EBONYI|Nigeria|2025-01-05,69781,G->A,GA
Node211,NRL-MPOX-25-0188|EBONYI|Nigeria|2025-01-05,75522,G->A,GA
Node211,NRL-MPOX-25-0188|EBONYI|Nigeria|2025-01-05,100830,G->A,GA
Node211,NRL-MPOX-25-0188|EBONYI|Nigeria|2025-01-05,159526,G->A,GA
Node211,NRL-MPOX-25-0188|EBONYI|Nigeria|2025-01-05,163065,G->T,
Node211,NRL-MPOX-25-412|EDO|Nigeria|2025-03-28,13968,C->T,TC
Node211,NRL-MPOX-25-412|EDO|Nigeria|2025-03-28,26935,C->A,
Node211,NRL-MPOX-25-412|EDO|Nigeria|2025-03-28,155986,G->A,GA
Node211,NRL-MPOX-25-412|EDO|Nigeria|2025-03-28,165231,C->T,TC
Node161,MPOX-24-966|Delta|Nigeria|2024-10-27,8615,C->T,TC
Node161,MPOX-24-966|Delta|Nigeria|2024-10-27,21960,G->A,GA
Node161,MPOX-24-966|Delta|Nigeria|2024-10-27,101558,G->A,GA
Node161,NRL-MPOX-25-272|EDO|Nigeria|2025-02-19,28055,G->A,GA
Node161,NRL-MPOX-25-272|EDO|Nigeria|2025-02-19,73319,G->A,GA
Node161,NRL-MPOX-25-272|EDO|Nigeria|2025-02-19,85797,G->A,GA
Node161,NRL-MPOX-25-272|EDO|Nigeria|2025-02-19,159243,G->A,GA
Node161,NRL-MPOX-25-272|EDO|Nigeria|2025-02-19,189060,C->T,TC
Node160,NRL-MPOX-25-180|BENUE|Nigeria|2025-01-28,49672,C->T,TC
Node156,Node216,23297,G->A,GA
Node156,Node216,33695,G->A,GA
Node156,Node216,57315,C->T,TC
Node156,Node216,101169,C->T,TC
Node216,Node217,529,G->A,GA
Node216,Node217,9321,G->A,GA
Node216,Node217,35132,G->A,GA
Node216,Node217,105217,C->T,TC
Node216,Node217,120592,C->T,TC
Node217,UNTH-0050,30219,C->A,
Node217,UNTH-0050,151898,T->C,
Node217,NRL_CPHL_67|MPX|Rivers|2025-05-31,2591,A->G,
Node216,MPOX-24-1121|Anambra|Nigeria|2024-11-06,1167,C->T,TC
Node216,MPOX-24-1121|Anambra|Nigeria|2024-11-06,61489,C->G,
Node216,MPOX-24-1121|Anambra|Nigeria|2024-11-06,117061,C->T,TC
Node216,MPOX-24-987|AkwaIbom|Nigeria|2024-10-29,140155,A->T,
Node216,MPOX-24-987|AkwaIbom|Nigeria|2024-10-29,140156,A->G,
Node156,Node212,2591,A->G,
Node212,NRL_CPHL_13|MPX|Rivers|2024-12-13,31874,C->T,TC
Node212,NRL_CPHL_13|MPX|Rivers|2024-12-13,175617,G->A,GA
Node212,NRL_CPHL_17|MPX|Rivers|2024-12-28,9401,C->T,TC
Node212,NRL_CPHL_17|MPX|Rivers|2024-12-28,17707,C->T,TC
Node212,NRL_CPHL_17|MPX|Rivers|2024-12-28,152491,G->A,GA
Node212,Node215,21823,C->T,TC
Node212,Node215,24231,C->T,TC
Node215,NRL_CPHL_24A|MPX|Rivers|2025-02-04,32632,C->T,TC
Node215,NRL_CPHL_24A|MPX|Rivers|2025-02-04,49694,C->T,TC
Node215,NRL_CPHL_24A|MPX|Rivers|2025-02-04,75099,G->A,GA
Node215,NRL_CPHL_24A|MPX|Rivers|2025-02-04,147305,G->A,GA
Node215,NRL_CPHL_24A|MPX|Rivers|2025-02-04,160515,C->T,TC
Node215,NRL_CPHL_50|MPX|Rivers|2025-04-17,28706,G->A,GG
Node215,NRL_CPHL_50|MPX|Rivers|2025-04-17,45739,C->T,TC
Node215,NRL_CPHL_50|MPX|Rivers|2025-04-17,134197,G->A,GC
Node215,NRL_CPHL_50|MPX|Rivers|2025-04-17,146803,G->A,GA
Node215,NRL_CPHL_50|MPX|Rivers|2025-04-17,156446,C->T,TC
Node215,NRL_CPHL_50|MPX|Rivers|2025-04-17,166567,G->A,GA
Node215,NRL_CPHL_50|MPX|Rivers|2025-04-17,189637,C->T,TC
Node212,NRL_CPHL_61|MPX|Rivers|2025-05-13,919,G->A,GA
Node212,NRL_CPHL_61|MPX|Rivers|2025-05-13,26651,G->A,GA
Node212,NRL_CPHL_61|MPX|Rivers|2025-05-13,101558,G->A,GA
Node212,NRL_CPHL_61|MPX|Rivers|2025-05-13,135730,G->A,GA
Node212,NRL_CPHL_61|MPX|Rivers|2025-05-13,177846,T->G,
Node212,NRL_CPHL_61|MPX|Rivers|2025-05-13,179375,C->T,TC
Node156,NRL-MPOX-25-0094|DELTA|Nigeria|2025-01-13,68414,C->G,
Node156,NRL-MPOX-25-0094|DELTA|Nigeria|2025-01-13,175617,G->A,GA
Node156,NRL-MPOX-25-0185|DELTA|Nigeria|2025-02-04,26451,C->T,TC
Node156,NRL-MPOX-25-0185|DELTA|Nigeria|2025-02-04,67931,G->A,GA
Node156,NRL-MPOX-25-0185|DELTA|Nigeria|2025-02-04,151260,C->T,TC
Node156,NRL-MPOX-25-0185|DELTA|Nigeria|2025-02-04,152191,C->T,TC
Node156,NRL-MPOX-25-0185|DELTA|Nigeria|2025-02-04,152213,C->T,TC
Node156,NRL-MPOX-25-0185|DELTA|Nigeria|2025-02-04,162005,C->T,TC
Node156,NRL-MPOX-25-0185|DELTA|Nigeria|2025-02-04,168276,C->T,TC
Node156,NRL-MPOX-25-0185|DELTA|Nigeria|2025-02-04,177509,C->T,TC
Node156,NRL-MPOX-25-0185|DELTA|Nigeria|2025-02-04,178559,G->A,GA
Node154,Node219,55876,G->A,GA
Node154,Node219,156615,T->G,
Node154,Node219,158161,G->A,GA
Node219,Node220,2591,A->G,
Node219,Node220,13644,G->A,GA
Node219,Node220,47820,C->T,TC
Node219,Node220,99542,C->T,TC
Node219,Node220,101169,C->T,TC
Node219,Node220,104399,G->A,GA
Node219,Node220,107791,C->T,TC
Node220,NRL_CPHL_32A|MPX|Rivers|2025-02-24,93213,G->A,GA
Node219,Node223,151898,T->C,
Node223,Node224,83429,C->T,TC
Node224,CPHL-412|MPX|LAGOS|2025-09-10,22712,C->T,TC
Node224,CPHL-412|MPX|LAGOS|2025-09-10,68255,C->T,CC
Node224,CPHL-412|MPX|LAGOS|2025-09-10,100154,C->T,TC
Node224,CPHL-412|MPX|LAGOS|2025-09-10,161204,C->T,TC
Node224,MPOX-24-632_S5_L001|Delta|Nigeria|2024-08-30,74977,G->A,GC
Node224,MPOX-24-632_S5_L001|Delta|Nigeria|2024-08-30,82451,G->A,GA
Node225,Node226,153981,T->A,
Node226,MPOX-24-1220|Benue|Nigeria|2024-12-02,104,G->A,GA
Node226,MPOX-24-1220|Benue|Nigeria|2024-12-02,35489,G->A,GA
Node226,MPOX-24-1220|Benue|Nigeria|2024-12-02,61489,C->G,
Node226,NRL-MPOX-25-565|AKWA_IBOM|Nigeria|2025-05-31,24997,A->G,
Node226,NRL-MPOX-25-565|AKWA_IBOM|Nigeria|2025-05-31,28136,G->A,GA
Node226,NRL-MPOX-25-565|AKWA_IBOM|Nigeria|2025-05-31,104399,G->A,GA
Node226,NRL-MPOX-25-565|AKWA_IBOM|Nigeria|2025-05-31,128267,C->T,TC
Node226,NRL-MPOX-25-565|AKWA_IBOM|Nigeria|2025-05-31,183365,A->C,
Node225,NRL-MPOX-25-321|BENUE|Nigeria|2025-03-07,107078,G->A,GA
Node225,NRL-MPOX-25-321|BENUE|Nigeria|2025-03-07,149476,G->A,GA
Node219,NRL-MPOX-25-0110|NASARAWA|Nigeria|2025-01-21,103427,C->T,TC
Node219,NRL-MPOX-25-0110|NASARAWA|Nigeria|2025-01-21,175672,G->A,GA
Node154,NRL-MPOX-25-0066|KADUNA|Nigeria|2025-01-04,1169,C->T,AC
Node154,NRL-MPOX-25-0066|KADUNA|Nigeria|2025-01-04,1203,G->C,
Node154,NRL-MPOX-25-0066|KADUNA|Nigeria|2025-01-04,1602,A->T,
Node154,NRL-MPOX-25-0066|KADUNA|Nigeria|2025-01-04,6026,A->G,
Node154,NRL-MPOX-25-0066|KADUNA|Nigeria|2025-01-04,6209,G->T,
Node154,NRL-MPOX-25-0066|KADUNA|Nigeria|2025-01-04,6247,T->G,
Node154,NRL-MPOX-25-0066|KADUNA|Nigeria|2025-01-04,10833,A->C,
Node154,NRL-MPOX-25-0066|KADUNA|Nigeria|2025-01-04,15429,A->C,
Node154,NRL-MPOX-25-0066|KADUNA|Nigeria|2025-01-04,15590,C->A,
Node154,NRL-MPOX-25-0066|KADUNA|Nigeria|2025-01-04,23353,C->A,
Node154,NRL-MPOX-25-0066|KADUNA|Nigeria|2025-01-04,28653,C->A,
Node154,NRL-MPOX-25-0066|KADUNA|Nigeria|2025-01-04,36851,T->G,
Node154,NRL-MPOX-25-0066|KADUNA|Nigeria|2025-01-04,37493,C->A,
Node154,NRL-MPOX-25-0066|KADUNA|Nigeria|2025-01-04,37829,G->T,
Node154,NRL-MPOX-25-0066|KADUNA|Nigeria|2025-01-04,37891,A->T,
Node154,NRL-MPOX-25-0066|KADUNA|Nigeria|2025-01-04,41626,T->A,
Node154,NRL-MPOX-25-0066|KADUNA|Nigeria|2025-01-04,45968,A->C,
Node154,NRL-MPOX-25-0066|KADUNA|Nigeria|2025-01-04,46854,T->G,
Node154,NRL-MPOX-25-0066|KADUNA|Nigeria|2025-01-04,50248,T->C,
Node154,NRL-MPOX-25-0066|KADUNA|Nigeria|2025-01-04,50249,C->T,TC
Node154,NRL-MPOX-25-0066|KADUNA|Nigeria|2025-01-04,50250,A->C,
Node154,NRL-MPOX-25-0066|KADUNA|Nigeria|2025-01-04,51578,A->C,
Node154,NRL-MPOX-25-0066|KADUNA|Nigeria|2025-01-04,51588,C->T,TC
Node154,NRL-MPOX-25-0066|KADUNA|Nigeria|2025-01-04,51607,A->T,
Node154,NRL-MPOX-25-0066|KADUNA|Nigeria|2025-01-04,55306,T->C,
Node154,NRL-MPOX-25-0066|KADUNA|Nigeria|2025-01-04,60444,A->T,
Node154,NRL-MPOX-25-0066|KADUNA|Nigeria|2025-01-04,62875,A->C,
Node154,NRL-MPOX-25-0066|KADUNA|Nigeria|2025-01-04,63791,A->C,
Node154,NRL-MPOX-25-0066|KADUNA|Nigeria|2025-01-04,64132,C->A,
Node154,NRL-MPOX-25-0066|KADUNA|Nigeria|2025-01-04,68690,T->C,
Node154,NRL-MPOX-25-0066|KADUNA|Nigeria|2025-01-04,74192,A->C,
Node154,NRL-MPOX-25-0066|KADUNA|Nigeria|2025-01-04,74257,G->T,
Node154,NRL-MPOX-25-0066|KADUNA|Nigeria|2025-01-04,74273,C->A,
Node154,NRL-MPOX-25-0066|KADUNA|Nigeria|2025-01-04,82950,T->C,
Node154,NRL-MPOX-25-0066|KADUNA|Nigeria|2025-01-04,83112,A->T,
Node154,NRL-MPOX-25-0066|KADUNA|Nigeria|2025-01-04,86844,A->C,
Node154,NRL-MPOX-25-0066|KADUNA|Nigeria|2025-01-04,87743,G->A,GA
Node154,NRL-MPOX-25-0066|KADUNA|Nigeria|2025-01-04,91822,C->A,
Node154,NRL-MPOX-25-0066|KADUNA|Nigeria|2025-01-04,91834,A->C,
Node154,NRL-MPOX-25-0066|KADUNA|Nigeria|2025-01-04,91859,T->G,
Node154,NRL-MPOX-25-0066|KADUNA|Nigeria|2025-01-04,93298,T->G,
Node154,NRL-MPOX-25-0066|KADUNA|Nigeria|2025-01-04,94233,A->C,
Node154,NRL-MPOX-25-0066|KADUNA|Nigeria|2025-01-04,99003,G->A,GA
Node154,NRL-MPOX-25-0066|KADUNA|Nigeria|2025-01-04,105115,A->C,
Node154,NRL-MPOX-25-0066|KADUNA|Nigeria|2025-01-04,105900,T->G,
Node154,NRL-MPOX-25-0066|KADUNA|Nigeria|2025-01-04,109498,T->A,
Node154,NRL-MPOX-25-0066|KADUNA|Nigeria|2025-01-04,109759,C->A,
Node154,NRL-MPOX-25-0066|KADUNA|Nigeria|2025-01-04,110228,T->C,
Node154,NRL-MPOX-25-0066|KADUNA|Nigeria|2025-01-04,113718,G->T,
Node154,NRL-MPOX-25-0066|KADUNA|Nigeria|2025-01-04,119303,T->C,
Node154,NRL-MPOX-25-0066|KADUNA|Nigeria|2025-01-04,119320,C->A,
Node154,NRL-MPOX-25-0066|KADUNA|Nigeria|2025-01-04,119338,C->A,
Node154,NRL-MPOX-25-0066|KADUNA|Nigeria|2025-01-04,123451,T->G,
Node154,NRL-MPOX-25-0066|KADUNA|Nigeria|2025-01-04,123463,A->G,
Node154,NRL-MPOX-25-0066|KADUNA|Nigeria|2025-01-04,126550,G->T,
Node154,NRL-MPOX-25-0066|KADUNA|Nigeria|2025-01-04,128343,G->C,
Node154,NRL-MPOX-25-0066|KADUNA|Nigeria|2025-01-04,128467,G->T,
Node154,NRL-MPOX-25-0066|KADUNA|Nigeria|2025-01-04,131966,T->G,
Node154,NRL-MPOX-25-0066|KADUNA|Nigeria|2025-01-04,132661,G->A,GT
Node154,NRL-MPOX-25-0066|KADUNA|Nigeria|2025-01-04,140636,A->C,
Node154,NRL-MPOX-25-0066|KADUNA|Nigeria|2025-01-04,146435,G->C,
Node154,NRL-MPOX-25-0066|KADUNA|Nigeria|2025-01-04,146929,G->C,
Node154,NRL-MPOX-25-0066|KADUNA|Nigeria|2025-01-04,151101,A->G,
Node154,NRL-MPOX-25-0066|KADUNA|Nigeria|2025-01-04,155586,A->T,
Node154,NRL-MPOX-25-0066|KADUNA|Nigeria|2025-01-04,155594,C->A,
Node154,NRL-MPOX-25-0066|KADUNA|Nigeria|2025-01-04,155608,C->T,AC
Node154,NRL-MPOX-25-0066|KADUNA|Nigeria|2025-01-04,159384,T->A,
Node154,NRL-MPOX-25-0066|KADUNA|Nigeria|2025-01-04,159899,C->A,
Node154,NRL-MPOX-25-0066|KADUNA|Nigeria|2025-01-04,172656,C->A,
Node154,NRL-MPOX-25-0066|KADUNA|Nigeria|2025-01-04,173156,T->G,
Node154,NRL-MPOX-25-0066|KADUNA|Nigeria|2025-01-04,177086,T->C,
Node154,NRL-MPOX-25-0066|KADUNA|Nigeria|2025-01-04,177108,C->T,GC
Node154,NRL-MPOX-25-0066|KADUNA|Nigeria|2025-01-04,177131,T->C,
Node154,NRL-MPOX-25-0066|KADUNA|Nigeria|2025-01-04,181601,T->G,
Node154,NRL-MPOX-25-0066|KADUNA|Nigeria|2025-01-04,186236,A->G,
Node154,NRL-MPOX-25-0066|KADUNA|Nigeria|2025-01-04,186914,G->C,
Node154,NRL-MPOX-25-0066|KADUNA|Nigeria|2025-01-04,187067,T->G,
Node154,NRL-MPOX-25-0112|EDO|Nigeria|2025-01-14,153260,C->T,GC
Node154,NRL-MPOX-25-0112|EDO|Nigeria|2025-01-14,153981,T->A,
Node154,NRL-MPOX-25-0112|EDO|Nigeria|2025-01-14,156324,T->G,
Node153,Node229,145384,C->T,TC
Node153,Node229,151898,T->C,
Node153,Node229,156616,C->T,TC
Node229,MPOX-24-788_S16_L001|Plateau|Nigeria|2024-09-24,4108,G->A,GA
Node229,MPOX-24-788_S16_L001|Plateau|Nigeria|2024-09-24,17342,C->T,AC
Node229,MPOX-24-788_S16_L001|Plateau|Nigeria|2024-09-24,24815,C->T,TC
Node229,Node232,18908,C->T,TC
Node229,Node232,111028,C->T,TC
Node229,Node232,146250,C->T,TC
Node232,MPOX-24-944|Plateau|Nigeria|2024-10-18,133215,C->T,TC
Node232,NRL-MPOX-24-909|Plateau|Nigeria|2024-10-11,153981,T->A,
Node232,NRL-MPOX-25-358|GOMBE|Nigeria|2025-03-17,60855,G->A,GA
Node232,NRL-MPOX-25-358|GOMBE|Nigeria|2025-03-17,84063,C->T,TC
Node232,NRL-MPOX-25-358|GOMBE|Nigeria|2025-03-17,125753,C->T,TC
Node232,NRL-MPOX-25-358|GOMBE|Nigeria|2025-03-17,146607,C->T,TC
Node229,Node234,153981,T->A,
Node229,Node234,163581,G->A,GA
Node234,CPHL-607|Lagos|Nigeria|2024-12-04,121663,G->A,GA
Node234,CPHL-607|Lagos|Nigeria|2024-12-04,143249,G->A,GA
Node234,CPHL-MPOX-25-0035|ONDO|Nigeria|2025-01-21,33639,C->T,GC
Node234,CPHL-MPOX-25-0035|ONDO|Nigeria|2025-01-21,61489,C->G,
Node229,NRL-MPOX-25-0114|BAYELSA|Nigeria|2025-01-17,34286,C->T,GC
Node229,NRL-MPOX-25-0114|BAYELSA|Nigeria|2025-01-17,80782,C->T,TC
Node229,NRL-MPOX-25-0114|BAYELSA|Nigeria|2025-01-17,89393,G->A,GA
Node229,NRL-MPOX-25-0114|BAYELSA|Nigeria|2025-01-17,142270,C->T,TC
Node229,NRL-MPOX-25-0114|BAYELSA|Nigeria|2025-01-17,180372,A->G,
Node152,Node236,46789,C->T,TC
Node152,Node236,57489,C->T,TC
Node152,Node236,134202,C->T,TC
Node152,Node236,163238,C->T,TC
Node152,Node236,170630,G->A,GA
Node236,Node237,12908,G->A,GA
Node237,Node238,13261,C->T,TC
Node237,Node238,69779,C->T,TC
Node237,Node238,130180,C->T,TC
Node237,Node238,169050,G->A,GA
Node238,Node239,2591,A->G,
Node239,Node242,68445,G->A,GA
Node239,Node242,94798,G->A,GA
Node239,Node242,120408,G->A,GA
Node239,Node242,177366,C->T,TC
Node242,MPOX-24-006,2591,G->A,GA
Node242,MPOX-24-006,61489,C->G,
Node242,MPOX-24-006,151898,T->C,
Node242,NRL_CPHL_49A|MPX|Rivers|2025-04-14,132940,C->T,TC
Node242,NRL_CPHL_49A|MPX|Rivers|2025-04-14,160267,G->A,GA
Node242,NRL_CPHL_49A|MPX|Rivers|2025-04-14,183840,G->A,GC
Node242,NRL_CPHL_23A|MPX|Rivers|2025-02-03,156773,G->A,GA
Node239,Node244,186942,G->A,GA
Node239,Node245,3531,G->A,GA
Node239,Node245,21331,G->A,GA
Node239,Node245,53662,G->A,GA
Node239,Node245,71086,G->A,GA
Node238,MPOX-24-1066|Imo|Nigeria|2024-11-12,61489,C->G,
Node238,MPOX-24-1066|Imo|Nigeria|2024-11-12,153981,T->A,
Node238,MPOX-24-627_S4_L001|Delta|Nigeria|2024-08-30,129859,G->A,GC
Node237,Node247,33735,C->T,CC
Node237,Node247,53748,C->T,TC
Node237,Node247,141757,C->T,TC
Node247,CPHL-344|MPX|OYO|2025-08-13,25223,C->T,TC
Node247,CPHL-344|MPX|OYO|2025-08-13,111147,C->T,TC
Node247,CPHL-344|MPX|OYO|2025-08-13,132680,C->T,TC
Node247,CPHL-344|MPX|OYO|2025-08-13,141493,C->T,TC
Node247,CPHL-346|MPX|OGUN|2025-08-14,56149,G->A,GA
Node247,CPHL-346|MPX|OGUN|2025-08-14,103258,C->T,TC
Node247,CPHL-346|MPX|OGUN|2025-08-14,129893,G->A,GA
Node247,NRL-MPOX-25-391|PLATEAU|Nigeria|2025-03-20,69705,C->T,TC
Node236,NRL-MPOX-24-864|Fct|Nigeria|2024-10-08,23457,G->A,GA
Node236,NRL-MPOX-24-864|Fct|Nigeria|2024-10-08,76866,G->T,
Node152,Node249,17571,G->A,GA
Node152,Node249,26161,C->T,TC
Node152,Node249,104243,G->A,GA
Node152,Node249,157774,C->T,TC
Node152,Node249,169998,G->A,GA
Node152,Node249,170475,G->A,GA
Node249,Node250,18244,G->A,GA
Node249,Node250,22108,G->A,GA
Node249,Node250,35385,G->A,GA
Node249,Node250,106278,G->A,GA
Node249,Node250,170791,C->T,TC
Node249,Node250,184562,G->A,GA
Node250,CPHL-345|MPX|OGUN|2025-08-14,32653,C->T,TC
Node250,CPHL-345|MPX|OGUN|2025-08-14,72868,G->A,GA
Node250,CPHL-345|MPX|OGUN|2025-08-14,129214,G->A,GT
Node250,CPHL-345|MPX|OGUN|2025-08-14,186253,C->T,TC
Node250,CPHL-639|MPXV|Lagos|2024-12-09,153981,T->A,
Node250,Node252,61502,G->C,
Node250,Node252,95034,G->A,GC
Node250,Node252,104416,C->T,TC
Node252,NRL-MPOX-25-170|EDO|Nigeria|2025-01-31,63916,G->A,GA
Node252,NRL-MPOX-25-170|EDO|Nigeria|2025-01-31,88854,G->A,GA
Node252,NRL-MPOX-25-170|EDO|Nigeria|2025-01-31,90992,C->T,TC
Node252,NRL-MPOX-25-170|EDO|Nigeria|2025-01-31,129652,G->A,GA
Node252,NRL-MPOX-25-170|EDO|Nigeria|2025-01-31,171013,C->T,TC
Node252,NRL-MPOX-25-170|EDO|Nigeria|2025-01-31,183365,A->C,
Node252,NRL-MPOX-25-460|AKWA_IBOM|Nigeria|2025-04-15,49824,G->A,GA
Node252,NRL-MPOX-25-460|AKWA_IBOM|Nigeria|2025-04-15,61498,A->G,
Node252,NRL-MPOX-25-460|AKWA_IBOM|Nigeria|2025-04-15,65571,C->T,TC
Node252,NRL-MPOX-25-460|AKWA_IBOM|Nigeria|2025-04-15,72191,C->T,TC
Node252,NRL-MPOX-25-460|AKWA_IBOM|Nigeria|2025-04-15,144456,G->A,GA
Node252,NRL-MPOX-25-460|AKWA_IBOM|Nigeria|2025-04-15,175305,G->A,GA
Node249,CPHL-379|MPX|LAGOS|2025-08-25,137005,G->A,GA
Node249,CPHL-379|MPX|LAGOS|2025-08-25,181495,C->T,TC
Node249,NRL-MPOX-25-0070|EDO|Nigeria|2025-01-10,21830,G->A,GA
Node249,NRL-MPOX-25-0070|EDO|Nigeria|2025-01-10,103883,G->A,GA
Node249,NRL-MPOX-25-0070|EDO|Nigeria|2025-01-10,154015,A->G,
Node249,NRL-MPOX-25-0070|EDO|Nigeria|2025-01-10,183790,C->T,TC
Node249,NRL-MPOX-25-0070|EDO|Nigeria|2025-01-10,189472,A->C,
Node249,NRL-MPOX-25-0070|EDO|Nigeria|2025-01-10,189732,T->A,
Node249,NRL-MPOX-25-0070|EDO|Nigeria|2025-01-10,189738,A->G,
Node151,Node254,56152,T->C,
Node151,Node254,143002,C->T,AC
Node151,Node254,151898,T->C,
Node151,Node254,153981,T->A,
Node151,Node254,173522,G->A,GA
Node254,Node255,98619,C->T,TC
Node255,Node256,60828,C->T,TC
Node256,MPOX-24-1035|Edo|Nigeria|204-10-22,27466,C->T,TC
Node256,MPOX-24-1035|Edo|Nigeria|204-10-22,28818,C->T,TC
Node256,MPOX-24-1035|Edo|Nigeria|204-10-22,108991,G->A,GA
Node256,MPOX-24-1035|Edo|Nigeria|204-10-22,153981,A->T,
Node256,MPOX-24-1035|Edo|Nigeria|204-10-22,165878,G->A,GA
Node256,MPOX-24-1035|Edo|Nigeria|204-10-22,166182,G->A,GA
Node256,Node257,171808,C->T,TC
Node256,Node257,172136,T->A,
Node257,CPHL-MPOX-24-344|Lagos|Nigeria|2024-08-27,56588,G->A,GA
Node255,CPHL-MPOX-24-400|Lagos|Nigeria|2024-09-09,24997,A->G,
Node255,CPHL-MPOX-24-400|Lagos|Nigeria|2024-09-09,180706,C->T,TC
Node254,Node258,7269,G->A,GA
Node254,Node258,10484,C->T,TC
Node254,Node258,61498,A->G,
Node258,Node260,46685,G->A,GA
Node258,Node260,108991,G->A,GA
Node260,Node261,4411,C->T,TC
Node260,Node261,153981,A->T,
Node261,MPOX-24-967|Rivers|Nigeria|2024-10-28,141101,C->T,TC
Node261,MPOX-24-967|Rivers|Nigeria|2024-10-28,151898,C->T,CC
Node261,CPHL-MPOX-24-401|Lagos|Nigeria|2024-09-10,56154,C->T,GC
Node258,CPHL-560|Lagos|Nigeria|2024-11-17,61489,C->G,
Node258,CPHL-560|Lagos|Nigeria|2024-11-17,72123,G->A,GA
Node258,CPHL-604|Lagos|Nigeria|2024-11-26,8245,T->C,
Node258,CPHL-604|Lagos|Nigeria|2024-11-26,151898,C->T,CC
Node258,CPHL-604|Lagos|Nigeria|2024-11-26,187686,C->T,TC
Node144,PP853022|TRM362|Rivers|Nigeria|2022-10-14,36553,G->A,GA
Node144,PP853022|TRM362|Rivers|Nigeria|2022-10-14,47032,C->T,TC
Node144,PP853022|TRM362|Rivers|Nigeria|2022-10-14,60923,C->T,TC
Node144,Node262,14589,C->T,TC
Node144,Node262,94840,G->A,GA
Node144,Node262,97484,G->A,GA
Node144,Node262,137536,G->A,GA
Node144,Node262,151163,C->T,TC
Node144,Node262,151623,C->T,TC
Node144,Node262,184936,C->T,TC
Node144,Node262,187154,C->T,TC
Node35,Node111,29887,C->T,TC
Node35,Node111,188544,G->A,GA
Node111,Node112,5089,G->A,GA
Node111,Node112,7844,C->T,TC
Node111,Node112,9477,C->T,TC
Node111,Node112,10795,C->T,TC
Node111,Node112,11034,C->T,TC
Node111,Node112,12426,C->T,TC
Node111,Node112,34432,C->T,TC
Node111,Node112,41437,C->T,TC
Node111,Node112,55823,G->A,GA
Node111,Node112,63034,G->A,GA
Node111,Node112,91998,G->A,GT
Node111,Node112,108891,C->T,TC
Node111,Node112,134107,G->A,GC
Node111,Node112,147845,C->T,TC
Node111,Node112,149359,G->A,GA
Node111,Node112,189358,C->T,TC
Node112,Node113,65370,G->A,GA
Node113,Node114,134134,C->T,TC
Node114,PP852978|TRM275|Kwara|Nigeria|2022-09-15,22179,C->T,TC
Node114,PP852978|TRM275|Kwara|Nigeria|2022-09-15,117590,C->T,TC
Node114,Node116,143511,C->T,CC
Node114,Node116,179321,C->T,TC
Node114,Node116,188491,C->T,TC
Node116,PP852994|TRM295|Lagos|Nigeria|2022-09-18,33832,C->T,TC
Node116,Node117,79010,C->T,TC
Node116,Node117,154188,G->A,GA
Node114,PP853019|TRM351|Rivers|Nigeria|2022-10-12,9099,C->T,TC
Node114,PP853019|TRM351|Rivers|Nigeria|2022-10-12,125753,C->T,TC
Node113,PP853053|TRM363|Bayelsa|Nigeria|2022-10-13,87741,C->T,TC
Node113,PP853053|TRM363|Bayelsa|Nigeria|2022-10-13,126310,G->A,GA
Node113,PP853053|TRM363|Bayelsa|Nigeria|2022-10-13,187145,G->A,GA
Node112,Node119,165875,G->A,GA
Node119,Node120,168930,G->A,GA
Node120,Node123,9462,G->A,GT
Node120,Node123,133838,G->A,GA
Node120,Node123,178988,G->A,GA
Node123,PP852979|TRM276|Anambra|Nigeria|2022-09-22,138799,G->A,GA
Node123,PP853011|TRM323|Ogun|Nigeria|2022-10-26,39062,C->T,TC
Node123,PP853011|TRM323|Ogun|Nigeria|2022-10-26,66570,C->T,TC
Node123,PP853011|TRM323|Ogun|Nigeria|2022-10-26,93646,C->T,TC
Node123,PP853011|TRM323|Ogun|Nigeria|2022-10-26,120534,C->T,TC
Node123,PP853011|TRM323|Ogun|Nigeria|2022-10-26,120803,A->G,
Node123,PP853011|TRM323|Ogun|Nigeria|2022-10-26,134403,G->A,GA
Node120,Node125,41219,C->T,TC
Node120,Node125,95172,G->A,GA
Node125,PP852995|TRM296|Delta|Nigeria|2022-08-30,68484,C->T,TC
Node120,PP853014|TRM331|Rivers|Nigeria|2022-10-06,171907,G->A,GT
Node120,Node124,86964,C->T,TC
Node120,Node124,89240,C->T,TC
Node120,Node124,187333,G->A,GA
Node124,PP853047|TRM352|AkwaIbom|Nigeria|2022-10-08,100779,G->A,GA
Node119,PP853038|TRM337|Delta|Nigeria|2022-09-16,8332,C->T,TC
Node119,PP853038|TRM337|Delta|Nigeria|2022-09-16,26567,C->T,TC
Node119,PP853038|TRM337|Delta|Nigeria|2022-09-16,26603,G->C,
Node119,PP853038|TRM337|Delta|Nigeria|2022-09-16,166214,C->T,TC
Node119,PP853038|TRM337|Delta|Nigeria|2022-09-16,169680,G->A,GT
Node119,PP853038|TRM337|Delta|Nigeria|2022-09-16,177312,G->A,GA
Node112,PP853032|TRM329|Bayelsa|Nigeria|2022-09-28,6111,C->T,TC
Node112,PP853032|TRM329|Bayelsa|Nigeria|2022-09-28,6771,G->A,GA
Node112,PP853032|TRM329|Bayelsa|Nigeria|2022-09-28,12174,C->T,TC
Node112,PP853032|TRM329|Bayelsa|Nigeria|2022-09-28,57033,G->A,GA
Node112,PP853032|TRM329|Bayelsa|Nigeria|2022-09-28,58957,T->A,
Node112,PP853032|TRM329|Bayelsa|Nigeria|2022-09-28,86403,G->A,GA
Node112,PP853032|TRM329|Bayelsa|Nigeria|2022-09-28,88275,G->A,GT
Node112,PP853032|TRM329|Bayelsa|Nigeria|2022-09-28,126664,C->T,TC
Node112,PP853032|TRM329|Bayelsa|Nigeria|2022-09-28,144216,C->T,TC
Node112,PP853032|TRM329|Bayelsa|Nigeria|2022-09-28,145889,G->A,GA
Node112,PP853032|TRM329|Bayelsa|Nigeria|2022-09-28,164832,C->T,TC
Node112,PP853032|TRM329|Bayelsa|Nigeria|2022-09-28,166214,C->T,TC
Node111,Node126,13648,C->T,AC
Node111,Node126,144446,G->A,GA
Node111,Node126,168532,C->T,TC
Node111,Node126,179853,C->T,TC
Node126,Node127,15626,G->T,
Node126,Node127,23127,G->A,GA
Node126,Node127,65895,G->A,GA
Node126,Node127,90945,C->T,TC
Node126,Node127,116774,G->A,GA
Node126,Node127,134628,C->T,TC
Node126,Node127,152410,G->A,GA
Node126,Node127,175231,A->C,
Node126,Node127,175403,C->G,
Node126,Node127,181209,C->T,TC
Node127,PP853001|TRM307|FCT|Nigeria|2022-09-26,112049,C->T,TC
Node127,PP853001|TRM307|FCT|Nigeria|2022-09-26,136039,G->A,GG
Node127,PP853001|TRM307|FCT|Nigeria|2022-09-26,148319,G->A,GA
Node127,Node129,63140,C->T,TC
Node127,Node129,84767,C->T,TC
Node129,Node130,46402,G->A,GA
Node129,Node130,161631,G->A,GA
Node130,PP853010|TRM321|Ondo|Nigeria|2022-10-05,33788,G->A,GA
Node130,PP853010|TRM321|Ondo|Nigeria|2022-10-05,123410,C->T,TC
Node130,PP853010|TRM321|Ondo|Nigeria|2022-10-05,134181,C->T,TC
Node130,PP853010|TRM321|Ondo|Nigeria|2022-10-05,173834,G->A,GA
Node130,PP853010|TRM321|Ondo|Nigeria|2022-10-05,190695,G->A,GA
Node130,MPX-23-006|Kogi|Lokoja|2023-01-06,2591,G->A,GA
Node130,MPX-23-006|Kogi|Lokoja|2023-01-06,96942,G->A,GG
Node130,MPX-23-006|Kogi|Lokoja|2023-01-06,108673,C->T,TC
Node129,PP853020|TRM353|Plateau|Nigeria|2022-10-24,25149,G->A,GA
Node129,PP853020|TRM353|Plateau|Nigeria|2022-10-24,149825,C->T,TC
Node129,PP853020|TRM353|Plateau|Nigeria|2022-10-24,176086,C->T,TC
Node129,PP853020|TRM353|Plateau|Nigeria|2022-10-24,178127,G->A,GA
Node127,PP853043|TRM343|Kaduna|Nigeria|2022-10-26,12117,C->T,TC
Node127,PP853043|TRM343|Kaduna|Nigeria|2022-10-26,33595,C->T,TC
Node127,PP853043|TRM343|Kaduna|Nigeria|2022-10-26,72591,T->C,
Node127,PP853043|TRM343|Kaduna|Nigeria|2022-10-26,84233,C->T,TC
Node127,PP853043|TRM343|Kaduna|Nigeria|2022-10-26,95653,G->A,GA
Node127,PP853043|TRM343|Kaduna|Nigeria|2022-10-26,113740,C->T,TC
Node127,PP853043|TRM343|Kaduna|Nigeria|2022-10-26,134456,A->C,
Node127,PP853043|TRM343|Kaduna|Nigeria|2022-10-26,165800,G->A,GA
Node126,PP853009|TRM320|Rivers|Nigeria|2022-10-03,2146,G->A,GA
Node126,PP853009|TRM320|Rivers|Nigeria|2022-10-03,7624,C->T,TC
Node126,PP853009|TRM320|Rivers|Nigeria|2022-10-03,7820,C->T,TC
Node126,PP853009|TRM320|Rivers|Nigeria|2022-10-03,8462,C->T,AC
Node126,PP853009|TRM320|Rivers|Nigeria|2022-10-03,9227,C->T,TC
Node126,PP853009|TRM320|Rivers|Nigeria|2022-10-03,9399,C->T,TC
Node126,PP853009|TRM320|Rivers|Nigeria|2022-10-03,11332,G->A,GA
Node126,PP853009|TRM320|Rivers|Nigeria|2022-10-03,12099,G->A,GA
Node126,PP853009|TRM320|Rivers|Nigeria|2022-10-03,15105,C->T,TC
Node126,PP853009|TRM320|Rivers|Nigeria|2022-10-03,16227,C->T,TC
Node126,PP853009|TRM320|Rivers|Nigeria|2022-10-03,55216,A->G,
Node126,PP853009|TRM320|Rivers|Nigeria|2022-10-03,64216,G->A,GG
Node126,PP853009|TRM320|Rivers|Nigeria|2022-10-03,74000,C->T,TC
Node126,PP853009|TRM320|Rivers|Nigeria|2022-10-03,75614,G->A,GA
Node126,PP853009|TRM320|Rivers|Nigeria|2022-10-03,89249,C->T,TC
Node126,PP853009|TRM320|Rivers|Nigeria|2022-10-03,105147,G->A,GA
Node126,PP853009|TRM320|Rivers|Nigeria|2022-10-03,128534,C->T,TC
Node126,PP853009|TRM320|Rivers|Nigeria|2022-10-03,130454,G->A,GA
Node126,PP853009|TRM320|Rivers|Nigeria|2022-10-03,134442,C->T,TC
Node126,PP853009|TRM320|Rivers|Nigeria|2022-10-03,142918,C->T,TC
Node126,PP853009|TRM320|Rivers|Nigeria|2022-10-03,156429,C->T,TC
Node126,PP853009|TRM320|Rivers|Nigeria|2022-10-03,160993,G->A,GA
Node126,PP853009|TRM320|Rivers|Nigeria|2022-10-03,176657,C->T,TC
Node126,PP853009|TRM320|Rivers|Nigeria|2022-10-03,179628,A->G,
Node35,Node263,3093,G->A,GA
Node35,Node263,6376,G->A,GA
Node35,Node263,15390,C->T,TC
Node35,Node263,23353,C->T,TC
Node35,Node263,27661,G->A,GA
Node35,Node263,30539,C->T,TC
Node35,Node263,30588,G->A,GA
Node35,Node263,33544,C->T,TC
Node35,Node263,47078,G->A,GA
Node35,Node263,56644,C->T,TC
Node35,Node263,121997,G->A,GA
Node35,Node263,146609,G->A,GA
Node35,Node263,156437,C->T,TC
Node35,Node263,162936,C->T,TC
Node35,Node263,164886,G->A,GA
Node35,Node263,172348,G->A,GA
Node35,Node263,172354,C->T,TC
Node35,Node263,181806,C->T,TC
Node263,Node264,3648,G->A,GA
Node263,Node264,82704,G->A,GA
Node263,Node264,140418,C->T,TC
Node264,PP852986|TRM284|Kaduna|Nigeria|2022-10-30,74065,C->T,TC
Node264,PP852986|TRM284|Kaduna|Nigeria|2022-10-30,173834,G->A,GA
Node264,PP853030|TRM325|Lagos|Nigeria|2022-09-14,85013,G->A,GA
Node264,PP853030|TRM325|Lagos|Nigeria|2022-09-14,145384,C->T,TC
Node263,PP853004|TRM312|Gombe|Nigeria|2022-10-08,34702,G->A,GA
Node263,PP853004|TRM312|Gombe|Nigeria|2022-10-08,70190,G->A,GA
Node263,PP853004|TRM312|Gombe|Nigeria|2022-10-08,134651,G->A,GT
Node263,PP853004|TRM312|Gombe|Nigeria|2022-10-08,173043,C->T,TC
Node34,OP535313|Unknown|Nigeria|2018-01,40281,C->T,TC
Node34,OP535313|Unknown|Nigeria|2018-01,85055,C->T,TC
Node34,OP535313|Unknown|Nigeria|2018-01,151014,G->A,GA
Node34,OP535313|Unknown|Nigeria|2018-01,156874,G->T,
Node34,OP535313|Unknown|Nigeria|2018-01,156875,A->T,
Node34,OP535313|Unknown|Nigeria|2018-01,156906,A->G,
Node34,OP535313|Unknown|Nigeria|2018-01,156913,T->A,
Node34,OP535313|Unknown|Nigeria|2018-01,156937,T->A,
Node34,OP535313|Unknown|Nigeria|2018-01,157014,G->A,GA
Node34,OP535313|Unknown|Nigeria|2018-01,157146,T->A,
Node34,OP535313|Unknown|Nigeria|2018-01,158049,C->A,
Node33,Node265,10430,C->T,TC
Node33,Node265,18699,C->T,TC
Node33,Node265,143669,C->T,TC
Node33,Node265,180039,G->A,GA
Node33,Node265,189317,G->A,GA
Node265,MK783032|Rivers|Nigeria|2017-11-01,26002,G->A,GA
Node265,MK783032|Rivers|Nigeria|2017-11-01,134814,C->T,TC
Node265,MK783032|Rivers|Nigeria|2017-11-01,180827,G->A,GA
Node265,OP535320|Abia|Nigeria|2017-11,15876,G->A,GA
Node9,Node288,5157,C->T,TC
Node9,Node288,7764,G->A,GA
Node9,Node288,9782,G->A,GC
Node9,Node288,133161,C->T,TC
Node288,MK783029|Rivers|Nigeria|2017-12-06,13797,C->T,TC
Node288,MK783029|Rivers|Nigeria|2017-12-06,20153,A->G,
Node288,MK783031|Rivers|Nigeria|2017-11-09,109736,G->A,GA
Node4,Node8,13212,C->T,AC
Node4,Node8,115195,C->A,
Node4,Node8,123135,A->G,
Node4,Node8,161372,G->A,GT
Node8,MPX-23-046|Abia|Isiala|2022-12-30,2591,G->A,GA
Node3,Node304,2241,C->T,AC
Node3,Node304,9181,C->T,TC
Node3,Node304,49890,C->T,GC
Node3,Node304,113478,G->A,GC
Node3,Node304,119345,C->T,AC
Node3,Node304,160672,C->T,TC
Node3,Node304,182855,G->A,GT
Node304,CPHL-572|Ondo|Nigeria|2024-11-21,32470,C->T,AC
Node304,CPHL-572|Ondo|Nigeria|2024-11-21,164832,C->A,
Node304,CPHL-MPOX-25-001|ONDO|Nigeria|2024-12-27,2591,G->A,GA
Node304,CPHL-MPOX-25-001|ONDO|Nigeria|2024-12-27,2681,G->A,GG
Node304,CPHL-MPOX-25-001|ONDO|Nigeria|2024-12-27,8616,G->T,
Node304,CPHL-MPOX-25-001|ONDO|Nigeria|2024-12-27,59504,C->T,GC
Node304,CPHL-MPOX-25-001|ONDO|Nigeria|2024-12-27,63105,G->A,GA
Node304,CPHL-MPOX-25-001|ONDO|Nigeria|2024-12-27,70450,C->T,CC
Node304,CPHL-MPOX-25-001|ONDO|Nigeria|2024-12-27,88498,C->T,CC
Node304,CPHL-MPOX-25-001|ONDO|Nigeria|2024-12-27,108571,T->C,
Node304,CPHL-MPOX-25-001|ONDO|Nigeria|2024-12-27,111823,T->G,
Node304,CPHL-MPOX-25-001|ONDO|Nigeria|2024-12-27,121897,G->A,GC
Node304,CPHL-MPOX-25-001|ONDO|Nigeria|2024-12-27,122560,T->A,
Node304,CPHL-MPOX-25-001|ONDO|Nigeria|2024-12-27,134653,C->T,TC
Node304,CPHL-MPOX-25-001|ONDO|Nigeria|2024-12-27,149372,G->T,
Node304,CPHL-MPOX-25-001|ONDO|Nigeria|2024-12-27,156536,G->A,GG
Node304,CPHL-MPOX-25-001|ONDO|Nigeria|2024-12-27,158314,G->A,GT
Node304,CPHL-MPOX-25-001|ONDO|Nigeria|2024-12-27,168661,C->A,
Node304,CPHL-MPOX-25-001|ONDO|Nigeria|2024-12-27,171131,G->A,GG
Node304,CPHL-MPOX-25-001|ONDO|Nigeria|2024-12-27,172263,G->A,GT
Node304,CPHL-MPOX-25-001|ONDO|Nigeria|2024-12-27,189496,G->T,
Node2,KJ642617|Abia|Nigeria|1971-04-04,13625,G->A,GT
Node2,KJ642617|Abia|Nigeria|1971-04-04,98727,C->T,AC
Node2,KJ642617|Abia|Nigeria|1971-04-04,119718,T->C,
Node2,KJ642617|Abia|Nigeria|1971-04-04,129762,A->G,
Node2,KJ642617|Abia|Nigeria|1971-04-04,149744,G->A,GT
Node2,KJ642617|Abia|Nigeria|1971-04-04,160174,G->T,
Node2,KJ642617|Abia|Nigeria|1971-04-04,160852,C->T,AC
Node1,Node305,311,A->T,
Node1,Node305,146022,G->A,GC
Node305,Node306,105909,T->C,
Node306,Node307,2386,T->C,
Node306,Node307,8343,G->A,GC
Node306,Node307,32973,G->T,
Node306,Node307,100799,C->A,
Node306,Node307,155688,A->C,
Node306,Node307,159777,G->A,GT
Node306,Node307,160320,C->T,GC
Node306,Node307,171697,A->G,
Node306,Node307,172765,C->T,TC
Node306,Node307,182626,A->G,
Node306,Node307,187481,C->T,AC
Node307,Node308,114012,G->C,
Node308,Node309,54547,C->T,AC
Node308,Node309,57358,A->G,
Node308,Node309,131901,A->G,
Node308,Node309,144991,G->T,
Node308,Node309,145913,C->A,
Node308,Node309,160299,G->A,GG
Node309,Node310,64872,C->T,GC
Node309,Node310,165083,C->T,GC
Node310,TRM288_MPXV_Nigeria_Akwa-Ibom_2022-09-28,17935,C->T,AC
Node310,TRM288_MPXV_Nigeria_Akwa-Ibom_2022-09-28,20902,C->T,GC
Node310,TRM288_MPXV_Nigeria_Akwa-Ibom_2022-09-28,103552,G->A,GC
Node310,TRM288_MPXV_Nigeria_Akwa-Ibom_2022-09-28,124036,C->T,GC
Node310,TRM288_MPXV_Nigeria_Akwa-Ibom_2022-09-28,136231,C->T,GC
Node310,TRM288_MPXV_Nigeria_Akwa-Ibom_2022-09-28,161628,C->T,AC
Node310,VSP199_MPXV_Nigeria_Akwa-Ibom_2022-01-01,774,C->T,GC
Node310,VSP199_MPXV_Nigeria_Akwa-Ibom_2022-01-01,65362,A->G,
Node310,VSP199_MPXV_Nigeria_Akwa-Ibom_2022-01-01,71120,C->A,
Node309,Node311,2386,C->T,CC
Node309,Node311,2591,G->A,GA
Node309,Node311,15220,G->A,GA
Node309,Node311,75477,C->T,AC
Node309,Node311,86046,C->T,AC
Node309,Node311,174702,C->T,GC
Node309,Node311,174799,G->C,
Node308,unpub|MPXV|TRM064|Cameroon|South-West|2022-10-06,1087,G->A,GA
Node308,unpub|MPXV|TRM064|Cameroon|South-West|2022-10-06,10796,A->G,
Node308,unpub|MPXV|TRM064|Cameroon|South-West|2022-10-06,16232,C->T,GC
Node308,unpub|MPXV|TRM064|Cameroon|South-West|2022-10-06,48569,C->T,CC
Node308,unpub|MPXV|TRM064|Cameroon|South-West|2022-10-06,48636,C->A,
Node308,unpub|MPXV|TRM064|Cameroon|South-West|2022-10-06,91813,G->A,GG
Node308,unpub|MPXV|TRM064|Cameroon|South-West|2022-10-06,99454,A->C,
Node308,unpub|MPXV|TRM064|Cameroon|South-West|2022-10-06,117059,G->A,GT
Node308,unpub|MPXV|TRM064|Cameroon|South-West|2022-10-06,126504,C->G,
Node308,unpub|MPXV|TRM064|Cameroon|South-West|2022-10-06,164970,G->A,GG
Node308,unpub|MPXV|TRM064|Cameroon|South-West|2022-10-06,166169,T->G,
Node308,unpub|MPXV|TRM064|Cameroon|South-West|2022-10-06,178558,T->G,
Node308,unpub|MPXV|TRM064|Cameroon|South-West|2022-10-06,179958,A->T,
Node308,unpub|MPXV|TRM064|Cameroon|South-West|2022-10-06,185530,A->C,
Node307,Node312,711,G->A,GT
Node307,Node312,7236,G->T,
Node307,Node312,17539,A->C,
Node307,Node312,25373,C->T,TC
Node307,Node312,25713,C->T,AC
Node307,Node312,33906,A->G,
Node307,Node312,63360,G->A,GC
Node307,Node312,66867,G->A,GT
Node307,Node312,75465,C->T,CC
Node307,Node312,92696,T->C,
Node307,Node312,95768,C->T,AC
Node307,Node312,163018,G->T,
Node307,Node312,167531,C->T,AC
Node307,Node312,179289,C->A,
Node307,Node312,185794,C->T,GC
Node312,unpub|MPXV|TRM054|Cameroon|North-West|2022-11-11,19434,G->T,
Node312,unpub|MPXV|TRM057|Cameroon|South-West|2022-10-13,129915,T->C,
Node306,unpub|MPXV|TRM072|Cameroon|Centre|2021-07-22,10733,A->G,
Node306,unpub|MPXV|TRM072|Cameroon|Centre|2021-07-22,11019,G->T,
Node306,unpub|MPXV|TRM072|Cameroon|Centre|2021-07-22,30722,T->G,
Node306,unpub|MPXV|TRM072|Cameroon|Centre|2021-07-22,36731,G->A,GC
Node306,unpub|MPXV|TRM072|Cameroon|Centre|2021-07-22,59504,C->T,GC
Node306,unpub|MPXV|TRM072|Cameroon|Centre|2021-07-22,73470,C->T,GC
Node306,unpub|MPXV|TRM072|Cameroon|Centre|2021-07-22,122713,G->A,GG
Node306,unpub|MPXV|TRM072|Cameroon|Centre|2021-07-22,131482,C->T,GC
Node306,unpub|MPXV|TRM072|Cameroon|Centre|2021-07-22,132640,C->T,AC
Node306,unpub|MPXV|TRM072|Cameroon|Centre|2021-07-22,135105,G->A,GC
Node306,unpub|MPXV|TRM072|Cameroon|Centre|2021-07-22,170912,G->T,
Node306,unpub|MPXV|TRM072|Cameroon|Centre|2021-07-22,173318,G->A,GG
Node306,unpub|MPXV|TRM072|Cameroon|Centre|2021-07-22,178013,G->C,
Node306,unpub|MPXV|TRM072|Cameroon|Centre|2021-07-22,179263,G->A,GC
Node306,unpub|MPXV|TRM072|Cameroon|Centre|2021-07-22,188478,C->T,GC
Node305,Node315,19136,G->A,GC
Node305,Node315,19488,C->T,TC
Node305,Node315,22998,A->G,
Node305,Node315,38403,G->A,GC
Node305,Node315,51064,G->A,GT
Node305,Node315,166152,A->T,
Node305,Node315,179809,G->T,
Node315,Node317,48041,C->A,
Node315,Node317,49889,G->A,GC
Node315,Node317,57532,C->T,AC
Node315,Node317,84002,T->A,
Node315,Node317,100267,G->A,GA
Node315,Node317,120006,G->A,GC
Node315,Node317,123774,C->A,
Node315,Node317,125591,G->A,GC
Node315,Node317,140127,C->T,AC
Node315,Node317,140128,A->T,
Node315,Node317,140129,A->G,
Node315,Node317,140136,C->T,AC
Node315,Node317,143851,C->T,CC
Node315,Node317,162409,C->A,
Node315,Node317,178107,G->A,GT
Node315,Node317,190045,A->T,
Node317,unpub|MPXV|TRM055|Cameroon|North-West|2018-05-10,25311,C->T,AC
Node317,unpub|MPXV|TRM055|Cameroon|North-West|2018-05-10,42111,G->A,GT
Node317,unpub|MPXV|TRM055|Cameroon|North-West|2018-05-10,110872,C->T,AC
Node317,unpub|MPXV|TRM055|Cameroon|North-West|2018-05-10,136585,G->A,GC
Node317,unpub|MPXV|TRM055|Cameroon|North-West|2018-05-10,143027,G->T,
Node317,unpub|MPXV|TRM055|Cameroon|North-West|2018-05-10,151365,G->A,GG
Node317,unpub|MPXV|TRM055|Cameroon|North-West|2018-05-10,151755,C->A,
Node317,unpub|MPXV|TRM055|Cameroon|North-West|2018-05-10,162380,G->A,GA
Node317,unpub|MPXV|TRM055|Cameroon|North-West|2018-05-10,162529,C->T,GC
Node317,unpub|MPXV|TRM055|Cameroon|North-West|2018-05-10,171102,G->A,GC
Node317,unpub|MPXV|TRM055|Cameroon|North-West|2018-05-10,190607,C->T,TC
Node317,Node318,16601,A->T,
Node317,Node318,39236,G->A,GT
Node317,Node318,59215,G->A,GC
Node317,Node318,82622,C->T,GC
Node317,Node318,111165,G->T,
Node317,Node318,167047,C->A,
Node317,Node318,172088,A->T,
Node317,Node318,173318,G->A,GG
Node317,Node318,179916,G->T,
Node317,Node318,183490,C->T,CC
Node315,unpub|MPXV|TRM066|Cameroon|North-West|2022-02-16,57565,C->T,AC
Node315,unpub|MPXV|TRM066|Cameroon|North-West|2022-02-16,180811,G->T,
Node315,Node319,2591,G->A,GA
Node315,Node319,10429,T->C,
Node315,Node319,18790,A->G,
Node315,Node319,19595,G->T,
Node315,Node319,26351,C->A,
Node315,Node319,39040,C->T,GC
Node315,Node319,46609,C->T,AC
Node315,Node319,47297,G->A,GG
Node315,Node319,47815,C->T,AC
Node315,Node319,59544,C->T,CC
Node315,Node319,83429,C->A,
Node315,Node319,91306,C->T,AC
Node315,Node319,96162,C->T,AC
Node315,Node319,103789,G->T,
Node315,Node319,140118,C->T,AC
Node315,Node319,140119,A->T,
Node315,Node319,150776,A->T,
Node315,Node319,155657,C->T,AC
Node315,Node319,158519,C->T,AC
Node315,Node319,168212,G->A,GC
Node315,Node319,182897,T->C,
Node315,Node319,187092,G->A,GG
Node319,Node321,36843,C->T,TC
