index,seqName,clade,outbreakLineage,lineage,outbreak,,,,,,,,,,,,,,,,,,,,,,,,,,,,,,,,,,,,,,,,,,,,,,,,,,,,,,,,,,
0,VSP191_MPXV_Nigeria_Abia_2022-12-30,IIb,,,,,,,,,,,,,,,,,,,,,,,,,,,,,,,,,,,,,,,,,,,,,,,,,,,,,,,,,,,,,
1,VSP189_MPXV_Nigeria_Abia_2022-01-01,IIb,,,,,,,,,,,,,,,,,,,,,,,,,,,,,,,,,,,,,,,,,,,,,,,,,,,,,,,,,,,,,
2,TRM288_MPXV_Nigeria_Akwa-Ibom_2022-09-28,IIb,,,,,,,,,,,,,,,,,,,,,,,,,,,,,,,,,,,,,,,,,,,,,,,,,,,,,,,,,,,,,
3,VSP199_MPXV_Nigeria_Akwa-Ibom_2022-01-01,IIb,,,,,,,,,,,,,,,,,,,,,,,,,,,,,,,,,,,,,,,,,,,,,,,,,,,,,,,,,,,,,
4,KJ642617|Nigeria|1971,IIb,,,,,,,,,,,,,,,,,,,,,,,,,,,,,,,,,,,,,,,,,,,,,,,,,,,,,,,,,,,,,
5,KJ642615|Nigeria|1978,II,,,,,,,,,,,,,,,,,,,,,,,,,,,,,,,,,,,,,,,,,,,,,,,,,,,,,,,,,,,,,
6,hmpxv|6-NigeriaTravel|USA|2025-03,IIb,sh2017/A.2.2,A.2.2,sh2017,,,,,,,,,,,,,,,,,,,,,,,,,,,,,,,,,,,,,,,,,,,,,,,,,,,,,,,,,,
7,OP535322|Edo|Nigeria|2017-10,IIb,sh2017/A,A,sh2017,,,,,,,,,,,,,,,,,,,,,,,,,,,,,,,,,,,,,,,,,,,,,,,,,,,,,,,,,,
8,OP535323|Bayelsa|Nigeria|2017-10,IIb,sh2017/A.3,A.3,sh2017,,,,,,,,,,,,,,,,,,,,,,,,,,,,,,,,,,,,,,,,,,,,,,,,,,,,,,,,,,
9,OP535324|Imo|Nigeria|2018-02,IIb,sh2017/A,A,sh2017,,,,,,,,,,,,,,,,,,,,,,,,,,,,,,,,,,,,,,,,,,,,,,,,,,,,,,,,,,
10,OP535325|Unknown|Nigeria|2018-06,IIb,sh2017/A,A,sh2017,,,,,,,,,,,,,,,,,,,,,,,,,,,,,,,,,,,,,,,,,,,,,,,,,,,,,,,,,,
11,OP535326|Oyo|Nigeria|2018-06,IIb,sh2017/A,A,sh2017,,,,,,,,,,,,,,,,,,,,,,,,,,,,,,,,,,,,,,,,,,,,,,,,,,,,,,,,,,
12,OP535327|Rivers|Nigeria|2018-03,IIb,sh2017/A,A,sh2017,,,,,,,,,,,,,,,,,,,,,,,,,,,,,,,,,,,,,,,,,,,,,,,,,,,,,,,,,,
13,OP535328|Rivers|Nigeria|2018-03,IIb,sh2017/A,A,sh2017,,,,,,,,,,,,,,,,,,,,,,,,,,,,,,,,,,,,,,,,,,,,,,,,,,,,,,,,,,
14,OP535329|Rivers|Nigeria|2018-03,IIb,sh2017/A,A,sh2017,,,,,,,,,,,,,,,,,,,,,,,,,,,,,,,,,,,,,,,,,,,,,,,,,,,,,,,,,,
15,OP535330|Imo|Nigeria|2018-02,IIb,sh2017/A,A,sh2017,,,,,,,,,,,,,,,,,,,,,,,,,,,,,,,,,,,,,,,,,,,,,,,,,,,,,,,,,,
16,OP535331|Oyo|Nigeria|2018-01,IIb,sh2017/A,A,sh2017,,,,,,,,,,,,,,,,,,,,,,,,,,,,,,,,,,,,,,,,,,,,,,,,,,,,,,,,,,
17,OP535332|Oyo|Nigeria|2018-01,IIb,sh2017/A,A,sh2017,,,,,,,,,,,,,,,,,,,,,,,,,,,,,,,,,,,,,,,,,,,,,,,,,,,,,,,,,,
18,OP535333|Oyo|Nigeria|2018-01,IIb,sh2017/A,A,sh2017,,,,,,,,,,,,,,,,,,,,,,,,,,,,,,,,,,,,,,,,,,,,,,,,,,,,,,,,,,
19,OP535334|Rivers|Nigeria|2018-02,IIb,sh2017/A,A,sh2017,,,,,,,,,,,,,,,,,,,,,,,,,,,,,,,,,,,,,,,,,,,,,,,,,,,,,,,,,,
20,OP535335|Bayelsa|Nigeria|2017-10,IIb,sh2017/A.3,A.3,sh2017,,,,,,,,,,,,,,,,,,,,,,,,,,,,,,,,,,,,,,,,,,,,,,,,,,,,,,,,,,
21,OP535336|Enugu|Nigeria|2017-10,IIb,sh2017/A,A,sh2017,,,,,,,,,,,,,,,,,,,,,,,,,,,,,,,,,,,,,,,,,,,,,,,,,,,,,,,,,,
22,OP535337|Bayelsa|Nigeria|2017-10,IIb,sh2017/A,A,sh2017,,,,,,,,,,,,,,,,,,,,,,,,,,,,,,,,,,,,,,,,,,,,,,,,,,,,,,,,,,
23,OP535338|Akwa-Ibom|Nigeria|2017-10,IIb,sh2017/A,A,sh2017,,,,,,,,,,,,,,,,,,,,,,,,,,,,,,,,,,,,,,,,,,,,,,,,,,,,,,,,,,
24,OP535339|Enugu|Nigeria|2017-10,IIb,sh2017/A,A,sh2017,,,,,,,,,,,,,,,,,,,,,,,,,,,,,,,,,,,,,,,,,,,,,,,,,,,,,,,,,,
25,OP535340|Akwa-Ibom|Nigeria|2017-10,IIb,sh2017/A,A,sh2017,,,,,,,,,,,,,,,,,,,,,,,,,,,,,,,,,,,,,,,,,,,,,,,,,,,,,,,,,,
26,OP535341|Bayelsa|Nigeria|2017-10,IIb,sh2017/A,A,sh2017,,,,,,,,,,,,,,,,,,,,,,,,,,,,,,,,,,,,,,,,,,,,,,,,,,,,,,,,,,
27,OP612674|Bayelsa|Nigeria|2019-01-12,IIb,sh2017/A.1,A.1,sh2017,,,,,,,,,,,,,,,,,,,,,,,,,,,,,,,,,,,,,,,,,,,,,,,,,,,,,,,,,,
28,OP612675|Bayelsa|Nigeria|2019-01-30,IIb,sh2017/A,A,sh2017,,,,,,,,,,,,,,,,,,,,,,,,,,,,,,,,,,,,,,,,,,,,,,,,,,,,,,,,,,
29,OP612676|Bayelsa|Nigeria|2019-02-20,IIb,sh2017/A,A,sh2017,,,,,,,,,,,,,,,,,,,,,,,,,,,,,,,,,,,,,,,,,,,,,,,,,,,,,,,,,,
30,OP612677|Rivers|Nigeria|2019-03-12,IIb,sh2017/A.3,A.3,sh2017,,,,,,,,,,,,,,,,,,,,,,,,,,,,,,,,,,,,,,,,,,,,,,,,,,,,,,,,,,
31,OP612678|Rivers|Nigeria|2019-11-02,IIb,sh2017/A,A,sh2017,,,,,,,,,,,,,,,,,,,,,,,,,,,,,,,,,,,,,,,,,,,,,,,,,,,,,,,,,,
32,OP612679|Delta|Nigeria|2019-03-14,IIb,sh2017/A.1,A.1,sh2017,,,,,,,,,,,,,,,,,,,,,,,,,,,,,,,,,,,,,,,,,,,,,,,,,,,,,,,,,,
33,OP612680|Lagos|Nigeria|2019-04-01,IIb,sh2017/A,A,sh2017,,,,,,,,,,,,,,,,,,,,,,,,,,,,,,,,,,,,,,,,,,,,,,,,,,,,,,,,,,
34,OP612681|Bayelsa|Nigeria|2019-04-20,IIb,sh2017/A.1,A.1,sh2017,,,,,,,,,,,,,,,,,,,,,,,,,,,,,,,,,,,,,,,,,,,,,,,,,,,,,,,,,,
35,OP612682|Bayelsa|Nigeria|2019-04-20,IIb,sh2017/A.1,A.1,sh2017,,,,,,,,,,,,,,,,,,,,,,,,,,,,,,,,,,,,,,,,,,,,,,,,,,,,,,,,,,
36,OP612683|Delta|Nigeria|2019-04-18,IIb,sh2017/A.1,A.1,sh2017,,,,,,,,,,,,,,,,,,,,,,,,,,,,,,,,,,,,,,,,,,,,,,,,,,,,,,,,,,
37,OP612684|Lagos|Nigeria|2019-05-10,IIb,sh2017/A,A,sh2017,,,,,,,,,,,,,,,,,,,,,,,,,,,,,,,,,,,,,,,,,,,,,,,,,,,,,,,,,,
38,OP612685|Delta|Nigeria|2019-05-29,IIb,sh2017/A.1,A.1,sh2017,,,,,,,,,,,,,,,,,,,,,,,,,,,,,,,,,,,,,,,,,,,,,,,,,,,,,,,,,,
39,OP612686|Delta|Nigeria|2019-06-26,IIb,sh2017/A.1,A.1,sh2017,,,,,,,,,,,,,,,,,,,,,,,,,,,,,,,,,,,,,,,,,,,,,,,,,,,,,,,,,,
40,OP612687|Enugu|Nigeria|2019-07-11,IIb,sh2017/A.1,A.1,sh2017,,,,,,,,,,,,,,,,,,,,,,,,,,,,,,,,,,,,,,,,,,,,,,,,,,,,,,,,,,
41,OP612688|Oyo|Nigeria|2019-10-07,IIb,sh2017/A.1,A.1,sh2017,,,,,,,,,,,,,,,,,,,,,,,,,,,,,,,,,,,,,,,,,,,,,,,,,,,,,,,,,,
42,OP612689|Rivers|Nigeria|2019-12-17,IIb,sh2017/A.2,A.2,sh2017,,,,,,,,,,,,,,,,,,,,,,,,,,,,,,,,,,,,,,,,,,,,,,,,,,,,,,,,,,
43,OP612690|Imo|Nigeria|2019-12-17,IIb,sh2017/A.2,A.2,sh2017,,,,,,,,,,,,,,,,,,,,,,,,,,,,,,,,,,,,,,,,,,,,,,,,,,,,,,,,,,
44,OP612691|unknown|Nigeria|2020-01-23,IIb,sh2017/A.2,A.2,sh2017,,,,,,,,,,,,,,,,,,,,,,,,,,,,,,,,,,,,,,,,,,,,,,,,,,,,,,,,,,
45,MK783027|Rivers|Nigeria|2017-11-09,IIb,sh2017/A,A,sh2017,,,,,,,,,,,,,,,,,,,,,,,,,,,,,,,,,,,,,,,,,,,,,,,,,,,,,,,,,,
46,MK783028|Rivers|Nigeria|2017-11-09,IIb,sh2017/A,A,sh2017,,,,,,,,,,,,,,,,,,,,,,,,,,,,,,,,,,,,,,,,,,,,,,,,,,,,,,,,,,
47,MK783029|Rivers|Nigeria|2017-12-06,IIb,sh2017/A,A,sh2017,,,,,,,,,,,,,,,,,,,,,,,,,,,,,,,,,,,,,,,,,,,,,,,,,,,,,,,,,,
48,MK783030|Rivers|Nigeria|2017-11-30,IIb,sh2017/A,A,sh2017,,,,,,,,,,,,,,,,,,,,,,,,,,,,,,,,,,,,,,,,,,,,,,,,,,,,,,,,,,
49,MK783031|Rivers|Nigeria|2017-11-09,IIb,sh2017/A,A,sh2017,,,,,,,,,,,,,,,,,,,,,,,,,,,,,,,,,,,,,,,,,,,,,,,,,,,,,,,,,,
50,MK783032|Rivers|Nigeria|2017-11-01,IIb,sh2017/A,A,sh2017,,,,,,,,,,,,,,,,,,,,,,,,,,,,,,,,,,,,,,,,,,,,,,,,,,,,,,,,,,
51,MK783033|Rivers|Nigeria|2017-10-09,IIb,sh2017/A.3,A.3,sh2017,,,,,,,,,,,,,,,,,,,,,,,,,,,,,,,,,,,,,,,,,,,,,,,,,,,,,,,,,,
52,MT903338|Lagos|Nigeria|2018,IIb,sh2017/A,A,sh2017,,,,,,,,,,,,,,,,,,,,,,,,,,,,,,,,,,,,,,,,,,,,,,,,,,,,,,,,,,
53,MT903339|Delta|Nigeria|2018,IIb,sh2017/A,A,sh2017,,,,,,,,,,,,,,,,,,,,,,,,,,,,,,,,,,,,,,,,,,,,,,,,,,,,,,,,,,
54,MT903341|Bayelsa|Nigeria|2018-08-14,IIb,sh2017/A,A,sh2017,,,,,,,,,,,,,,,,,,,,,,,,,,,,,,,,,,,,,,,,,,,,,,,,,,,,,,,,,,
55,NC063383|Rivers|Nigeria|2018-08,IIb,sh2017/A,A,sh2017,,,,,,,,,,,,,,,,,,,,,,,,,,,,,,,,,,,,,,,,,,,,,,,,,,,,,,,,,,
56,OP535312|Rivers|Nigeria|2018-02,IIb,sh2017/A,A,sh2017,,,,,,,,,,,,,,,,,,,,,,,,,,,,,,,,,,,,,,,,,,,,,,,,,,,,,,,,,,
57,OP535313|Unknown|Nigeria|2018-01,IIb,sh2017/A,A,sh2017,,,,,,,,,,,,,,,,,,,,,,,,,,,,,,,,,,,,,,,,,,,,,,,,,,,,,,,,,,
58,OP535314|Rivers|Nigeria|2018-01,IIb,sh2017/A,A,sh2017,,,,,,,,,,,,,,,,,,,,,,,,,,,,,,,,,,,,,,,,,,,,,,,,,,,,,,,,,,
59,OP535315|Imo|Nigeria|2018-02,IIb,sh2017/A,A,sh2017,,,,,,,,,,,,,,,,,,,,,,,,,,,,,,,,,,,,,,,,,,,,,,,,,,,,,,,,,,
60,OP535316|Imo|Nigeria|2018-02,IIb,sh2017/A,A,sh2017,,,,,,,,,,,,,,,,,,,,,,,,,,,,,,,,,,,,,,,,,,,,,,,,,,,,,,,,,,
61,OP535317|Lagos|Nigeria|2018-01,IIb,sh2017/A,A,sh2017,,,,,,,,,,,,,,,,,,,,,,,,,,,,,,,,,,,,,,,,,,,,,,,,,,,,,,,,,,
62,OP535318|Benue|Nigeria|2017-12,IIb,sh2017/A,A,sh2017,,,,,,,,,,,,,,,,,,,,,,,,,,,,,,,,,,,,,,,,,,,,,,,,,,,,,,,,,,
63,OP535319|Cross-River|Nigeria|2017-12,IIb,sh2017/A,A,sh2017,,,,,,,,,,,,,,,,,,,,,,,,,,,,,,,,,,,,,,,,,,,,,,,,,,,,,,,,,,
64,OP535320|Abia|Nigeria|2017-11,IIb,sh2017/A,A,sh2017,,,,,,,,,,,,,,,,,,,,,,,,,,,,,,,,,,,,,,,,,,,,,,,,,,,,,,,,,,
65,PP852973|TRM076|Rivers|Nigeria|2022-09-27,IIb,sh2017/A.2.3,A.2.3,sh2017,,,,,,,,,,,,,,,,,,,,,,,,,,,,,,,,,,,,,,,,,,,,,,,,,,,,,,,,,,
66,PP852974|TRM077|Anambra|Nigeria|2022-09-27,IIb,sh2017/A.2.3,A.2.3,sh2017,,,,,,,,,,,,,,,,,,,,,,,,,,,,,,,,,,,,,,,,,,,,,,,,,,,,,,,,,,
67,PP852975|TRM078|Abia|Nigeria|2022-09-19,IIb,sh2017/A.2.3,A.2.3,sh2017,,,,,,,,,,,,,,,,,,,,,,,,,,,,,,,,,,,,,,,,,,,,,,,,,,,,,,,,,,
68,PP852976|TRM081|Bayelsa|Nigeria|2022-10-21,IIb,sh2017/A.2.3,A.2.3,sh2017,,,,,,,,,,,,,,,,,,,,,,,,,,,,,,,,,,,,,,,,,,,,,,,,,,,,,,,,,,
69,PP852977|TRM082|Nasarawa|Nigeria|2022-11-01,IIb,sh2017/A.2.2,A.2.2,sh2017,,,,,,,,,,,,,,,,,,,,,,,,,,,,,,,,,,,,,,,,,,,,,,,,,,,,,,,,,,
70,PP852978|TRM275|Kwara|Nigeria|2022-09-15,IIb,sh2017/A.2.5,A.2.5,sh2017,,,,,,,,,,,,,,,,,,,,,,,,,,,,,,,,,,,,,,,,,,,,,,,,,,,,,,,,,,
71,PP852979|TRM276|Anambra|Nigeria|2022-09-22,IIb,sh2017/A.2.5,A.2.5,sh2017,,,,,,,,,,,,,,,,,,,,,,,,,,,,,,,,,,,,,,,,,,,,,,,,,,,,,,,,,,
72,PP852980|TRM277|FCT|Nigeria|2022-09-30,IIb,sh2017/A.2.3,A.2.3,sh2017,,,,,,,,,,,,,,,,,,,,,,,,,,,,,,,,,,,,,,,,,,,,,,,,,,,,,,,,,,
73,PP852981|TRM278|Imo|Nigeria|2022-09-20,IIb,sh2017/A.2.3,A.2.3,sh2017,,,,,,,,,,,,,,,,,,,,,,,,,,,,,,,,,,,,,,,,,,,,,,,,,,,,,,,,,,
74,PP852982|TRM279|Abia|Nigeria|2022-09-26,IIb,sh2017/A.2.3,A.2.3,sh2017,,,,,,,,,,,,,,,,,,,,,,,,,,,,,,,,,,,,,,,,,,,,,,,,,,,,,,,,,,
75,PP852983|TRM280|Enugu|Nigeria|2022-10-05,IIb,sh2017/A.2.3,A.2.3,sh2017,,,,,,,,,,,,,,,,,,,,,,,,,,,,,,,,,,,,,,,,,,,,,,,,,,,,,,,,,,
76,PP852984|TRM281|Imo|Nigeria|2022-10-11,IIb,sh2017/A.3,A.3,sh2017,,,,,,,,,,,,,,,,,,,,,,,,,,,,,,,,,,,,,,,,,,,,,,,,,,,,,,,,,,
77,PP852985|TRM283|Ebonyi|Nigeria|2022,IIb,sh2017/A.3,A.3,sh2017,,,,,,,,,,,,,,,,,,,,,,,,,,,,,,,,,,,,,,,,,,,,,,,,,,,,,,,,,,
78,PP852986|TRM284|Kaduna|Nigeria|2022-10-30,IIb,sh2017/A.2,A.2,sh2017,,,,,,,,,,,,,,,,,,,,,,,,,,,,,,,,,,,,,,,,,,,,,,,,,,,,,,,,,,
79,PP852987|TRM285|Lagos|Nigeria|2022-09-16,IIb,sh2017/A.2.2,A.2.2,sh2017,,,,,,,,,,,,,,,,,,,,,,,,,,,,,,,,,,,,,,,,,,,,,,,,,,,,,,,,,,
80,PP852988|TRM286|Anambra|Nigeria|2022-09-12,IIb,sh2017/A.2.3,A.2.3,sh2017,,,,,,,,,,,,,,,,,,,,,,,,,,,,,,,,,,,,,,,,,,,,,,,,,,,,,,,,,,
81,PP852991|TRM289|Abia|Nigeria|2022-09-25,IIb,sh2017/A.2.3,A.2.3,sh2017,,,,,,,,,,,,,,,,,,,,,,,,,,,,,,,,,,,,,,,,,,,,,,,,,,,,,,,,,,
82,PP852992|TRM291|Bayelsa|Nigeria|2022-10-07,IIb,sh2017/A.2.3,A.2.3,sh2017,,,,,,,,,,,,,,,,,,,,,,,,,,,,,,,,,,,,,,,,,,,,,,,,,,,,,,,,,,
83,PP852993|TRM293|Ebonyi|Nigeria|2022,IIb,sh2017/A.3,A.3,sh2017,,,,,,,,,,,,,,,,,,,,,,,,,,,,,,,,,,,,,,,,,,,,,,,,,,,,,,,,,,
84,PP852994|TRM295|Lagos|Nigeria|2022-09-18,IIb,sh2017/A.2.5,A.2.5,sh2017,,,,,,,,,,,,,,,,,,,,,,,,,,,,,,,,,,,,,,,,,,,,,,,,,,,,,,,,,,
85,PP852995|TRM296|Delta|Nigeria|2022-08-30,IIb,sh2017/A.2.5,A.2.5,sh2017,,,,,,,,,,,,,,,,,,,,,,,,,,,,,,,,,,,,,,,,,,,,,,,,,,,,,,,,,,
86,PP852996|TRM299|Abia|Nigeria|2022-09-26,IIb,sh2017/A.2.3,A.2.3,sh2017,,,,,,,,,,,,,,,,,,,,,,,,,,,,,,,,,,,,,,,,,,,,,,,,,,,,,,,,,,
87,PP852997|TRM294|Edo|Nigeria|2022-11-01,IIb,sh2017/A.2.3,A.2.3,sh2017,,,,,,,,,,,,,,,,,,,,,,,,,,,,,,,,,,,,,,,,,,,,,,,,,,,,,,,,,,
88,PP852998|TRM301|Bayelsa|Nigeria|2022-09-26,IIb,sh2017/A.2.5,A.2.5,sh2017,,,,,,,,,,,,,,,,,,,,,,,,,,,,,,,,,,,,,,,,,,,,,,,,,,,,,,,,,,
89,PP852999|TRM302|Imo|Nigeria|2022-10-14,IIb,sh2017/A.2.2,A.2.2,sh2017,,,,,,,,,,,,,,,,,,,,,,,,,,,,,,,,,,,,,,,,,,,,,,,,,,,,,,,,,,
90,PP853000|TRM303|Imo|Nigeria|2022-10-24,IIb,sh2017/A.2.3,A.2.3,sh2017,,,,,,,,,,,,,,,,,,,,,,,,,,,,,,,,,,,,,,,,,,,,,,,,,,,,,,,,,,
91,PP853001|TRM307|FCT|Nigeria|2022-09-26,IIb,sh2017/A.2,A.2,sh2017,,,,,,,,,,,,,,,,,,,,,,,,,,,,,,,,,,,,,,,,,,,,,,,,,,,,,,,,,,
92,PP853002|TRM308|FCT|Nigeria|2022-10-02,IIb,sh2017/A.3,A.3,sh2017,,,,,,,,,,,,,,,,,,,,,,,,,,,,,,,,,,,,,,,,,,,,,,,,,,,,,,,,,,
93,PP853003|TRM310|Ogun|Nigeria|2022-09-30,IIb,sh2017/A.2.2,A.2.2,sh2017,,,,,,,,,,,,,,,,,,,,,,,,,,,,,,,,,,,,,,,,,,,,,,,,,,,,,,,,,,
94,PP853004|TRM312|Gombe|Nigeria|2022-10-08,IIb,sh2017/A.2,A.2,sh2017,,,,,,,,,,,,,,,,,,,,,,,,,,,,,,,,,,,,,,,,,,,,,,,,,,,,,,,,,,
95,PP853005|TRM313|Imo|Nigeria|2022-10-24,IIb,sh2017/A.2.3,A.2.3,sh2017,,,,,,,,,,,,,,,,,,,,,,,,,,,,,,,,,,,,,,,,,,,,,,,,,,,,,,,,,,
96,PP853006|TRM316|Bayelsa|Nigeria|2022-09-19,IIb,sh2017/A.2.3,A.2.3,sh2017,,,,,,,,,,,,,,,,,,,,,,,,,,,,,,,,,,,,,,,,,,,,,,,,,,,,,,,,,,
97,PP853007|TRM317|Imo|Nigeria|2022-09-17,IIb,sh2017/A.2.3,A.2.3,sh2017,,,,,,,,,,,,,,,,,,,,,,,,,,,,,,,,,,,,,,,,,,,,,,,,,,,,,,,,,,
98,PP853008|TRM318|Lagos|Nigeria|2022-09-22,IIb,sh2017/A.2.2,A.2.2,sh2017,,,,,,,,,,,,,,,,,,,,,,,,,,,,,,,,,,,,,,,,,,,,,,,,,,,,,,,,,,
99,PP853009|TRM320|Rivers|Nigeria|2022-10-03,IIb,sh2017/A.2.4,A.2.4,sh2017,,,,,,,,,,,,,,,,,,,,,,,,,,,,,,,,,,,,,,,,,,,,,,,,,,,,,,,,,,
100,PP853010|TRM321|Ondo|Nigeria|2022-10-05,IIb,sh2017/A.2,A.2,sh2017,,,,,,,,,,,,,,,,,,,,,,,,,,,,,,,,,,,,,,,,,,,,,,,,,,,,,,,,,,
101,PP853011|TRM323|Ogun|Nigeria|2022-10-26,IIb,sh2017/A.2.5,A.2.5,sh2017,,,,,,,,,,,,,,,,,,,,,,,,,,,,,,,,,,,,,,,,,,,,,,,,,,,,,,,,,,
102,PP853012|TRM326|Rivers|Nigeria|2022-09-27,IIb,sh2017/A.2.2,A.2.2,sh2017,,,,,,,,,,,,,,,,,,,,,,,,,,,,,,,,,,,,,,,,,,,,,,,,,,,,,,,,,,
103,PP853013|TRM328|Lagos|Nigeria|2022-09-16,IIb,sh2017/A.2.2,A.2.2,sh2017,,,,,,,,,,,,,,,,,,,,,,,,,,,,,,,,,,,,,,,,,,,,,,,,,,,,,,,,,,
104,PP853014|TRM331|Rivers|Nigeria|2022-10-06,IIb,sh2017/A.2.5,A.2.5,sh2017,,,,,,,,,,,,,,,,,,,,,,,,,,,,,,,,,,,,,,,,,,,,,,,,,,,,,,,,,,
105,PP853015|TRM334|Kano|Nigeria|2022-11-02,IIb,sh2017/A.2.2,A.2.2,sh2017,,,,,,,,,,,,,,,,,,,,,,,,,,,,,,,,,,,,,,,,,,,,,,,,,,,,,,,,,,
106,PP853016|TRM338|Lagos|Nigeria|2022-09-23,IIb,sh2017/A.2.2,A.2.2,sh2017,,,,,,,,,,,,,,,,,,,,,,,,,,,,,,,,,,,,,,,,,,,,,,,,,,,,,,,,,,
107,PP853017|TRM344|Edo|Nigeria|2022-10-26,IIb,sh2017/A.3,A.3,sh2017,,,,,,,,,,,,,,,,,,,,,,,,,,,,,,,,,,,,,,,,,,,,,,,,,,,,,,,,,,
108,PP853019|TRM351|Rivers|Nigeria|2022-10-12,IIb,sh2017/A.2.5,A.2.5,sh2017,,,,,,,,,,,,,,,,,,,,,,,,,,,,,,,,,,,,,,,,,,,,,,,,,,,,,,,,,,
109,PP853020|TRM353|Plateau|Nigeria|2022-10-24,IIb,sh2017/A.2,A.2,sh2017,,,,,,,,,,,,,,,,,,,,,,,,,,,,,,,,,,,,,,,,,,,,,,,,,,,,,,,,,,
110,PP853021|TRM359|Anambra|Nigeria|2022-09-27,IIb,sh2017/A.2.3,A.2.3,sh2017,,,,,,,,,,,,,,,,,,,,,,,,,,,,,,,,,,,,,,,,,,,,,,,,,,,,,,,,,,
111,PP853022|TRM362|Rivers|Nigeria|2022-10-14,IIb,sh2017/A.2.2,A.2.2,sh2017,,,,,,,,,,,,,,,,,,,,,,,,,,,,,,,,,,,,,,,,,,,,,,,,,,,,,,,,,,
112,PP853023|TRM306|Imo|Nigeria|2022-09-13,IIb,sh2017/A.2.3,A.2.3,sh2017,,,,,,,,,,,,,,,,,,,,,,,,,,,,,,,,,,,,,,,,,,,,,,,,,,,,,,,,,,
113,PP853024|TRM311|Edo|Nigeria|2022-10-01,IIb,sh2017/A.2.3,A.2.3,sh2017,,,,,,,,,,,,,,,,,,,,,,,,,,,,,,,,,,,,,,,,,,,,,,,,,,,,,,,,,,
114,PP853025|TRM314|Bayelsa|Nigeria|2022-10-27,IIb,sh2017/A.2.3,A.2.3,sh2017,,,,,,,,,,,,,,,,,,,,,,,,,,,,,,,,,,,,,,,,,,,,,,,,,,,,,,,,,,
115,PP853026|TRM315|Kogi|Nigeria|2022-09-18,IIb,sh2017/A.2.3,A.2.3,sh2017,,,,,,,,,,,,,,,,,,,,,,,,,,,,,,,,,,,,,,,,,,,,,,,,,,,,,,,,,,
116,PP853027|TRM319|AkwaIbom|Nigeria|2022-09-27,IIb,sh2017/A.2.5,A.2.5,sh2017,,,,,,,,,,,,,,,,,,,,,,,,,,,,,,,,,,,,,,,,,,,,,,,,,,,,,,,,,,
117,PP853028|TRM322|Nasarawa|Nigeria|2022-10-13,IIb,sh2017/A.2.2,A.2.2,sh2017,,,,,,,,,,,,,,,,,,,,,,,,,,,,,,,,,,,,,,,,,,,,,,,,,,,,,,,,,,
118,PP853029|TRM324|Bayelsa|Nigeria|2022-10-30,IIb,sh2017/A.2.3,A.2.3,sh2017,,,,,,,,,,,,,,,,,,,,,,,,,,,,,,,,,,,,,,,,,,,,,,,,,,,,,,,,,,
119,PP853030|TRM325|Lagos|Nigeria|2022-09-14,IIb,sh2017/A.2,A.2,sh2017,,,,,,,,,,,,,,,,,,,,,,,,,,,,,,,,,,,,,,,,,,,,,,,,,,,,,,,,,,
120,PP853031|TRM327|Delta|Nigeria|2022-09-16,IIb,sh2017/A.2.3,A.2.3,sh2017,,,,,,,,,,,,,,,,,,,,,,,,,,,,,,,,,,,,,,,,,,,,,,,,,,,,,,,,,,
121,PP853032|TRM329|Bayelsa|Nigeria|2022-09-28,IIb,sh2017/A.2.5,A.2.5,sh2017,,,,,,,,,,,,,,,,,,,,,,,,,,,,,,,,,,,,,,,,,,,,,,,,,,,,,,,,,,
122,PP853033|TRM330|Ebonyi|Nigeria|2022,IIb,sh2017/A.2.3,A.2.3,sh2017,,,,,,,,,,,,,,,,,,,,,,,,,,,,,,,,,,,,,,,,,,,,,,,,,,,,,,,,,,
123,PP853034|TRM332|Anambra|Nigeria|2022-10-12,IIb,sh2017/A.2.1,A.2.1,sh2017,,,,,,,,,,,,,,,,,,,,,,,,,,,,,,,,,,,,,,,,,,,,,,,,,,,,,,,,,,
124,PP853035|TRM333|Kaduna|Nigeria|2022-10-24,IIb,sh2017/A.2.3,A.2.3,sh2017,,,,,,,,,,,,,,,,,,,,,,,,,,,,,,,,,,,,,,,,,,,,,,,,,,,,,,,,,,
125,PP853036|TRM335|Lagos|Nigeria|2022-09-12,IIb,sh2017/A.2.2,A.2.2,sh2017,,,,,,,,,,,,,,,,,,,,,,,,,,,,,,,,,,,,,,,,,,,,,,,,,,,,,,,,,,
126,PP853037|TRM336|FCT|Nigeria|2022-09-23,IIb,sh2017/A.2.3,A.2.3,sh2017,,,,,,,,,,,,,,,,,,,,,,,,,,,,,,,,,,,,,,,,,,,,,,,,,,,,,,,,,,
127,PP853038|TRM337|Delta|Nigeria|2022-09-16,IIb,sh2017/A.2.5,A.2.5,sh2017,,,,,,,,,,,,,,,,,,,,,,,,,,,,,,,,,,,,,,,,,,,,,,,,,,,,,,,,,,
128,PP853039|TRM339|Bayelsa|Nigeria|2022-09-28,IIb,sh2017/A.2.5,A.2.5,sh2017,,,,,,,,,,,,,,,,,,,,,,,,,,,,,,,,,,,,,,,,,,,,,,,,,,,,,,,,,,
129,PP853040|TRM340|Lagos|Nigeria|2022-09-29,IIb,sh2017/A.2.2,A.2.2,sh2017,,,,,,,,,,,,,,,,,,,,,,,,,,,,,,,,,,,,,,,,,,,,,,,,,,,,,,,,,,
130,PP853041|TRM341|AkwaIbom|Nigeria|2022-10-05,IIb,sh2017/A.2.3,A.2.3,sh2017,,,,,,,,,,,,,,,,,,,,,,,,,,,,,,,,,,,,,,,,,,,,,,,,,,,,,,,,,,
131,PP853042|TRM342|Anambra|Nigeria|2022-10-14,IIb,sh2017/A.2.3,A.2.3,sh2017,,,,,,,,,,,,,,,,,,,,,,,,,,,,,,,,,,,,,,,,,,,,,,,,,,,,,,,,,,
132,PP853043|TRM343|Kaduna|Nigeria|2022-10-26,IIb,sh2017/A.2,A.2,sh2017,,,,,,,,,,,,,,,,,,,,,,,,,,,,,,,,,,,,,,,,,,,,,,,,,,,,,,,,,,
133,PP853044|TRM347|Delta|Nigeria|2022-08-30,IIb,sh2017/A.2.5,A.2.5,sh2017,,,,,,,,,,,,,,,,,,,,,,,,,,,,,,,,,,,,,,,,,,,,,,,,,,,,,,,,,,
134,PP853045|TRM349|Anambra|Nigeria|2022-09-27,IIb,sh2017/A.2.3,A.2.3,sh2017,,,,,,,,,,,,,,,,,,,,,,,,,,,,,,,,,,,,,,,,,,,,,,,,,,,,,,,,,,
135,PP853046|TRM350|Lagos|Nigeria|2022-09-30,IIb,sh2017/A.2.2,A.2.2,sh2017,,,,,,,,,,,,,,,,,,,,,,,,,,,,,,,,,,,,,,,,,,,,,,,,,,,,,,,,,,
136,PP853047|TRM352|AkwaIbom|Nigeria|2022-10-08,IIb,sh2017/A.2.5,A.2.5,sh2017,,,,,,,,,,,,,,,,,,,,,,,,,,,,,,,,,,,,,,,,,,,,,,,,,,,,,,,,,,
137,PP853048|TRM354|Imo|Nigeria|2022-10-17,IIb,sh2017/A.2.3,A.2.3,sh2017,,,,,,,,,,,,,,,,,,,,,,,,,,,,,,,,,,,,,,,,,,,,,,,,,,,,,,,,,,
138,PP853049|TRM355|Lagos|Nigeria|2022-09-13,IIb,sh2017/A.2.3,A.2.3,sh2017,,,,,,,,,,,,,,,,,,,,,,,,,,,,,,,,,,,,,,,,,,,,,,,,,,,,,,,,,,
139,PP853050|TRM357|Plateau|Nigeria|2022-09-12,IIb,sh2017/A.2.3,A.2.3,sh2017,,,,,,,,,,,,,,,,,,,,,,,,,,,,,,,,,,,,,,,,,,,,,,,,,,,,,,,,,,
140,PP853051|TRM358|Lagos|Nigeria|2022-09-23,IIb,sh2017/A.2.3,A.2.3,sh2017,,,,,,,,,,,,,,,,,,,,,,,,,,,,,,,,,,,,,,,,,,,,,,,,,,,,,,,,,,
141,PP853052|TRM360|Kaduna|Nigeria|2022-09-17,IIb,sh2017/A.2.3,A.2.3,sh2017,,,,,,,,,,,,,,,,,,,,,,,,,,,,,,,,,,,,,,,,,,,,,,,,,,,,,,,,,,
142,PP853053|TRM363|Bayelsa|Nigeria|2022-10-13,IIb,sh2017/A.2.5,A.2.5,sh2017,,,,,,,,,,,,,,,,,,,,,,,,,,,,,,,,,,,,,,,,,,,,,,,,,,,,,,,,,,
143,PP852943|TRM365|Ogun|Nigeria|2022-09-14,IIb,sh2017/A.3,A.3,sh2017,,,,,,,,,,,,,,,,,,,,,,,,,,,,,,,,,,,,,,,,,,,,,,,,,,,,,,,,,,
144,PP852944|TRM367|Anambra|Nigeria|2022-09-14,IIb,sh2017/A.2.3,A.2.3,sh2017,,,,,,,,,,,,,,,,,,,,,,,,,,,,,,,,,,,,,,,,,,,,,,,,,,,,,,,,,,
145,PP852956|VSP198|Edo|Nigeria|2022,IIb,sh2017/A.2.2,A.2.2,sh2017,,,,,,,,,,,,,,,,,,,,,,,,,,,,,,,,,,,,,,,,,,,,,,,,,,,,,,,,,,
146,PP852966|VSP208|Rivers|Nigeria|2023-03-15,IIb,sh2017/A.2.3,A.2.3,sh2017,,,,,,,,,,,,,,,,,,,,,,,,,,,,,,,,,,,,,,,,,,,,,,,,,,,,,,,,,,
147,PP852967|VSP209|Abia|Nigeria|2023-03-20,IIb,sh2017/A.2.3,A.2.3,sh2017,,,,,,,,,,,,,,,,,,,,,,,,,,,,,,,,,,,,,,,,,,,,,,,,,,,,,,,,,,
148,PP852951|VSP193|Borno|Nigeria|2023-01-08,IIb,sh2017/A.2.3,A.2.3,sh2017,,,,,,,,,,,,,,,,,,,,,,,,,,,,,,,,,,,,,,,,,,,,,,,,,,,,,,,,,,
149,PP852952|VSP194|Borno|Nigeria|2022-01-01,IIb,sh2017/A.2.3,A.2.3,sh2017,,,,,,,,,,,,,,,,,,,,,,,,,,,,,,,,,,,,,,,,,,,,,,,,,,,,,,,,,,
150,PP852961|VSP203|CrossRiver|Nigeria|2023-02-20,IIb,sh2017/A.2.3,A.2.3,sh2017,,,,,,,,,,,,,,,,,,,,,,,,,,,,,,,,,,,,,,,,,,,,,,,,,,,,,,,,,,
151,PP852962|VSP204|Rivers|Nigeria|2023-03-03,IIb,sh2017/A.2.3,A.2.3,sh2017,,,,,,,,,,,,,,,,,,,,,,,,,,,,,,,,,,,,,,,,,,,,,,,,,,,,,,,,,,
152,PP852968|VSP210|Enugu|Nigeria|2023-03-21,IIb,sh2017/A.2.3,A.2.3,sh2017,,,,,,,,,,,,,,,,,,,,,,,,,,,,,,,,,,,,,,,,,,,,,,,,,,,,,,,,,,
153,PP852953|VSP195|Imo|Nigeria|2022,IIb,sh2017/A.3,A.3,sh2017,,,,,,,,,,,,,,,,,,,,,,,,,,,,,,,,,,,,,,,,,,,,,,,,,,,,,,,,,,
154,PP852950|VSP192|AkwaIbom|Nigeria|2023-01-08,IIb,sh2017/A.2.3,A.2.3,sh2017,,,,,,,,,,,,,,,,,,,,,,,,,,,,,,,,,,,,,,,,,,,,,,,,,,,,,,,,,,
155,PP852963|VSP205|Rivers|Nigeria|2023-03-03,IIb,sh2017/A.2.3,A.2.3,sh2017,,,,,,,,,,,,,,,,,,,,,,,,,,,,,,,,,,,,,,,,,,,,,,,,,,,,,,,,,,
156,PP852960|VSP202|Nigeria|2023-02-21,IIb,sh2017/A.2.3,A.2.3,sh2017,,,,,,,,,,,,,,,,,,,,,,,,,,,,,,,,,,,,,,,,,,,,,,,,,,,,,,,,,,
157,PP852969|VSP212|Imo|Nigeria|2023-04-17,IIb,sh2017/A.2.3,A.2.3,sh2017,,,,,,,,,,,,,,,,,,,,,,,,,,,,,,,,,,,,,,,,,,,,,,,,,,,,,,,,,,
158,PP852972|VSP215|FCT|Nigeria|2023-05-31,IIb,sh2017/A.2.2,A.2.2,sh2017,,,,,,,,,,,,,,,,,,,,,,,,,,,,,,,,,,,,,,,,,,,,,,,,,,,,,,,,,,
159,PP852958|VSP200|Edo|Nigeria|2022,IIb,sh2017/A.2.3,A.2.3,sh2017,,,,,,,,,,,,,,,,,,,,,,,,,,,,,,,,,,,,,,,,,,,,,,,,,,,,,,,,,,
160,PP852965|VSP207|Bayelsa|Nigeria|2023-03-14,IIb,sh2017/A.2.3,A.2.3,sh2017,,,,,,,,,,,,,,,,,,,,,,,,,,,,,,,,,,,,,,,,,,,,,,,,,,,,,,,,,,
161,PP852948|VSP190|Abia|Nigeria|2023-01-02,IIb,sh2017/A.2.3,A.2.3,sh2017,,,,,,,,,,,,,,,,,,,,,,,,,,,,,,,,,,,,,,,,,,,,,,,,,,,,,,,,,,
162,PP852955|VSP197|Edo|Nigeria|2022,IIb,sh2017/A.2.2,A.2.2,sh2017,,,,,,,,,,,,,,,,,,,,,,,,,,,,,,,,,,,,,,,,,,,,,,,,,,,,,,,,,,
163,PP852964|VSP206|Niger|Nigeria|2023-03-15,IIb,sh2017/A.2.3,A.2.3,sh2017,,,,,,,,,,,,,,,,,,,,,,,,,,,,,,,,,,,,,,,,,,,,,,,,,,,,,,,,,,
164,PP852959|VSP201|AkwaIbom|Nigeria|2023-02-21,IIb,sh2017/A.2.3,A.2.3,sh2017,,,,,,,,,,,,,,,,,,,,,,,,,,,,,,,,,,,,,,,,,,,,,,,,,,,,,,,,,,
165,PP852954|VSP196|Abia|Nigeria|2023-01-24,IIb,sh2017/A.3,A.3,sh2017,,,,,,,,,,,,,,,,,,,,,,,,,,,,,,,,,,,,,,,,,,,,,,,,,,,,,,,,,,
166,PP852949|VSP191|Abia|Nigeria|2022-12-30,IIb,,,,,,,,,,,,,,,,,,,,,,,,,,,,,,,,,,,,,,,,,,,,,,,,,,,,,,,,,,,,,
167,PP852971|VSP214|FCT|Nigeria|2023-05-31,IIb,sh2017/A.2.2,A.2.2,sh2017,,,,,,,,,,,,,,,,,,,,,,,,,,,,,,,,,,,,,,,,,,,,,,,,,,,,,,,,,,
168,PP852970|VSP213|Rivers|Nigeria|2023-05-16,IIb,sh2017/A.2.3,A.2.3,sh2017,,,,,,,,,,,,,,,,,,,,,,,,,,,,,,,,,,,,,,,,,,,,,,,,,,,,,,,,,,
169,PP852946|VSP188|Bayelsa|Nigeria|2022-12-26,IIb,sh2017/A.2.3,A.2.3,sh2017,,,,,,,,,,,,,,,,,,,,,,,,,,,,,,,,,,,,,,,,,,,,,,,,,,,,,,,,,,
170,UNTH-0046,IIb,sh2017/A.2.2,A.2.2,sh2017,,,,,,,,,,,,,,,,,,,,,,,,,,,,,,,,,,,,,,,,,,,,,,,,,,,,,,,,,,
171,UNTH-0050,IIb,sh2017/A.2.2,A.2.2,sh2017,,,,,,,,,,,,,,,,,,,,,,,,,,,,,,,,,,,,,,,,,,,,,,,,,,,,,,,,,,
172,MPOX-24-006,IIb,sh2017/A.2.2,A.2.2,sh2017,,,,,,,,,,,,,,,,,,,,,,,,,,,,,,,,,,,,,,,,,,,,,,,,,,,,,,,,,,
173,NRL-25-0035,IIb,sh2017/A.2.2,A.2.2,sh2017,,,,,,,,,,,,,,,,,,,,,,,,,,,,,,,,,,,,,,,,,,,,,,,,,,,,,,,,,,
174,MPX-22-1794|,IIb,sh2017/A.3,A.3,sh2017,,,,,,,,,,,,,,,,,,,,,,,,,,,,,,,,,,,,,,,,,,,,,,,,,,,,,,,,,,
175,MPX-23-061|Kaduna|Kaduna-south|,IIb,sh2017/A.2.3,A.2.3,sh2017,,,,,,,,,,,,,,,,,,,,,,,,,,,,,,,,,,,,,,,,,,,,,,,,,,,,,,,,,,
176,MPX-23-090|Imo|Onu-east|,IIb,sh2017/A.3,A.3,sh2017,,,,,,,,,,,,,,,,,,,,,,,,,,,,,,,,,,,,,,,,,,,,,,,,,,,,,,,,,,
177,MPOX-24-704_S14_L001,IIb,sh2017/A.2.3,A.2.3,sh2017,,,,,,,,,,,,,,,,,,,,,,,,,,,,,,,,,,,,,,,,,,,,,,,,,,,,,,,,,,
178,MPX-23-050|Akwa-Ibom|Abak|,IIb,sh2017/A.2.3,A.2.3,sh2017,,,,,,,,,,,,,,,,,,,,,,,,,,,,,,,,,,,,,,,,,,,,,,,,,,,,,,,,,,
179,MPX-23-043|Abia|Isiala-North|,IIb,,,,,,,,,,,,,,,,,,,,,,,,,,,,,,,,,,,,,,,,,,,,,,,,,,,,,,,,,,,,,
180,NRL_CPHL_25,IIb,sh2017/A.2.2,A.2.2,sh2017,,,,,,,,,,,,,,,,,,,,,,,,,,,,,,,,,,,,,,,,,,,,,,,,,,,,,,,,,,
181,NRL_CPHL_25A,IIb,sh2017/A.2.2,A.2.2,sh2017,,,,,,,,,,,,,,,,,,,,,,,,,,,,,,,,,,,,,,,,,,,,,,,,,,,,,,,,,,
182,NRL_CPHL_32A|MPX|Rivers|2025-02-24,IIb,sh2017/A.2.2,A.2.2,sh2017,,,,,,,,,,,,,,,,,,,,,,,,,,,,,,,,,,,,,,,,,,,,,,,,,,,,,,,,,,
183,NRL_CPHL_33A|MPX|Ebonyi|2025-02-24,IIb,sh2017/A.2.3,A.2.3,sh2017,,,,,,,,,,,,,,,,,,,,,,,,,,,,,,,,,,,,,,,,,,,,,,,,,,,,,,,,,,
184,NRL_CPHL_20A|MPX|Rivers|2025-01-21,IIb,sh2017/A.2.2,A.2.2,sh2017,,,,,,,,,,,,,,,,,,,,,,,,,,,,,,,,,,,,,,,,,,,,,,,,,,,,,,,,,,
185,NRL_CPHL_49A|MPX|Rivers|2025-04-14,IIb,sh2017/A.2.2,A.2.2,sh2017,,,,,,,,,,,,,,,,,,,,,,,,,,,,,,,,,,,,,,,,,,,,,,,,,,,,,,,,,,
186,MPX-23-001|FCT|Bwari|2023-01-03,IIb,sh2017/A.2.2,A.2.2,sh2017,,,,,,,,,,,,,,,,,,,,,,,,,,,,,,,,,,,,,,,,,,,,,,,,,,,,,,,,,,
187,MPOX-24-1029|Imo|Nigeria|2023-09-16,IIb,,,,,,,,,,,,,,,,,,,,,,,,,,,,,,,,,,,,,,,,,,,,,,,,,,,,,,,,,,,,,
188,CPHL-344|MPX|OYO|2025-08-13,IIb,sh2017/A.2.2,A.2.2,sh2017,,,,,,,,,,,,,,,,,,,,,,,,,,,,,,,,,,,,,,,,,,,,,,,,,,,,,,,,,,
189,CPHL-345|MPX|OGUN|2025-08-14,IIb,sh2017/A.2.2,A.2.2,sh2017,,,,,,,,,,,,,,,,,,,,,,,,,,,,,,,,,,,,,,,,,,,,,,,,,,,,,,,,,,
190,CPHL-346|MPX|OGUN|2025-08-14,IIb,sh2017/A.2.2,A.2.2,sh2017,,,,,,,,,,,,,,,,,,,,,,,,,,,,,,,,,,,,,,,,,,,,,,,,,,,,,,,,,,
191,CPHL-365|MPX|ONDO|2025-08-15,IIb,sh2017/A.2.2,A.2.2,sh2017,,,,,,,,,,,,,,,,,,,,,,,,,,,,,,,,,,,,,,,,,,,,,,,,,,,,,,,,,,
192,CPHL-379|MPX|LAGOS|2025-08-25,IIb,sh2017/A.2.2,A.2.2,sh2017,,,,,,,,,,,,,,,,,,,,,,,,,,,,,,,,,,,,,,,,,,,,,,,,,,,,,,,,,,
193,CPHL-412|MPX|LAGOS|2025-09-10,IIb,sh2017/A.2.2,A.2.2,sh2017,,,,,,,,,,,,,,,,,,,,,,,,,,,,,,,,,,,,,,,,,,,,,,,,,,,,,,,,,,
194,CPHL-421|MPX|LAGOS|2025-09-22,IIb,sh2017/A.2.2,A.2.2,sh2017,,,,,,,,,,,,,,,,,,,,,,,,,,,,,,,,,,,,,,,,,,,,,,,,,,,,,,,,,,
195,CPHL-454|MPX|LAGOS|2025-09-30,IIb,sh2017/A.2.2,A.2.2,sh2017,,,,,,,,,,,,,,,,,,,,,,,,,,,,,,,,,,,,,,,,,,,,,,,,,,,,,,,,,,
196,UNTH-0052|MPX|ENUGU|2025-10-15,IIb,sh2017/A.2.2,A.2.2,sh2017,,,,,,,,,,,,,,,,,,,,,,,,,,,,,,,,,,,,,,,,,,,,,,,,,,,,,,,,,,
197,MPOX-24-1035|Edo|Nigeria|204-10-22,IIb,sh2017/A.2.2,A.2.2,sh2017,,,,,,,,,,,,,,,,,,,,,,,,,,,,,,,,,,,,,,,,,,,,,,,,,,,,,,,,,,
198,MPOX-24-1036|Edo|Nigeria|2024-10-28,IIb,sh2017/A.2.3,A.2.3,sh2017,,,,,,,,,,,,,,,,,,,,,,,,,,,,,,,,,,,,,,,,,,,,,,,,,,,,,,,,,,
199,CPHL-639|MPXV|Lagos|2024-12-09,IIb,sh2017/A.2.2,A.2.2,sh2017,,,,,,,,,,,,,,,,,,,,,,,,,,,,,,,,,,,,,,,,,,,,,,,,,,,,,,,,,,
200,MPOX-24-1121|Anambra|Nigeria|2024-11-06,IIb,sh2017/A.2.2,A.2.2,sh2017,,,,,,,,,,,,,,,,,,,,,,,,,,,,,,,,,,,,,,,,,,,,,,,,,,,,,,,,,,
201,NRL_CPHL_13|MPX|Rivers|2024-12-13,IIb,sh2017/A.2.2,A.2.2,sh2017,,,,,,,,,,,,,,,,,,,,,,,,,,,,,,,,,,,,,,,,,,,,,,,,,,,,,,,,,,
202,NRL_CPHL_17|MPX|Rivers|2024-12-28,IIb,sh2017/A.2.2,A.2.2,sh2017,,,,,,,,,,,,,,,,,,,,,,,,,,,,,,,,,,,,,,,,,,,,,,,,,,,,,,,,,,
203,NRL_CPHL_17A|MPX|Rivers|2024-12-28,IIb,sh2017/A.2.2,A.2.2,sh2017,,,,,,,,,,,,,,,,,,,,,,,,,,,,,,,,,,,,,,,,,,,,,,,,,,,,,,,,,,
204,NRL_CPHL_61A|MPX|Rivers|2025-05-13,IIb,sh2017/A.2.2,A.2.2,sh2017,,,,,,,,,,,,,,,,,,,,,,,,,,,,,,,,,,,,,,,,,,,,,,,,,,,,,,,,,,
205,NRL_CPHL_20|MPX|Rivers|2025-01-21,IIb,sh2017/A.2.2,A.2.2,sh2017,,,,,,,,,,,,,,,,,,,,,,,,,,,,,,,,,,,,,,,,,,,,,,,,,,,,,,,,,,
206,NRL_CPHL_23A|MPX|Rivers|2025-02-03,IIb,sh2017/A.2.2,A.2.2,sh2017,,,,,,,,,,,,,,,,,,,,,,,,,,,,,,,,,,,,,,,,,,,,,,,,,,,,,,,,,,
207,NRL_CPHL_24A|MPX|Rivers|2025-02-04,IIb,sh2017/A.2.2,A.2.2,sh2017,,,,,,,,,,,,,,,,,,,,,,,,,,,,,,,,,,,,,,,,,,,,,,,,,,,,,,,,,,
208,NRL_CPHL_32|MPX|Rivers|2025-02-24,IIb,sh2017/A.2.2,A.2.2,sh2017,,,,,,,,,,,,,,,,,,,,,,,,,,,,,,,,,,,,,,,,,,,,,,,,,,,,,,,,,,
209,NRL_CPHL_33|MPX|Ebonyi|2025-02-24,IIb,sh2017/A.2.3,A.2.3,sh2017,,,,,,,,,,,,,,,,,,,,,,,,,,,,,,,,,,,,,,,,,,,,,,,,,,,,,,,,,,
210,NRL_CPHL_41|MPX|Rivers|2025-03-15,IIb,sh2017/A.2.2,A.2.2,sh2017,,,,,,,,,,,,,,,,,,,,,,,,,,,,,,,,,,,,,,,,,,,,,,,,,,,,,,,,,,
211,NRL_CPHL_41A|MPX|Rivers|2025-03-15,IIb,sh2017/A.2.2,A.2.2,sh2017,,,,,,,,,,,,,,,,,,,,,,,,,,,,,,,,,,,,,,,,,,,,,,,,,,,,,,,,,,
212,NRL_CPHL_50|MPX|Rivers|2025-04-17,IIb,sh2017/A.2.2,A.2.2,sh2017,,,,,,,,,,,,,,,,,,,,,,,,,,,,,,,,,,,,,,,,,,,,,,,,,,,,,,,,,,
213,NRL_CPHL_61|MPX|Rivers|2025-05-13,IIb,sh2017/A.2.2,A.2.2,sh2017,,,,,,,,,,,,,,,,,,,,,,,,,,,,,,,,,,,,,,,,,,,,,,,,,,,,,,,,,,
214,NRL_CPHL_67|MPX|Rivers|2025-05-31,IIb,sh2017/A.2.2,A.2.2,sh2017,,,,,,,,,,,,,,,,,,,,,,,,,,,,,,,,,,,,,,,,,,,,,,,,,,,,,,,,,,
215,MPX-23-006|Kogi|Lokoja|2023-01-06,IIb,sh2017/A.2,A.2,sh2017,,,,,,,,,,,,,,,,,,,,,,,,,,,,,,,,,,,,,,,,,,,,,,,,,,,,,,,,,,
216,MPX-23-015|Borno|Biyu|2022-12-29,IIb,sh2017/A.2.3,A.2.3,sh2017,,,,,,,,,,,,,,,,,,,,,,,,,,,,,,,,,,,,,,,,,,,,,,,,,,,,,,,,,,
217,MPX-23-032|Bayelsa|Yenegoa|2022-12-26,IIb,sh2017/A.2.3,A.2.3,sh2017,,,,,,,,,,,,,,,,,,,,,,,,,,,,,,,,,,,,,,,,,,,,,,,,,,,,,,,,,,
218,MPX-23-045|Abia|Isiala|2023-01-02,IIb,sh2017/A.2.3,A.2.3,sh2017,,,,,,,,,,,,,,,,,,,,,,,,,,,,,,,,,,,,,,,,,,,,,,,,,,,,,,,,,,
219,MPX-23-046|Abia|Isiala|2022-12-30,IIb,,,,,,,,,,,,,,,,,,,,,,,,,,,,,,,,,,,,,,,,,,,,,,,,,,,,,,,,,,,,,
220,MPX-23-059|Borno|Mongono|2023-01-08,IIb,sh2017/A.2.3,A.2.3,sh2017,,,,,,,,,,,,,,,,,,,,,,,,,,,,,,,,,,,,,,,,,,,,,,,,,,,,,,,,,,
221,MPOX-24-1015|Taraba|Nigeria|2024-11-05,IIb,sh2017/A.2.3,A.2.3,sh2017,,,,,,,,,,,,,,,,,,,,,,,,,,,,,,,,,,,,,,,,,,,,,,,,,,,,,,,,,,
222,MPOX-24-1016|Taraba|Nigeria|2024-11-05,IIb,sh2017/A.2.3,A.2.3,sh2017,,,,,,,,,,,,,,,,,,,,,,,,,,,,,,,,,,,,,,,,,,,,,,,,,,,,,,,,,,
223,MPOX-24-1022|Lagos|Nigeria|2024-10-31,IIb,sh2017/A.2.3,A.2.3,sh2017,,,,,,,,,,,,,,,,,,,,,,,,,,,,,,,,,,,,,,,,,,,,,,,,,,,,,,,,,,
224,MPOX-24-1065|Lagos|Nigeria|2024-11-12,IIb,sh2017/A.2.2,A.2.2,sh2017,,,,,,,,,,,,,,,,,,,,,,,,,,,,,,,,,,,,,,,,,,,,,,,,,,,,,,,,,,
225,MPOX-24-1066|Imo|Nigeria|2024-11-12,IIb,sh2017/A.2.2,A.2.2,sh2017,,,,,,,,,,,,,,,,,,,,,,,,,,,,,,,,,,,,,,,,,,,,,,,,,,,,,,,,,,
226,MPOX-24-1219|Benue|Nigeria|2024-11-09,IIb,sh2017/A.2.2,A.2.2,sh2017,,,,,,,,,,,,,,,,,,,,,,,,,,,,,,,,,,,,,,,,,,,,,,,,,,,,,,,,,,
227,MPOX-24-1220|Benue|Nigeria|2024-12-02,IIb,sh2017/A.2.2,A.2.2,sh2017,,,,,,,,,,,,,,,,,,,,,,,,,,,,,,,,,,,,,,,,,,,,,,,,,,,,,,,,,,
228,MPOX-24-545_S1_L001|Edo|Nigeria|2024-08-16,IIb,,,,,,,,,,,,,,,,,,,,,,,,,,,,,,,,,,,,,,,,,,,,,,,,,,,,,,,,,,,,,
229,MPOX-24-618_S3_L001|AkwaIbom|Nigeria|2024-08-27,IIb,,,,,,,,,,,,,,,,,,,,,,,,,,,,,,,,,,,,,,,,,,,,,,,,,,,,,,,,,,,,,
230,MPOX-24-627_S4_L001|Delta|Nigeria|2024-08-30,IIb,sh2017/A.2.2,A.2.2,sh2017,,,,,,,,,,,,,,,,,,,,,,,,,,,,,,,,,,,,,,,,,,,,,,,,,,,,,,,,,,
231,MPOX-24-632_S5_L001|Delta|Nigeria|2024-08-30,IIb,sh2017/A.2.2,A.2.2,sh2017,,,,,,,,,,,,,,,,,,,,,,,,,,,,,,,,,,,,,,,,,,,,,,,,,,,,,,,,,,
232,MPOX-24-633_S6_L001|Imo|Nigeria|2024-08-29,IIb,sh2017/A.2.2,A.2.2,sh2017,,,,,,,,,,,,,,,,,,,,,,,,,,,,,,,,,,,,,,,,,,,,,,,,,,,,,,,,,,
233,MPOX-24-642_S7_L001|Fct|Nigeria|2024-09-03,IIb,sh2017/A.2.2,A.2.2,sh2017,,,,,,,,,,,,,,,,,,,,,,,,,,,,,,,,,,,,,,,,,,,,,,,,,,,,,,,,,,
234,MPOX-24-643_S8_L001|Gombe|Nigeria|2024-09-02,IIb,sh2017/A.2.2,A.2.2,sh2017,,,,,,,,,,,,,,,,,,,,,,,,,,,,,,,,,,,,,,,,,,,,,,,,,,,,,,,,,,
235,MPOX-24-647_S9_L001|Benue|Nigeria|2024-09-02,IIb,sh2017/A.2.2,A.2.2,sh2017,,,,,,,,,,,,,,,,,,,,,,,,,,,,,,,,,,,,,,,,,,,,,,,,,,,,,,,,,,
236,MPOX-24-675_S10_L001|AkwaIbom|Nigeria|2024-09-03,IIb,,,,,,,,,,,,,,,,,,,,,,,,,,,,,,,,,,,,,,,,,,,,,,,,,,,,,,,,,,,,,
237,MPOX-24-680_S11_L001|AkwaIbom|Nigeria|2024-09-05,IIb,,,,,,,,,,,,,,,,,,,,,,,,,,,,,,,,,,,,,,,,,,,,,,,,,,,,,,,,,,,,,
238,MPOX-24-686_S12_L001|CrossRiver|Nigeria|2024-09-06,IIb,,,,,,,,,,,,,,,,,,,,,,,,,,,,,,,,,,,,,,,,,,,,,,,,,,,,,,,,,,,,,
239,MPOX-24-766_S15_L001|Plateau|Nigeria|2024-09-18,IIb,sh2017/A.2.2,A.2.2,sh2017,,,,,,,,,,,,,,,,,,,,,,,,,,,,,,,,,,,,,,,,,,,,,,,,,,,,,,,,,,
240,MPOX-24-788_S16_L001|Plateau|Nigeria|2024-09-24,IIb,sh2017/A.2.2,A.2.2,sh2017,,,,,,,,,,,,,,,,,,,,,,,,,,,,,,,,,,,,,,,,,,,,,,,,,,,,,,,,,,
241,MPOX-24-811_S19_L001|CrossRiver|Nigeria|2024-09-14,IIb,,,,,,,,,,,,,,,,,,,,,,,,,,,,,,,,,,,,,,,,,,,,,,,,,,,,,,,,,,,,,
242,MPOX-24-812_S20_L001|CrossRiver|Nigeria|2024-09-14,IIb,,,,,,,,,,,,,,,,,,,,,,,,,,,,,,,,,,,,,,,,,,,,,,,,,,,,,,,,,,,,,
243,MPOX-24-925|Fct|Nigeria|2024-10-22,IIb,sh2017/A.2.2,A.2.2,sh2017,,,,,,,,,,,,,,,,,,,,,,,,,,,,,,,,,,,,,,,,,,,,,,,,,,,,,,,,,,
244,MPOX-24-934|Imo|Nigeria|2024-10-12,IIb,,,,,,,,,,,,,,,,,,,,,,,,,,,,,,,,,,,,,,,,,,,,,,,,,,,,,,,,,,,,,
245,MPOX-24-944|Plateau|Nigeria|2024-10-18,IIb,sh2017/A.2.2,A.2.2,sh2017,,,,,,,,,,,,,,,,,,,,,,,,,,,,,,,,,,,,,,,,,,,,,,,,,,,,,,,,,,
246,MPOX-24-966|Delta|Nigeria|2024-10-27,IIb,sh2017/A.2.2,A.2.2,sh2017,,,,,,,,,,,,,,,,,,,,,,,,,,,,,,,,,,,,,,,,,,,,,,,,,,,,,,,,,,
247,MPOX-24-967|Rivers|Nigeria|2024-10-28,IIb,sh2017/A.2.2,A.2.2,sh2017,,,,,,,,,,,,,,,,,,,,,,,,,,,,,,,,,,,,,,,,,,,,,,,,,,,,,,,,,,
248,MPOX-24-982|Taraba|Nigeria|2024-10-28,IIb,sh2017/A.2.3,A.2.3,sh2017,,,,,,,,,,,,,,,,,,,,,,,,,,,,,,,,,,,,,,,,,,,,,,,,,,,,,,,,,,
249,MPOX-24-984|Edo|Nigeria|2024-11-01,IIb,sh2017/A.2.3,A.2.3,sh2017,,,,,,,,,,,,,,,,,,,,,,,,,,,,,,,,,,,,,,,,,,,,,,,,,,,,,,,,,,
250,MPOX-24-987|AkwaIbom|Nigeria|2024-10-29,IIb,sh2017/A.2.2,A.2.2,sh2017,,,,,,,,,,,,,,,,,,,,,,,,,,,,,,,,,,,,,,,,,,,,,,,,,,,,,,,,,,
251,MPOX-24-997|Ogun|Nigeria|2024-10-28,IIb,sh2017/A.2.2,A.2.2,sh2017,,,,,,,,,,,,,,,,,,,,,,,,,,,,,,,,,,,,,,,,,,,,,,,,,,,,,,,,,,
252,NRL-25-052|Plateau|Nigeria|2024-11-09,IIb,sh2017/A.2.2,A.2.2,sh2017,,,,,,,,,,,,,,,,,,,,,,,,,,,,,,,,,,,,,,,,,,,,,,,,,,,,,,,,,,
253,NRL-25-151|Kaduna|Nigeria|2025-01-31,IIb,sh2017/A.2.2,A.2.2,sh2017,,,,,,,,,,,,,,,,,,,,,,,,,,,,,,,,,,,,,,,,,,,,,,,,,,,,,,,,,,
254,NRL-25-152|Kaduna|Nigeria|2025-01-28,IIb,sh2017/A.2.2,A.2.2,sh2017,,,,,,,,,,,,,,,,,,,,,,,,,,,,,,,,,,,,,,,,,,,,,,,,,,,,,,,,,,
255,NRL-25-154|Edo|Nigeria|2025-01-29,IIb,sh2017/A.2.2,A.2.2,sh2017,,,,,,,,,,,,,,,,,,,,,,,,,,,,,,,,,,,,,,,,,,,,,,,,,,,,,,,,,,
256,NRL-25-155|Delta|Nigeria|2025-01-29,IIb,sh2017/A.2.2,A.2.2,sh2017,,,,,,,,,,,,,,,,,,,,,,,,,,,,,,,,,,,,,,,,,,,,,,,,,,,,,,,,,,
257,NRL-25-158|Kaduna|Nigeria|2025-01-27,IIb,sh2017/A.2.2,A.2.2,sh2017,,,,,,,,,,,,,,,,,,,,,,,,,,,,,,,,,,,,,,,,,,,,,,,,,,,,,,,,,,
258,NRL-25-159|Kaduna|Nigeria|2025-01-30,IIb,sh2017/A.2.2,A.2.2,sh2017,,,,,,,,,,,,,,,,,,,,,,,,,,,,,,,,,,,,,,,,,,,,,,,,,,,,,,,,,,
259,NRL-MPOX-24-850|Edo|Nigeria|2024-10-03,IIb,sh2017/A.2.2,A.2.2,sh2017,,,,,,,,,,,,,,,,,,,,,,,,,,,,,,,,,,,,,,,,,,,,,,,,,,,,,,,,,,
260,NRL-MPOX-24-860|Plateau|Nigeria|2024-09-29,IIb,sh2017/A.2.2,A.2.2,sh2017,,,,,,,,,,,,,,,,,,,,,,,,,,,,,,,,,,,,,,,,,,,,,,,,,,,,,,,,,,
261,NRL-MPOX-24-864|Fct|Nigeria|2024-10-08,IIb,sh2017/A.2.2,A.2.2,sh2017,,,,,,,,,,,,,,,,,,,,,,,,,,,,,,,,,,,,,,,,,,,,,,,,,,,,,,,,,,
262,NRL-MPOX-24-909|Plateau|Nigeria|2024-10-11,IIb,sh2017/A.2.2,A.2.2,sh2017,,,,,,,,,,,,,,,,,,,,,,,,,,,,,,,,,,,,,,,,,,,,,,,,,,,,,,,,,,
263,NRL-MPOX-839|Fct|Nigeria|2024-10-03,IIb,sh2017/A.2.2,A.2.2,sh2017,,,,,,,,,,,,,,,,,,,,,,,,,,,,,,,,,,,,,,,,,,,,,,,,,,,,,,,,,,
264,CPHL-510|Ondo|Nigeria|2024-10-09,IIb,sh2017/A.2.2,A.2.2,sh2017,,,,,,,,,,,,,,,,,,,,,,,,,,,,,,,,,,,,,,,,,,,,,,,,,,,,,,,,,,
265,CPHL-521|Lagos|Nigeria|2024-10-16,IIb,sh2017/A.2.3,A.2.3,sh2017,,,,,,,,,,,,,,,,,,,,,,,,,,,,,,,,,,,,,,,,,,,,,,,,,,,,,,,,,,
266,CPHL-533|Lagos|Nigeria|2024-10-26,IIb,sh2017/A.2.2,A.2.2,sh2017,,,,,,,,,,,,,,,,,,,,,,,,,,,,,,,,,,,,,,,,,,,,,,,,,,,,,,,,,,
267,CPHL-560|Lagos|Nigeria|2024-11-17,IIb,sh2017/A.2.2,A.2.2,sh2017,,,,,,,,,,,,,,,,,,,,,,,,,,,,,,,,,,,,,,,,,,,,,,,,,,,,,,,,,,
268,CPHL-572|Ondo|Nigeria|2024-11-21,IIb,,,,,,,,,,,,,,,,,,,,,,,,,,,,,,,,,,,,,,,,,,,,,,,,,,,,,,,,,,,,,
269,CPHL-604|Lagos|Nigeria|2024-11-26,IIb,sh2017/A.2.2,A.2.2,sh2017,,,,,,,,,,,,,,,,,,,,,,,,,,,,,,,,,,,,,,,,,,,,,,,,,,,,,,,,,,
270,CPHL-607|Lagos|Nigeria|2024-12-04,IIb,sh2017/A.2.2,A.2.2,sh2017,,,,,,,,,,,,,,,,,,,,,,,,,,,,,,,,,,,,,,,,,,,,,,,,,,,,,,,,,,
271,CPHL-MPOX-24-318|Osun|Nigeria|2024-08-21,IIb,sh2017/A.2.2,A.2.2,sh2017,,,,,,,,,,,,,,,,,,,,,,,,,,,,,,,,,,,,,,,,,,,,,,,,,,,,,,,,,,
272,CPHL-MPOX-24-344|Lagos|Nigeria|2024-08-27,IIb,sh2017/A.2.2,A.2.2,sh2017,,,,,,,,,,,,,,,,,,,,,,,,,,,,,,,,,,,,,,,,,,,,,,,,,,,,,,,,,,
273,CPHL-MPOX-24-369|Lagos|Nigeria|2024-09-02,IIb,sh2017/A.2.2,A.2.2,sh2017,,,,,,,,,,,,,,,,,,,,,,,,,,,,,,,,,,,,,,,,,,,,,,,,,,,,,,,,,,
274,CPHL-MPOX-24-400|Lagos|Nigeria|2024-09-09,IIb,sh2017/A.2.2,A.2.2,sh2017,,,,,,,,,,,,,,,,,,,,,,,,,,,,,,,,,,,,,,,,,,,,,,,,,,,,,,,,,,
275,CPHL-MPOX-24-401|Lagos|Nigeria|2024-09-10,IIb,sh2017/A.2.2,A.2.2,sh2017,,,,,,,,,,,,,,,,,,,,,,,,,,,,,,,,,,,,,,,,,,,,,,,,,,,,,,,,,,
276,CPHL-MPOX-24-419|Lagos|Nigeria|2024-09-12,IIb,sh2017/A.2.2,A.2.2,sh2017,,,,,,,,,,,,,,,,,,,,,,,,,,,,,,,,,,,,,,,,,,,,,,,,,,,,,,,,,,
277,CPHL-MPOX-24-474|Lagos|Nigeria|2024-09-27,IIb,sh2017/A.2.2,A.2.2,sh2017,,,,,,,,,,,,,,,,,,,,,,,,,,,,,,,,,,,,,,,,,,,,,,,,,,,,,,,,,,
278,CPHL-MPOX-24-477|Lagos|Nigeria|2024-09-25,IIb,sh2017/A.2.3,A.2.3,sh2017,,,,,,,,,,,,,,,,,,,,,,,,,,,,,,,,,,,,,,,,,,,,,,,,,,,,,,,,,,
279,CPHL-MPOX-24-509|Oyo|Nigeria|2024-10-07,IIb,sh2017/A.2.2,A.2.2,sh2017,,,,,,,,,,,,,,,,,,,,,,,,,,,,,,,,,,,,,,,,,,,,,,,,,,,,,,,,,,
280,CPHL-MPOX-25-001|ONDO|Nigeria|2024-12-27,IIb,,,,,,,,,,,,,,,,,,,,,,,,,,,,,,,,,,,,,,,,,,,,,,,,,,,,,,,,,,,,,
281,CPHL-MPOX-25-0035|ONDO|Nigeria|2025-01-21,IIb,sh2017/A.2.2,A.2.2,sh2017,,,,,,,,,,,,,,,,,,,,,,,,,,,,,,,,,,,,,,,,,,,,,,,,,,,,,,,,,,
282,CPHL-MPOX-25-004|LAGOS|Nigeria|2024-12-31,IIb,sh2017/A.2.2,A.2.2,sh2017,,,,,,,,,,,,,,,,,,,,,,,,,,,,,,,,,,,,,,,,,,,,,,,,,,,,,,,,,,
283,CPHL-MPOX-25-007|OGUN|Nigeria|2024-12-26,IIb,sh2017/A.2.2,A.2.2,sh2017,,,,,,,,,,,,,,,,,,,,,,,,,,,,,,,,,,,,,,,,,,,,,,,,,,,,,,,,,,
284,NRL-MPOX-25-0035|SOKOTO|Nigeria|2024-12-30,IIb,sh2017/A.2.2,A.2.2,sh2017,,,,,,,,,,,,,,,,,,,,,,,,,,,,,,,,,,,,,,,,,,,,,,,,,,,,,,,,,,
285,NRL-MPOX-25-0052|PLATEAU|Nigeria|2024-12-18,IIb,sh2017/A.2.2,A.2.2,sh2017,,,,,,,,,,,,,,,,,,,,,,,,,,,,,,,,,,,,,,,,,,,,,,,,,,,,,,,,,,
286,NRL-MPOX-25-0066|KADUNA|Nigeria|2025-01-04,IIb,sh2017/A.2.2,A.2.2,sh2017,,,,,,,,,,,,,,,,,,,,,,,,,,,,,,,,,,,,,,,,,,,,,,,,,,,,,,,,,,
287,NRL-MPOX-25-0070|EDO|Nigeria|2025-01-10,IIb,sh2017/A.2.2,A.2.2,sh2017,,,,,,,,,,,,,,,,,,,,,,,,,,,,,,,,,,,,,,,,,,,,,,,,,,,,,,,,,,
288,NRL-MPOX-25-0094|DELTA|Nigeria|2025-01-13,IIb,sh2017/A.2.2,A.2.2,sh2017,,,,,,,,,,,,,,,,,,,,,,,,,,,,,,,,,,,,,,,,,,,,,,,,,,,,,,,,,,
289,NRL-MPOX-25-0110|NASARAWA|Nigeria|2025-01-21,IIb,sh2017/A.2.2,A.2.2,sh2017,,,,,,,,,,,,,,,,,,,,,,,,,,,,,,,,,,,,,,,,,,,,,,,,,,,,,,,,,,
290,NRL-MPOX-25-0112|EDO|Nigeria|2025-01-14,IIb,sh2017/A.2.2,A.2.2,sh2017,,,,,,,,,,,,,,,,,,,,,,,,,,,,,,,,,,,,,,,,,,,,,,,,,,,,,,,,,,
291,NRL-MPOX-25-0114|BAYELSA|Nigeria|2025-01-17,IIb,sh2017/A.2.2,A.2.2,sh2017,,,,,,,,,,,,,,,,,,,,,,,,,,,,,,,,,,,,,,,,,,,,,,,,,,,,,,,,,,
292,NRL-MPOX-25-0151|KADUNA|Nigeria|2025-01-31,IIb,sh2017/A.2.2,A.2.2,sh2017,,,,,,,,,,,,,,,,,,,,,,,,,,,,,,,,,,,,,,,,,,,,,,,,,,,,,,,,,,
293,NRL-MPOX-25-0152|KADUNA|Nigeria|2025-01-28,IIb,sh2017/A.2.2,A.2.2,sh2017,,,,,,,,,,,,,,,,,,,,,,,,,,,,,,,,,,,,,,,,,,,,,,,,,,,,,,,,,,
294,NRL-MPOX-25-0154|EDO|Nigeria|2025-01-29,IIb,sh2017/A.2.2,A.2.2,sh2017,,,,,,,,,,,,,,,,,,,,,,,,,,,,,,,,,,,,,,,,,,,,,,,,,,,,,,,,,,
295,NRL-MPOX-25-0155|DELTA|Nigeria|2025-01-29,IIb,sh2017/A.2.2,A.2.2,sh2017,,,,,,,,,,,,,,,,,,,,,,,,,,,,,,,,,,,,,,,,,,,,,,,,,,,,,,,,,,
296,NRL-MPOX-25-0158|KADUNA|Nigeria|2025-01-27,IIb,sh2017/A.2.2,A.2.2,sh2017,,,,,,,,,,,,,,,,,,,,,,,,,,,,,,,,,,,,,,,,,,,,,,,,,,,,,,,,,,
297,NRL-MPOX-25-0159|KADUNA|Nigeria|2025-01-30,IIb,sh2017/A.2.2,A.2.2,sh2017,,,,,,,,,,,,,,,,,,,,,,,,,,,,,,,,,,,,,,,,,,,,,,,,,,,,,,,,,,
298,NRL-MPOX-25-0185|DELTA|Nigeria|2025-02-04,IIb,sh2017/A.2.2,A.2.2,sh2017,,,,,,,,,,,,,,,,,,,,,,,,,,,,,,,,,,,,,,,,,,,,,,,,,,,,,,,,,,
299,NRL-MPOX-25-0188|EBONYI|Nigeria|2025-01-05,IIb,sh2017/A.2.2,A.2.2,sh2017,,,,,,,,,,,,,,,,,,,,,,,,,,,,,,,,,,,,,,,,,,,,,,,,,,,,,,,,,,
300,NRL-MPOX-25-0231|DELTA|Nigeria|2025-02-13,IIb,sh2017/A.2.2,A.2.2,sh2017,,,,,,,,,,,,,,,,,,,,,,,,,,,,,,,,,,,,,,,,,,,,,,,,,,,,,,,,,,
301,NRL-MPOX-25-0232|SOKOTO|Nigeria|2025-02-16,IIb,sh2017/A.2.2,A.2.2,sh2017,,,,,,,,,,,,,,,,,,,,,,,,,,,,,,,,,,,,,,,,,,,,,,,,,,,,,,,,,,
302,NRL-MPOX-25-0233|SOKOTO|Nigeria|2025-02-16,IIb,sh2017/A.2.2,A.2.2,sh2017,,,,,,,,,,,,,,,,,,,,,,,,,,,,,,,,,,,,,,,,,,,,,,,,,,,,,,,,,,
303,NRL-MPOX-25-052|PLATEAU|Nigeria|2024-12-18,IIb,sh2017/A.2.2,A.2.2,sh2017,,,,,,,,,,,,,,,,,,,,,,,,,,,,,,,,,,,,,,,,,,,,,,,,,,,,,,,,,,
304,NRL-MPOX-25-151|KADUNA|Nigeria|2025-01-31,IIb,sh2017/A.2.2,A.2.2,sh2017,,,,,,,,,,,,,,,,,,,,,,,,,,,,,,,,,,,,,,,,,,,,,,,,,,,,,,,,,,
305,NRL-MPOX-25-152|KADUNA|Nigeria|2025-01-28,IIb,sh2017/A.2.2,A.2.2,sh2017,,,,,,,,,,,,,,,,,,,,,,,,,,,,,,,,,,,,,,,,,,,,,,,,,,,,,,,,,,
306,NRL-MPOX-25-154|EDO|Nigeria|2025-01-29,IIb,sh2017/A.2.2,A.2.2,sh2017,,,,,,,,,,,,,,,,,,,,,,,,,,,,,,,,,,,,,,,,,,,,,,,,,,,,,,,,,,
307,NRL-MPOX-25-155|DELTA|Nigeria|2025-01-29,IIb,sh2017/A.2.2,A.2.2,sh2017,,,,,,,,,,,,,,,,,,,,,,,,,,,,,,,,,,,,,,,,,,,,,,,,,,,,,,,,,,
308,NRL-MPOX-25-158|KADUNA|Nigeria|2025-01-27,IIb,sh2017/A.2.2,A.2.2,sh2017,,,,,,,,,,,,,,,,,,,,,,,,,,,,,,,,,,,,,,,,,,,,,,,,,,,,,,,,,,
309,NRL-MPOX-25-159|KADUNA|Nigeria|2025-01-30,IIb,sh2017/A.2.2,A.2.2,sh2017,,,,,,,,,,,,,,,,,,,,,,,,,,,,,,,,,,,,,,,,,,,,,,,,,,,,,,,,,,
310,NRL-MPOX-25-170|EDO|Nigeria|2025-01-31,IIb,sh2017/A.2.2,A.2.2,sh2017,,,,,,,,,,,,,,,,,,,,,,,,,,,,,,,,,,,,,,,,,,,,,,,,,,,,,,,,,,
311,NRL-MPOX-25-180|BENUE|Nigeria|2025-01-28,IIb,sh2017/A.2.2,A.2.2,sh2017,,,,,,,,,,,,,,,,,,,,,,,,,,,,,,,,,,,,,,,,,,,,,,,,,,,,,,,,,,
312,NRL-MPOX-25-203|KADUNA|Nigeria|2025-09-08,IIb,sh2017/A.2.2,A.2.2,sh2017,,,,,,,,,,,,,,,,,,,,,,,,,,,,,,,,,,,,,,,,,,,,,,,,,,,,,,,,,,
313,NRL-MPOX-25-259|CROSS_RIVER|Nigeria|2025-01-23,IIb,sh2017/A.2.2,A.2.2,sh2017,,,,,,,,,,,,,,,,,,,,,,,,,,,,,,,,,,,,,,,,,,,,,,,,,,,,,,,,,,
314,NRL-MPOX-25-268|BENUE|Nigeria|2025-02-18,IIb,sh2017/A.2.2,A.2.2,sh2017,,,,,,,,,,,,,,,,,,,,,,,,,,,,,,,,,,,,,,,,,,,,,,,,,,,,,,,,,,
315,NRL-MPOX-25-272|EDO|Nigeria|2025-02-19,IIb,sh2017/A.2.2,A.2.2,sh2017,,,,,,,,,,,,,,,,,,,,,,,,,,,,,,,,,,,,,,,,,,,,,,,,,,,,,,,,,,
316,NRL-MPOX-25-284|NIGER|Nigeria|2025-02-24,IIb,sh2017/A.2.2,A.2.2,sh2017,,,,,,,,,,,,,,,,,,,,,,,,,,,,,,,,,,,,,,,,,,,,,,,,,,,,,,,,,,
317,NRL-MPOX-25-293|KADUNA|Nigeria|2025-02-26,IIb,sh2017/A.2.2,A.2.2,sh2017,,,,,,,,,,,,,,,,,,,,,,,,,,,,,,,,,,,,,,,,,,,,,,,,,,,,,,,,,,
318,NRL-MPOX-25-304|KADUNA|Nigeria|2025-03-03,IIb,sh2017/A.2.2,A.2.2,sh2017,,,,,,,,,,,,,,,,,,,,,,,,,,,,,,,,,,,,,,,,,,,,,,,,,,,,,,,,,,
319,NRL-MPOX-25-307|AKWA_IBOM|Nigeria|2025-03-05,IIb,sh2017/A.2.2,A.2.2,sh2017,,,,,,,,,,,,,,,,,,,,,,,,,,,,,,,,,,,,,,,,,,,,,,,,,,,,,,,,,,
320,NRL-MPOX-25-310|NIGER|Nigeria|2025-03-07,IIb,sh2017/A.2.2,A.2.2,sh2017,,,,,,,,,,,,,,,,,,,,,,,,,,,,,,,,,,,,,,,,,,,,,,,,,,,,,,,,,,
321,NRL-MPOX-25-321|BENUE|Nigeria|2025-03-07,IIb,sh2017/A.2.2,A.2.2,sh2017,,,,,,,,,,,,,,,,,,,,,,,,,,,,,,,,,,,,,,,,,,,,,,,,,,,,,,,,,,
322,NRL-MPOX-25-358|GOMBE|Nigeria|2025-03-17,IIb,sh2017/A.2.2,A.2.2,sh2017,,,,,,,,,,,,,,,,,,,,,,,,,,,,,,,,,,,,,,,,,,,,,,,,,,,,,,,,,,
323,NRL-MPOX-25-378|FCT|Nigeria|2025-03-25,IIb,sh2017/A.2.2,A.2.2,sh2017,,,,,,,,,,,,,,,,,,,,,,,,,,,,,,,,,,,,,,,,,,,,,,,,,,,,,,,,,,
324,NRL-MPOX-25-391|PLATEAU|Nigeria|2025-03-20,IIb,sh2017/A.2.2,A.2.2,sh2017,,,,,,,,,,,,,,,,,,,,,,,,,,,,,,,,,,,,,,,,,,,,,,,,,,,,,,,,,,
325,NRL-MPOX-25-412|EDO|Nigeria|2025-03-28,IIb,sh2017/A.2.2,A.2.2,sh2017,,,,,,,,,,,,,,,,,,,,,,,,,,,,,,,,,,,,,,,,,,,,,,,,,,,,,,,,,,
326,NRL-MPOX-25-451|PLATEAU|Nigeria|2025-04-04,IIb,sh2017/A.2.2,A.2.2,sh2017,,,,,,,,,,,,,,,,,,,,,,,,,,,,,,,,,,,,,,,,,,,,,,,,,,,,,,,,,,
327,NRL-MPOX-25-460|AKWA_IBOM|Nigeria|2025-04-15,IIb,sh2017/A.2.2,A.2.2,sh2017,,,,,,,,,,,,,,,,,,,,,,,,,,,,,,,,,,,,,,,,,,,,,,,,,,,,,,,,,,
328,NRL-MPOX-25-485|FCT|Nigeria|2025-04-26,IIb,sh2017/A.2.2,A.2.2,sh2017,,,,,,,,,,,,,,,,,,,,,,,,,,,,,,,,,,,,,,,,,,,,,,,,,,,,,,,,,,
329,NRL-MPOX-25-508|CROSS_RIVER|Nigeria|2025-05-06,IIb,sh2017/A.2.2,A.2.2,sh2017,,,,,,,,,,,,,,,,,,,,,,,,,,,,,,,,,,,,,,,,,,,,,,,,,,,,,,,,,,
330,NRL-MPOX-25-564|AKWA_IBOM|Nigeria|2025-08-22,IIb,sh2017/A.2.2,A.2.2,sh2017,,,,,,,,,,,,,,,,,,,,,,,,,,,,,,,,,,,,,,,,,,,,,,,,,,,,,,,,,,
331,NRL-MPOX-25-565|AKWA_IBOM|Nigeria|2025-05-31,IIb,sh2017/A.2.2,A.2.2,sh2017,,,,,,,,,,,,,,,,,,,,,,,,,,,,,,,,,,,,,,,,,,,,,,,,,,,,,,,,,,
332,NRL-MPOX-25-572|BENUE|Nigeria|2025-06-03,IIb,sh2017/A.2.2,A.2.2,sh2017,,,,,,,,,,,,,,,,,,,,,,,,,,,,,,,,,,,,,,,,,,,,,,,,,,,,,,,,,,
333,NRL-MPOX-25-573|KADUNA|Nigeria|2025-06-10,IIb,sh2017/A.2.2,A.2.2,sh2017,,,,,,,,,,,,,,,,,,,,,,,,,,,,,,,,,,,,,,,,,,,,,,,,,,,,,,,,,,
334,NRL-MPOX-25-583|DELTA|Nigeria|2025-06-13,IIb,sh2017/A.2.2,A.2.2,sh2017,,,,,,,,,,,,,,,,,,,,,,,,,,,,,,,,,,,,,,,,,,,,,,,,,,,,,,,,,,
335,NRL-MPOX-25-593|KEBBI|Nigeria|2025-06-24,IIb,sh2017/A.2.2,A.2.2,sh2017,,,,,,,,,,,,,,,,,,,,,,,,,,,,,,,,,,,,,,,,,,,,,,,,,,,,,,,,,,