"tree","wave","velocity","diffusion","nBranches"
1,"Wave 1 (2016-2020)",153.742372351343,8481.87398107668,128
2,"Wave 1 (2016-2020)",160.312534220842,8116.2196092155,130
3,"Wave 1 (2016-2020)",188.01679274285,9674.65418441336,130
4,"Wave 1 (2016-2020)",182.544385252591,8807.49160842816,132
5,"Wave 1 (2016-2020)",166.278273403598,8756.20739773058,130
6,"Wave 1 (2016-2020)",160.937129048533,9720.21518599849,130
7,"Wave 1 (2016-2020)",152.304964017643,8099.75615525221,132
8,"Wave 1 (2016-2020)",155.917090124722,8125.26804194171,130
9,"Wave 1 (2016-2020)",157.399051062651,7698.59164277473,132
10,"Wave 1 (2016-2020)",172.088183301455,8043.90212326784,128
11,"Wave 1 (2016-2020)",164.988348027399,9000.28405720547,132
12,"Wave 1 (2016-2020)",160.942750002852,8578.58546355945,132
13,"Wave 1 (2016-2020)",166.813720776418,8827.55220591327,134
14,"Wave 1 (2016-2020)",162.466763349553,8298.61269710603,132
15,"Wave 1 (2016-2020)",161.360054449647,7895.8634428813,132
16,"Wave 1 (2016-2020)",156.644973391652,8457.12544939144,132
17,"Wave 1 (2016-2020)",167.823018072825,9159.67688094403,130
18,"Wave 1 (2016-2020)",152.746971193898,8967.99439874799,130
19,"Wave 1 (2016-2020)",160.140159960584,7703.87251337818,134
20,"Wave 1 (2016-2020)",168.755136370429,9372.52383239602,130
21,"Wave 1 (2016-2020)",171.003815369823,9752.80516632097,130
22,"Wave 1 (2016-2020)",180.640972292055,10648.3740688102,130
23,"Wave 1 (2016-2020)",166.584466737953,9805.47081892852,132
24,"Wave 1 (2016-2020)",166.725643266264,9615.52897386215,132
25,"Wave 1 (2016-2020)",175.430792996964,9882.96508201243,132
26,"Wave 1 (2016-2020)",160.274106611226,8167.50254370149,132
27,"Wave 1 (2016-2020)",158.310212283165,8412.04906822312,130
28,"Wave 1 (2016-2020)",143.253346629816,7333.01786805534,130
29,"Wave 1 (2016-2020)",150.616921361489,8071.21379429411,128
30,"Wave 1 (2016-2020)",173.499804466973,9718.32038282568,130
31,"Wave 1 (2016-2020)",168.604426844543,8496.68793685019,132
32,"Wave 1 (2016-2020)",159.090622225087,7914.25678679966,132
33,"Wave 1 (2016-2020)",163.307788216866,8453.63293093022,132
34,"Wave 1 (2016-2020)",157.427617033751,8422.50245166509,130
35,"Wave 1 (2016-2020)",148.175975018811,7830.61697236371,130
36,"Wave 1 (2016-2020)",155.233120977563,8880.91347693942,130
37,"Wave 1 (2016-2020)",159.971396909129,9335.01524900662,130
38,"Wave 1 (2016-2020)",147.738737979189,8552.59680017085,130
39,"Wave 1 (2016-2020)",144.827609631001,7539.27212054704,131
40,"Wave 1 (2016-2020)",153.951550240273,8494.14036427886,132
41,"Wave 1 (2016-2020)",156.471446376937,9147.84298026226,132
42,"Wave 1 (2016-2020)",178.546221227422,9859.6304961601,132
43,"Wave 1 (2016-2020)",170.851733638073,10293.1089868708,132
44,"Wave 1 (2016-2020)",151.082465220036,7887.33284344114,132
45,"Wave 1 (2016-2020)",156.08461619258,7953.41114095655,130
46,"Wave 1 (2016-2020)",171.149179214606,8911.26402375253,132
47,"Wave 1 (2016-2020)",170.265546612295,8288.07054866665,130
48,"Wave 1 (2016-2020)",153.53532010871,7348.90490470901,134
49,"Wave 1 (2016-2020)",180.14033146928,9595.18976087304,132
50,"Wave 1 (2016-2020)",171.398635899847,8998.93808693249,132
51,"Wave 1 (2016-2020)",168.039903528728,7842.47379310694,130
52,"Wave 1 (2016-2020)",149.016244955937,6542.9442351011,130
53,"Wave 1 (2016-2020)",162.535889332702,7622.24862053213,130
54,"Wave 1 (2016-2020)",155.97877544106,6882.6505702625,130
55,"Wave 1 (2016-2020)",156.380913154314,7073.30562639317,128
56,"Wave 1 (2016-2020)",165.41332930095,8361.61982618032,130
57,"Wave 1 (2016-2020)",188.448550944261,9829.05875246469,130
58,"Wave 1 (2016-2020)",173.665989792219,8335.55384221562,132
59,"Wave 1 (2016-2020)",172.846503258731,8633.15030958937,130
60,"Wave 1 (2016-2020)",135.984857327422,6639.46531738155,132
61,"Wave 1 (2016-2020)",161.852950932214,7521.18838419643,134
62,"Wave 1 (2016-2020)",153.873949287783,8800.71434357736,132
63,"Wave 1 (2016-2020)",163.187630447213,9318.22829280422,130
64,"Wave 1 (2016-2020)",169.144223138922,9895.81067261067,130
65,"Wave 1 (2016-2020)",162.000949331587,8991.73979583966,134
66,"Wave 1 (2016-2020)",162.088378813957,8969.04850455403,130
67,"Wave 1 (2016-2020)",168.913960277317,9617.38669170376,132
68,"Wave 1 (2016-2020)",167.310662228428,9319.18576837299,130
69,"Wave 1 (2016-2020)",163.197356404276,7913.35894973705,134
70,"Wave 1 (2016-2020)",163.08096306389,8982.50630881007,132
71,"Wave 1 (2016-2020)",177.191504324996,8994.60384758645,128
72,"Wave 1 (2016-2020)",178.811193710516,8904.84132834196,132
73,"Wave 1 (2016-2020)",170.733020780603,8260.59354604535,130
74,"Wave 1 (2016-2020)",144.815430275094,7019.00931616734,130
75,"Wave 1 (2016-2020)",166.925461648952,7867.32109466723,132
76,"Wave 1 (2016-2020)",158.995133547239,7269.05699378936,130
77,"Wave 1 (2016-2020)",165.527592400268,10681.4502671422,130
78,"Wave 1 (2016-2020)",169.410657498422,9453.74921711596,130
79,"Wave 1 (2016-2020)",169.353689482676,9710.90127191432,130
80,"Wave 1 (2016-2020)",149.705148659388,7464.34160006383,130
81,"Wave 1 (2016-2020)",151.236296610201,8108.134968754,132
82,"Wave 1 (2016-2020)",155.267663840729,8169.56196916242,132
83,"Wave 1 (2016-2020)",169.648195815986,9095.48544369627,130
84,"Wave 1 (2016-2020)",158.3398482279,8287.22824419241,132
85,"Wave 1 (2016-2020)",151.512141406135,7496.43942070243,128
86,"Wave 1 (2016-2020)",171.518454380515,8975.91723914633,132
87,"Wave 1 (2016-2020)",163.867858924196,8667.7407712268,130
88,"Wave 1 (2016-2020)",145.187849210778,7565.166843623,132
89,"Wave 1 (2016-2020)",177.908039870091,9880.63884103699,130
90,"Wave 1 (2016-2020)",190.403698840925,10748.8159498698,130
91,"Wave 1 (2016-2020)",170.323734345844,8936.6198414923,132
92,"Wave 1 (2016-2020)",185.703544877903,10404.7147858004,130
93,"Wave 1 (2016-2020)",172.17329086845,8958.3455307444,132
94,"Wave 1 (2016-2020)",166.131126346979,8444.07759650816,130
95,"Wave 1 (2016-2020)",180.527928269693,9908.21283286644,130
96,"Wave 1 (2016-2020)",166.26420248314,8639.5587064715,130
97,"Wave 1 (2016-2020)",165.575813468135,8758.11648577014,132
98,"Wave 1 (2016-2020)",166.456926911861,8206.91399410638,134
99,"Wave 1 (2016-2020)",177.665913884324,9819.96653282521,132
100,"Wave 1 (2016-2020)",179.060272556316,8969.46601684065,132
1,"Wave 2 (2021-2023)",261.234680983377,17580.9448071812,254
2,"Wave 2 (2021-2023)",277.31044968718,19533.8939882701,247
3,"Wave 2 (2021-2023)",280.20805050147,18018.233017524,241
4,"Wave 2 (2021-2023)",279.670053582145,18936.9233701845,236
5,"Wave 2 (2021-2023)",276.873378756895,18713.0133256745,247
6,"Wave 2 (2021-2023)",271.092881662193,17929.7994753356,247
7,"Wave 2 (2021-2023)",270.443165466632,19155.4963010546,244
8,"Wave 2 (2021-2023)",277.722833910488,18693.6671345238,251
9,"Wave 2 (2021-2023)",269.992613848699,18560.2368858542,242
10,"Wave 2 (2021-2023)",280.885550382857,20585.6156794619,240
11,"Wave 2 (2021-2023)",265.370779602443,17286.5144875269,248
12,"Wave 2 (2021-2023)",274.390028801904,19676.5948200516,246
13,"Wave 2 (2021-2023)",251.443095769165,17014.3168726119,247
14,"Wave 2 (2021-2023)",265.676898551155,18668.6754865125,250
15,"Wave 2 (2021-2023)",277.436353036227,18991.1682790564,244
16,"Wave 2 (2021-2023)",277.185129022961,18754.4861782002,246
17,"Wave 2 (2021-2023)",272.559116757412,16360.8071068517,237
18,"Wave 2 (2021-2023)",271.737013895181,18556.5854293748,241
19,"Wave 2 (2021-2023)",289.664159217462,20649.1761820411,245
20,"Wave 2 (2021-2023)",282.93867788464,18794.8471238813,239
21,"Wave 2 (2021-2023)",279.787814411672,19119.7364890175,243
22,"Wave 2 (2021-2023)",264.31594672468,17887.5887803704,245
23,"Wave 2 (2021-2023)",250.973279399017,15960.6355327574,242
24,"Wave 2 (2021-2023)",246.240757571481,16355.2275910016,250
25,"Wave 2 (2021-2023)",266.296133706613,19893.3538252957,246
26,"Wave 2 (2021-2023)",271.811967678685,19153.5256626228,246
27,"Wave 2 (2021-2023)",255.726903467325,17918.957822805,247
28,"Wave 2 (2021-2023)",266.82540934286,19297.4777031218,245
29,"Wave 2 (2021-2023)",274.761856486909,19614.5226749578,246
30,"Wave 2 (2021-2023)",281.100165880227,19924.9145454015,239
31,"Wave 2 (2021-2023)",282.293184066362,19230.4954524353,248
32,"Wave 2 (2021-2023)",259.729626121287,17758.1688248993,244
33,"Wave 2 (2021-2023)",267.06380105153,18803.7365932722,252
34,"Wave 2 (2021-2023)",275.920313374855,19301.0929387246,247
35,"Wave 2 (2021-2023)",268.449404630783,18727.7819141785,241
36,"Wave 2 (2021-2023)",283.583886147394,19591.8268810997,243
37,"Wave 2 (2021-2023)",274.052159246285,20773.6253158189,245
38,"Wave 2 (2021-2023)",265.537604980605,20515.7637222706,245
39,"Wave 2 (2021-2023)",265.358760675328,18660.1057248578,246
40,"Wave 2 (2021-2023)",264.82246078996,20431.0524977123,246
41,"Wave 2 (2021-2023)",268.213684582431,19709.0591887884,244
42,"Wave 2 (2021-2023)",274.236048557534,19276.0936111248,240
43,"Wave 2 (2021-2023)",280.869203615264,20080.5758409934,244
44,"Wave 2 (2021-2023)",258.618281760582,17742.5313973455,244
45,"Wave 2 (2021-2023)",268.005149644105,18516.8011220387,245
46,"Wave 2 (2021-2023)",270.164411707871,19060.9662758506,240
47,"Wave 2 (2021-2023)",282.638218983501,19377.1722596022,247
48,"Wave 2 (2021-2023)",270.871927586869,19387.5955388167,243
49,"Wave 2 (2021-2023)",286.341127070414,22185.5939694894,242
50,"Wave 2 (2021-2023)",267.058505801266,20469.6111050054,242
51,"Wave 2 (2021-2023)",279.925228174225,20604.4143400285,247
52,"Wave 2 (2021-2023)",275.118135714989,19440.6387418618,243
53,"Wave 2 (2021-2023)",284.107810977354,21447.3630843124,239
54,"Wave 2 (2021-2023)",284.598219532085,20824.7350281492,243
55,"Wave 2 (2021-2023)",283.094300944651,20110.4418749629,246
56,"Wave 2 (2021-2023)",275.493322361698,18969.5627252472,247
57,"Wave 2 (2021-2023)",279.741300535754,20411.43852704,241
58,"Wave 2 (2021-2023)",278.922790669379,18813.6783127653,246
59,"Wave 2 (2021-2023)",278.885304053725,20067.0739907881,239
60,"Wave 2 (2021-2023)",254.896289886617,16102.2591751065,250
61,"Wave 2 (2021-2023)",282.360328282302,18591.422705854,245
62,"Wave 2 (2021-2023)",273.322422674767,17725.336222869,252
63,"Wave 2 (2021-2023)",272.89254039673,18879.1045737141,243
64,"Wave 2 (2021-2023)",278.339002903633,19653.9917260376,253
65,"Wave 2 (2021-2023)",265.112832979542,17688.3935307977,245
66,"Wave 2 (2021-2023)",279.736263276882,20184.1169945207,245
67,"Wave 2 (2021-2023)",274.438794386329,20930.4008199841,246
68,"Wave 2 (2021-2023)",273.221553416647,17866.4882138729,255
69,"Wave 2 (2021-2023)",267.570740074024,20413.0803503785,243
70,"Wave 2 (2021-2023)",278.033786414328,19333.5516859159,242
71,"Wave 2 (2021-2023)",270.433689809838,17958.938827552,250
72,"Wave 2 (2021-2023)",269.097431473555,16475.1269466781,248
73,"Wave 2 (2021-2023)",275.490166414708,16810.0898635977,253
74,"Wave 2 (2021-2023)",272.391101101564,17337.0606753709,249
75,"Wave 2 (2021-2023)",286.804534856076,18798.3518398773,236
76,"Wave 2 (2021-2023)",298.708198349855,19212.8002318258,239
77,"Wave 2 (2021-2023)",275.234206503522,17878.8078096622,243
78,"Wave 2 (2021-2023)",289.830493848189,20199.4187326274,245
79,"Wave 2 (2021-2023)",290.566258126801,20248.0974041678,245
80,"Wave 2 (2021-2023)",289.253185557568,19853.6722776071,247
81,"Wave 2 (2021-2023)",273.183132938539,18172.5182132298,242
82,"Wave 2 (2021-2023)",283.937883405457,19243.9253805611,244
83,"Wave 2 (2021-2023)",294.125907696497,21418.9589755459,243
84,"Wave 2 (2021-2023)",268.657156706784,17966.636299778,254
85,"Wave 2 (2021-2023)",271.976913562582,18751.4240138415,238
86,"Wave 2 (2021-2023)",284.909676544236,19319.4392593119,244
87,"Wave 2 (2021-2023)",271.520927421005,18125.2838388453,251
88,"Wave 2 (2021-2023)",243.061306662087,16890.9351109998,250
89,"Wave 2 (2021-2023)",261.782902760671,18656.6311946027,245
90,"Wave 2 (2021-2023)",281.260530420003,20460.3818545641,239
91,"Wave 2 (2021-2023)",264.431158516961,18562.6692569748,248
92,"Wave 2 (2021-2023)",277.982087430563,20588.696986791,241
93,"Wave 2 (2021-2023)",260.607598814657,16497.2544671558,240
94,"Wave 2 (2021-2023)",264.761234575205,16840.8688262799,243
95,"Wave 2 (2021-2023)",272.944621050952,18442.2652541042,241
96,"Wave 2 (2021-2023)",263.821944837158,17835.1953981789,245
97,"Wave 2 (2021-2023)",248.750926099518,16037.6354869024,242
98,"Wave 2 (2021-2023)",260.363316956043,17088.4133406199,241
99,"Wave 2 (2021-2023)",261.561940956136,18094.0153320577,248
100,"Wave 2 (2021-2023)",256.355681491914,16553.1372099473,252
1,"Wave 3 (2024-2025)",310.802250042372,21555.4017701171,217
2,"Wave 3 (2024-2025)",307.51017100423,19834.4452107648,220
3,"Wave 3 (2024-2025)",318.153950752678,21497.4438508943,223
4,"Wave 3 (2024-2025)",332.829471570978,22484.7056054162,225
5,"Wave 3 (2024-2025)",313.953161756808,20460.8337187311,220
6,"Wave 3 (2024-2025)",305.572725969176,20358.8740089284,220
7,"Wave 3 (2024-2025)",315.494737655282,20815.3716474257,221
8,"Wave 3 (2024-2025)",314.307965007678,21717.2295916964,218
9,"Wave 3 (2024-2025)",310.157312978851,19635.4619253499,222
10,"Wave 3 (2024-2025)",334.275916758185,22778.6805495029,224
11,"Wave 3 (2024-2025)",298.787076087294,19784.5204212288,219
12,"Wave 3 (2024-2025)",319.796463983649,21967.1090932353,220
13,"Wave 3 (2024-2025)",299.769510967977,20781.2420003756,219
14,"Wave 3 (2024-2025)",295.043369308749,19499.1885873871,218
15,"Wave 3 (2024-2025)",303.510079478309,20498.0038265415,221
16,"Wave 3 (2024-2025)",320.506932623106,22821.6096380884,220
17,"Wave 3 (2024-2025)",354.01042161852,24851.8303565926,225
18,"Wave 3 (2024-2025)",327.044500421884,23298.8713880923,223
19,"Wave 3 (2024-2025)",335.79613766725,23291.2191223786,220
20,"Wave 3 (2024-2025)",334.858158698768,22178.8258748857,224
21,"Wave 3 (2024-2025)",337.3560054002,21816.7443090235,222
22,"Wave 3 (2024-2025)",322.507606495662,21143.8958500351,221
23,"Wave 3 (2024-2025)",312.888107007906,19726.6466731484,222
24,"Wave 3 (2024-2025)",309.847228500571,20179.9256071971,218
25,"Wave 3 (2024-2025)",297.043813767762,19843.013837079,220
26,"Wave 3 (2024-2025)",314.314348523233,22123.0971634703,220
27,"Wave 3 (2024-2025)",303.865347165763,19886.7966496059,220
28,"Wave 3 (2024-2025)",309.828099560938,20958.618742216,221
29,"Wave 3 (2024-2025)",313.281018472082,20336.6393688406,221
30,"Wave 3 (2024-2025)",332.168175026596,23035.8502590503,224
31,"Wave 3 (2024-2025)",324.701982684745,22120.5035433481,219
32,"Wave 3 (2024-2025)",290.219411733123,19165.9803458313,221
33,"Wave 3 (2024-2025)",291.786955527811,19185.2328175207,217
34,"Wave 3 (2024-2025)",302.593468570606,18970.3270896821,220
35,"Wave 3 (2024-2025)",326.156949064152,22289.5719288146,223
36,"Wave 3 (2024-2025)",339.46930556958,23537.3550929832,222
37,"Wave 3 (2024-2025)",304.319300228965,20290.9918549728,221
38,"Wave 3 (2024-2025)",308.409689295512,20443.7440913821,221
39,"Wave 3 (2024-2025)",295.468511853828,19790.4140059037,220
40,"Wave 3 (2024-2025)",288.959222867679,19198.0892783924,220
41,"Wave 3 (2024-2025)",311.738157703262,20419.8883518993,221
42,"Wave 3 (2024-2025)",314.409859966265,21878.7762392429,223
43,"Wave 3 (2024-2025)",315.846362225216,20644.8225285761,221
44,"Wave 3 (2024-2025)",309.32359473687,21140.3669535841,221
45,"Wave 3 (2024-2025)",305.36573016681,19543.7010938495,221
46,"Wave 3 (2024-2025)",313.899056415446,20789.888935858,223
47,"Wave 3 (2024-2025)",293.045018239654,18057.9154289204,220
48,"Wave 3 (2024-2025)",319.827845560374,21336.8168348841,221
49,"Wave 3 (2024-2025)",323.218070492325,21372.3805297321,222
50,"Wave 3 (2024-2025)",314.13330937864,19961.4529081885,222
51,"Wave 3 (2024-2025)",306.566793457004,19862.5506378224,220
52,"Wave 3 (2024-2025)",308.946410627196,19112.6367664377,222
53,"Wave 3 (2024-2025)",326.947025109052,21117.2870713349,224
54,"Wave 3 (2024-2025)",323.046897821217,21623.31815346,222
55,"Wave 3 (2024-2025)",321.97792311382,21744.4388728078,221
56,"Wave 3 (2024-2025)",311.663789322643,21734.7376757652,220
57,"Wave 3 (2024-2025)",320.615052820078,22036.804907158,223
58,"Wave 3 (2024-2025)",319.046998211404,22489.4879636036,220
59,"Wave 3 (2024-2025)",308.477818421877,21011.4744979962,224
60,"Wave 3 (2024-2025)",302.479707760433,21226.8313805391,218
61,"Wave 3 (2024-2025)",331.911888339854,23802.4493051393,220
62,"Wave 3 (2024-2025)",318.419320908831,21662.8848350164,217
63,"Wave 3 (2024-2025)",318.248061752606,20903.87988398,222
64,"Wave 3 (2024-2025)",326.35557587514,20949.4703798414,217
65,"Wave 3 (2024-2025)",318.793036453545,22013.4568523763,220
66,"Wave 3 (2024-2025)",316.705680671083,21879.5891537297,221
67,"Wave 3 (2024-2025)",289.281939231719,18305.5097557821,220
68,"Wave 3 (2024-2025)",303.328174114384,19573.0889874389,216
69,"Wave 3 (2024-2025)",317.752096158296,19668.8857501155,221
70,"Wave 3 (2024-2025)",303.263876581415,20343.198937773,222
71,"Wave 3 (2024-2025)",317.974865913458,20391.0322619132,219
72,"Wave 3 (2024-2025)",319.378920979216,21284.8933789613,219
73,"Wave 3 (2024-2025)",317.717820568835,21756.0471563148,217
74,"Wave 3 (2024-2025)",323.759488312023,21778.4151721746,219
75,"Wave 3 (2024-2025)",356.547993613943,25301.0294732318,225
76,"Wave 3 (2024-2025)",330.714813757799,21718.4268279756,224
77,"Wave 3 (2024-2025)",323.474096644057,21110.9120861711,222
78,"Wave 3 (2024-2025)",322.305783215096,22470.6877858878,221
79,"Wave 3 (2024-2025)",358.368699343512,26496.7926798328,221
80,"Wave 3 (2024-2025)",309.629843300517,20521.5542399343,220
81,"Wave 3 (2024-2025)",334.38123022273,22830.3128926132,222
82,"Wave 3 (2024-2025)",329.503893159778,22049.4770945742,221
83,"Wave 3 (2024-2025)",366.222877150398,26077.7480054136,222
84,"Wave 3 (2024-2025)",328.62147782014,22443.1329913852,216
85,"Wave 3 (2024-2025)",320.982689657503,22239.5085092079,225
86,"Wave 3 (2024-2025)",328.256210937559,22741.2875139231,221
87,"Wave 3 (2024-2025)",304.485440509383,20614.8649016327,218
88,"Wave 3 (2024-2025)",299.525254587596,20661.1737377696,218
89,"Wave 3 (2024-2025)",317.554071541725,21895.718385144,221
90,"Wave 3 (2024-2025)",315.824794730727,20518.607480736,224
91,"Wave 3 (2024-2025)",318.290109276052,21323.9763290559,219
92,"Wave 3 (2024-2025)",331.249757894703,22076.3934603908,223
93,"Wave 3 (2024-2025)",327.856101774025,21563.6135800038,223
94,"Wave 3 (2024-2025)",323.259870706989,21639.4305080389,222
95,"Wave 3 (2024-2025)",332.822694119782,22403.0603749025,223
96,"Wave 3 (2024-2025)",321.766460204738,21853.6134756963,221
97,"Wave 3 (2024-2025)",336.663156463603,23076.2114928338,222
98,"Wave 3 (2024-2025)",327.523202686724,21463.9915750237,222
99,"Wave 3 (2024-2025)",344.689155853551,23780.2560019537,219
100,"Wave 3 (2024-2025)",304.409845127676,18913.3897516488,217
