index	seqName	clade	outbreakLineage	lineage	outbreak																																																										
0	PP_002XKR1.2|MPXV|Sierra_Leone|2025-01-10	IIb	sh2017/G.1	G.1	sh2017																																																										
1	PP_002XKUV.2|MPXV|Sierra_Leone|2025-04-25	IIb	sh2017/G.1	G.1	sh2017																																																										
2	PP_002XKZK.2|MPXV|Sierra_Leone|2025-04-29	IIb	sh2017/G.1	G.1	sh2017																																																										
3	PP_002XL1F.2|MPXV|Sierra_Leone|2025-04-29	IIb	sh2017/G.1	G.1	sh2017																																																										
4	PP_002XL3B.2|MPXV|Sierra_Leone|2025-05-01	IIb	sh2017/G.1	G.1	sh2017																																																										
5	PP_002XL65.2|MPXV|Sierra_Leone|2025-04-30	IIb	sh2017/G.1	G.1	sh2017																																																										
6	PP_002XL73.2|MPXV|Sierra_Leone|2025-05-01	IIb	sh2017/G.1	G.1	sh2017																																																										
7	PP_002XL9Z.2|MPXV|Sierra_Leone|2025-05-02	IIb	sh2017/G.1	G.1	sh2017																																																										
8	PP_002XR60.3|MPXV|Sierra_Leone|2025-01-10	IIb	sh2017/G.1	G.1	sh2017																																																										
9	PP_002XR7Y.2|MPXV|Sierra_Leone|2025-01-11	IIb	sh2017/G.1	G.1	sh2017																																																										
10	PP_002Y1RH.2|MPXV|Sierra_Leone|2025-03-04	IIb	sh2017/G.1	G.1	sh2017																																																										
11	PP_002Y1V9.1|MPXV|Sierra_Leone|2025-03-12	IIb	sh2017/G.1	G.1	sh2017																																																										
12	PP_002Y1W7.1|MPXV|Sierra_Leone|2025-03-12	IIb	sh2017/G.1	G.1	sh2017																																																										
13	PP_002Y2MQ.1|MPXV|Sierra_Leone|2025-05-07	IIb	sh2017/G.1	G.1	sh2017																																																										
14	PP_002YRH9.2|MPXV|Sierra_Leone|2025-06-01	IIb	sh2017/G.1	G.1	sh2017																																																										
15	PP_002YRM1.3|MPXV|Sierra_Leone|2025-06-02	IIb	sh2017/G.1	G.1	sh2017																																																										
16	PP_002YRNZ.3|MPXV|Sierra_Leone|2025-06-02	IIb	sh2017/G.1	G.1	sh2017																																																										
17	PP_0033Z1Q.1|MPXV|Sierra_Leone|2025-06-24	IIb	sh2017/G.1	G.1	sh2017																																																										
18	PP_0033ZD0.1|MPXV|Sierra_Leone|2025-07-12	IIb	sh2017/G.1	G.1	sh2017																																																										
19	PP_00340R6.3|MPXV|Sierra_Leone|2025-07-15	IIb	sh2017/G.1	G.1	sh2017																																																										
20	PP_00340WW.3|MPXV|Sierra_Leone|2025-07-16	IIb	sh2017/G.1	G.1	sh2017																																																										
21	PP_0034277.2|MPXV|Sierra_Leone|2025-02-05	IIb	sh2017/G.1	G.1	sh2017																																																										
22	PP_0034285.2|MPXV|Sierra_Leone|2025-03-05	IIb	sh2017/G.1	G.1	sh2017																																																										
23	PP_0049PZQ.2|MPXV|Sierra_Leone|2025-01-10	IIb	sh2017/G.1	G.1	sh2017																																																										
24	PP_0049Q1L.2|MPXV|Sierra_Leone|2025-02-01	IIb	sh2017/G.1	G.1	sh2017																																																										
25	PP_0049QQ7.1|MPXV|Sierra_Leone|2025-07-08	IIb	sh2017/G.1	G.1	sh2017																																																										
26	hMpxVSingaporeCDC-012019|EPI_ISL_13056274|2019	IIb	sh2017/A.1	A.1	sh2017																																																										
27	hMpxVIsraelIIBR-012018|EPI_ISL_13056289|2018-10-04	IIb	sh2017/A.1	A.1	sh2017																																																										
28	hMpxVSingaporeNCID-012019|EPI_ISL_13058475|2019-05-08	IIb	sh2017/A.1	A.1	sh2017																																																										
29	hMpxVThailandNIC-742022|EPI_ISL_13983888|2022-07-17	IIb	sh2017/A.2	A.2	sh2017																																																										
30	hMpxVThailandCU-220016-FTV2022|EPI_ISL_14011193|2022-07-17	IIb	sh2017/A.2	A.2	sh2017																																																										
31	hMpxVThailandNIC-PKT-M12022|EPI_ISL_14295679|2022-08-02	IIb	sh2017/A.2	A.2	sh2017																																																										
32	hMPXv|IndiaDL-ICMR-70-6050-5962022|EPI_ISL_15008576|2022	IIb	sh2017/A.2	A.2	sh2017																																																										
33	hMPXv|IndiaDL-ICMR-84-6146-6022022|EPI_ISL_15008577|2022-08-11	IIb	sh2017/A.2	A.2	sh2017																																																										
34	hMPXv|IndiaDL-DRDE-01-P22022|EPI_ISL_15260057|2022-08-18	IIb	sh2017/A.2	A.2	sh2017																																																										
35	hMpxVVietnamPIHCM_012022|EPI_ISL_15373792|2022-09-23	IIb	sh2017/A	A	sh2017																																																										
36	hMPXv|IndiaKL-ICMR-16-5315_1_713_P-22022|EPI_ISL_15912320|2022-07-13	IIb	sh2017/A.2.1	A.2.1	sh2017																																																										
37	hMPXv|IndiaKL-ICMR-16-5316_1_714_P-22022|EPI_ISL_15912321|2022-07-13	IIb	sh2017/A.2.1	A.2.1	sh2017																																																										
38	hMPXv|IndiaKL-ICMR-16-5312_2_721_P-22022|EPI_ISL_15912324|2022-07-13	IIb	sh2017/A.2.1	A.2.1	sh2017																																																										
39	hMPXv|IndiaKL-ICMR-16-5316_2_723_P-22022|EPI_ISL_15912326|2022-07-13	IIb	sh2017/A.2.1	A.2.1	sh2017																																																										
40	hMpxVVietnamOUCRU-M1552022|EPI_ISL_15969891|2022-09-26	IIb	sh2017/H.1	H.1	sh2017																																																										
41	hMpxVVietnamOUCRU-M1572022|EPI_ISL_15969892|2022-10-19	IIb	sh2017/A.2.1	A.2.1	sh2017																																																										
42	hMpxVSouth_KoreaKDCA-P32022|EPI_ISL_16645206|2022-11-14	IIb	sh2017/H.1	H.1	sh2017																																																										
43	hMpxVThailandCU-ID220101-LRV2022|EPI_ISL_17187500|2022-08-02	IIb	sh2017/A.2	A.2	sh2017																																																										
44	hMpxVThailandCU-ID220101-TSV2022|EPI_ISL_17187501|2022-08-02	IIb	sh2017/A.2	A.2	sh2017																																																										
45	hMpxVThailandCU-ID220103-FLV2022|EPI_ISL_17187502|2022-08-03	IIb	sh2017/A.2	A.2	sh2017																																																										
46	hMpxVThailandCU-ID220121-PSV2022|EPI_ISL_17187503|2022-08-14	IIb	sh2017/A.2.1	A.2.1	sh2017																																																										
47	hMpxVThailandCU-ID220121-SSV2022|EPI_ISL_17187504|2022-08-14	IIb	sh2017/A.2.1	A.2.1	sh2017																																																										
48	hMpxVThailandCU-ID220131-LRV2022|EPI_ISL_17187505|2022-08-17	IIb	sh2017/A.2	A.2	sh2017																																																										
49	hMpxVPakistanNIH-0012023|EPI_ISL_17536780|2023-04-18	IIb	sh2017/H.2	H.2	sh2017																																																										
50	hMpxVPakistanNIH-0022023|EPI_ISL_17718458|2023-05-20	IIb	sh2017/H.2	H.2	sh2017																																																										
51	hMpxVSouth_KoreaKDCA-P0042022|EPI_ISL_18147354|2022-11-22	IIb	sh2017/H.1	H.1	sh2017																																																										
52	hMpxVSouth_KoreaKDCA-P0032022|EPI_ISL_18147357|2022-11-15	IIb	sh2017/H.1	H.1	sh2017																																																										
53	hMpxVIndonesiaJK-NIHRD-MP0352023|EPI_ISL_18467804|2023-10-25	IIb	sh2017/B.1	B.1	sh2017																																																										
54	hMpxVSouth_KoreaNMC-P0022022|EPI_ISL_18744049|2022-12-19	IIb	sh2017/H.1	H.1	sh2017																																																										
55	hMPXv|IndiaDL-ICMR-117-MCL6392-6772022|EPI_ISL_19131335|2022-09-08	IIb	sh2017/A.2	A.2	sh2017																																																										
56	hMPXv|IndiaDL-ICMR-119-MCL6420-6862022|EPI_ISL_19131337|2022-09-17	IIb	sh2017/A.2	A.2	sh2017																																																										
57	hMPXv|IndiaDL-ICMR-120-MCL6531-6902022|EPI_ISL_19131338|2022-09-19	IIb	sh2017/A.2	A.2	sh2017																																																										
58	hMPXv|IndiaDL-ICMR-123-MCL6551-6962022|EPI_ISL_19131340|2022-09-21	IIb	sh2017/A.2	A.2	sh2017																																																										
59	hMPXv|IndiaDL-ICMR-143-MCL7145-7862022|EPI_ISL_19131342|2022-10-31	IIb	sh2017/A.2.1	A.2.1	sh2017																																																										
60	hMPXv|IndiaKL-ICMR-10562023|EPI_ISL_19131344|2023-12-28	IIb	sh2017/H.2	H.2	sh2017																																																										
61	hMPXv|IndiaKL-ICMR-10592024|EPI_ISL_19131345|2024-01-11	IIb	sh2017/H.2	H.2	sh2017																																																										
62	hMpxVPakistanNIH-PIMS-0032024|EPI_ISL_19344622|2024-01-16	IIb	sh2017/H.1	H.1	sh2017																																																										
63	hMpxVPakistanNIH-KMU-0042024|EPI_ISL_19344623|2024-08-13	IIb	sh2017/H.2	H.2	sh2017																																																										
64	hMPXv|IndiaKL-ICMR-MCL-161-10232024|EPI_ISL_19417682|2024-03-21	IIb	sh2017/H.1	H.1	sh2017																																																										
65	hMpxVNepalNPHL-MP-022025|EPI_ISL_19707789|2024-12-29	IIb	sh2017/H.2	H.2	sh2017																																																										
66	hMpxVJordanMOH-CPHL-74802024|EPI_ISL_19708057|2024-09-01	IIb	sh2017/H.2	H.2	sh2017																																																										
67	hMpxVPakistanNIH-0052025|EPI_ISL_19794627|2025-03-18	IIb	sh2017/H.2	H.2	sh2017																																																										
68	hMpxVPakistanDUHS-012025|EPI_ISL_19883106|2025-03-22	IIb	sh2017/H.2	H.2	sh2017																																																										
69	hMpxVOmanCPHL_523294592023|EPI_ISL_19894159|2023-10-06	IIb	sh2017/H.1	H.1	sh2017																																																										
70	hMpxVOmanCPHL_523300472023|EPI_ISL_19894160|2023-10-11	IIb	sh2017/H.1	H.1	sh2017																																																										
71	hMpxVOmanCPHL_523304152023|EPI_ISL_19894161|2023-10-15	IIb	sh2017/H.1	H.1	sh2017																																																										
72	hMpxVOmanCPHL_524280762024|EPI_ISL_19894162|2024-10-03	IIb	sh2017/H.1	H.1	sh2017																																																										
73	hMPXv|IndiaKL-MCL-H-186-59-10902025|EPI_ISL_19897572|2025-01-14	IIb	sh2017/H.1	H.1	sh2017																																																										
74	hMPXv|IndiaKA-MCL-H-187-155-11102025|EPI_ISL_19907402|2025-01-20	IIb	sh2017/H.1	H.1	sh2017																																																										
75	hMPXv|IndiaKA-MCL-H-187-156-11112025|EPI_ISL_19908055|2025-01-20	IIb	sh2017/H.1	H.1	sh2017																																																										
76	hMPXv|IndiaKA-MCL-H-187-157-11122025|EPI_ISL_19908056|2025-01-20	IIb	sh2017/H.1	H.1	sh2017																																																										
77	hMPXv|IndiaKL-ICMR-MCL-H-177-42712025|EPI_ISL_20123882|2024-09-16	IIb	sh2017/H.1	H.1	sh2017																																																										
78	hMPXv|IndiaKL-ICMR-MCl-H-179-47272025|EPI_ISL_20129055|2024-12	IIb	sh2017/H.1	H.1	sh2017																																																										
79	hMPXv|IndiaKL-ICMR-MCL-H-195-2836-12025|EPI_ISL_20131096|2025-04	IIb	sh2017/H.2	H.2	sh2017																																																										
80	hMPXv|IndiaKL-MCL-H-184-472025|EPI_ISL_20326866|2025	IIb	sh2017/H.1	H.1	sh2017																																																										
81	hMpxVAustraliaWA-PGSU00062022|EPI_ISL_19363623|2022-09-11	IIb	sh2017/H.2	H.2	sh2017																																																										
82	hMpxVAustraliaVIC-VIDRL-42912024|EPI_ISL_19459760|2024-01-13	IIb	sh2017/A.2.3	A.2.3	sh2017																																																										
83	hMpxVAustraliaQLD-MX000082023|EPI_ISL_19539727|2023-10-20	IIb	sh2017/H.2	H.2	sh2017																																																										
84	hMpxVAustraliaWA-PGSU00432025|EPI_ISL_19767794|2025-02-10	IIb	sh2017/A.2.2	A.2.2	sh2017																																																										
85	hMpxV-USA-FL-CDC-001-2022|EPI_ISL_13094227|2022-05-22	IIb	sh2017/A.2.1	A.2.1	sh2017																																																										
86	hMpxV-USA-VA-CDC-001-2022|EPI_ISL_13096615|2022-05	IIb	sh2017/A.2.4	A.2.4	sh2017																																																										
87	hMpxV-USA-TX-CDC-000-2021|EPI_ISL_13100621|2021-07	IIb	sh2017/A.2.3	A.2.3	sh2017																																																										
88	hMpxV-USA-MD-CDC-000-2021|EPI_ISL_13100622|2021-11	IIb	sh2017/A.1.1	A.1.1	sh2017																																																										
89	hMpxV-USA-PA-CDC-0016-2022|EPI_ISL_15016116|2022-07	IIb	sh2017/A.2.2	A.2.2	sh2017																																																										
90	hMpxV-USA-WA-UW-081251-2023|EPI_ISL_18137830|2023-08	IIb	sh2017/H.2	H.2	sh2017																																																										
91	hMpxV-USA-CA-CDPH-1M1000642-2024|EPI_ISL_19295785|2024-06-18	IIb	sh2017/A.2.2	A.2.2	sh2017																																																										
92	hMpxV-USA-MA-MSPHL-0227-2024|EPI_ISL_19650027|2024	IIb	sh2017/A.2.2	A.2.2	sh2017																																																										
93	hMpxV-USA-IL-RIPHL-050-0216-2025|EPI_ISL_19852731|2025-01-14	IIb	sh2017/A.2.2	A.2.2	sh2017																																																										
94	hMpxV-USA-IL-RIPHL-050-0217-2025|EPI_ISL_19852732|2025-02-15	IIb	sh2017/A.2.2	A.2.2	sh2017																																																										
95	hMpxV-USA-IL-RIPHL-050-0218-2025|EPI_ISL_19852733|2025-03-22	IIb	sh2017/G.1	G.1	sh2017																																																										
96	hMpxV-USA-MA-MSPHL-0232-2025|EPI_ISL_19857527|2025-04	IIb	sh2017/G.1	G.1	sh2017																																																										
97	hMpxV-USA-MD-DHCPP-0021-2024|EPI_ISL_20325720|2024-12	IIb	sh2017/A.2.2	A.2.2	sh2017																																																										
98	hMpxV-USA-MN-DHCPP-0021-2025|EPI_ISL_20325722|2025-06	IIb	sh2017/G.1	G.1	sh2017																																																										
99	hMpxV-USA-PA-DHCPP-0021-2025|EPI_ISL_20325725|2025-06	IIb	sh2017/G.1	G.1	sh2017																																																										
100	hMpxV-USA-TN-DHCPP-0030-2025|EPI_ISL_20325728|2025-05	IIb	sh2017/G.1	G.1	sh2017																																																										
101	hMpxV-USA-TX-DHCPP-0281-2025|EPI_ISL_20325731|2025-06	IIb	sh2017/G.1	G.1	sh2017																																																										
102	hMpxV-USA-VA-DHCPP-0022-2025|EPI_ISL_20325807|2025-03	IIb	sh2017/A.2.2	A.2.2	sh2017																																																										
103	hMpxV|Ghana|NPHRL-AGW-22-002|2022|EPI_ISL_19716906|2022-08-24	IIb	sh2017/A.2.4	A.2.4	sh2017																																																										
104	hMpxV|Ghana|NPHRL-GAS-22|2022|EPI_ISL_19716914|2022-12-12	IIb	sh2017/A.2.4	A.2.4	sh2017																																																										
105	hMpxV|Ghana|NPHRL-ATW-22-04|2022|EPI_ISL_19716917|2022-12-29	IIb	sh2017/A.2.4	A.2.4	sh2017																																																										
106	hMpxV|Ghana|NPHRL-GAE-23-015|2023|EPI_ISL_19718050|2023-10-18	IIb	sh2017/A.2.4	A.2.4	sh2017																																																										
107	hMpxV|Ghana|NPHRL-KRO-24-005|2024|EPI_ISL_19718051|2024-11-11	IIb	sh2017/A.2.2	A.2.2	sh2017																																																										
108	hMpxV|Ghana|NPHRL-BAB-22-002|2024|EPI_ISL_19718059|2024-11-21	IIb	sh2017/A.2.2	A.2.2	sh2017																																																										
109	hMpxV|Ghana|NPHRL-GAS-23-002|2023|EPI_ISL_19718083|2023-05-09	IIb	sh2017/A.2	A.2	sh2017																																																										
110	hMpxV|Ghana|NPHRL-KKT-22-006|2022|EPI_ISL_19718084|2022-07-27	IIb	sh2017/A.2.4	A.2.4	sh2017																																																										
111	hMpxV|Ghana|NPHRL-TNS-25-071|2025|EPI_ISL_20091972|2025-05-12	IIb	sh2017/A.2.2	A.2.2	sh2017																																																										
112	hMpxV|Ghana|NPHRL-KKT-25|2025|EPI_ISL_20092010|2025-06-16	IIb	sh2017/A.2.2	A.2.2	sh2017																																																										
113	hMpxV|Ghana|NPHRL-AFE-25-083|2025|EPI_ISL_20092034|2025-05-19	IIb	sh2017/A.2.2	A.2.2	sh2017																																																										
114	hMpxV|Ghana|NPHRL-25-084|2025|EPI_ISL_20092181|2025-05-17	IIb	sh2017/A.2.2	A.2.2	sh2017																																																										
115	hMpxV|Ghana|NPHRL-25-098|2025|EPI_ISL_20092182|2025-05-19	IIb	sh2017/A.2.2	A.2.2	sh2017																																																										
116	hMpxV|Ghana|NPHRL-25-151|2025|EPI_ISL_20092183|2025-05-20	IIb	sh2017/A.2.2	A.2.2	sh2017																																																										
117	hMpxV|Ghana|NPHRL-25-187|2025|EPI_ISL_20092190|2025-05-25	IIb	sh2017/A.2.2	A.2.2	sh2017																																																										
118	hMpxV|Ghana|NPHRL-25-196|2025|EPI_ISL_20092191|2025-05-22	IIb	sh2017/A.2.2	A.2.2	sh2017																																																										
119	hMpxV|Ghana|NPHRL-25-202|2025|EPI_ISL_20092192|2025-05-19	IIb	sh2017/A.2.2	A.2.2	sh2017																																																										
120	hMpxV|Ghana|NPHRL-25-206|2025|EPI_ISL_20092193|2025-05-26	IIb	sh2017/A.2.2	A.2.2	sh2017																																																										
121	hMpxV|Ghana|NPHRL-25-245|2025|EPI_ISL_20092194|2025-05-28	IIb	sh2017/A.2.2	A.2.2	sh2017																																																										
122	hMpxV|Ghana|NPHRL-25-263|2025|EPI_ISL_20092195|2025-05-27	IIb	sh2017/A.2.2	A.2.2	sh2017																																																										
123	hMpxV|Ghana|NPHRL-25-268|2025|EPI_ISL_20092269|2025-05-28	IIb	sh2017/A.2.2	A.2.2	sh2017																																																										
124	hMpxV|Ghana|NPHRL-25-313|2025|EPI_ISL_20092270|2025-06-01	IIb	sh2017/A.2.2	A.2.2	sh2017																																																										
125	hMpxV|Ghana|NPHRL-25-336|2025|EPI_ISL_20092271|2025-06-02	IIb	sh2017/A.2.2	A.2.2	sh2017																																																										
126	hMpxV|Ghana|NPHRL-25-367|2025|EPI_ISL_20092272|2025-06-02	IIb	sh2017/A.2.2	A.2.2	sh2017																																																										
127	hMpxV|Ghana|NPHRL-25-371|2025|EPI_ISL_20092292|2025-06-03	IIb	sh2017/A.2.2	A.2.2	sh2017																																																										
128	hMpxV|Ghana|NPHRL-25-400|2025|EPI_ISL_20092293|2025-06-04	IIb	sh2017/A.2.2	A.2.2	sh2017																																																										
129	hMpxV|Ghana|NPHRL-25-417|2025|EPI_ISL_20092295|2025-06-05	IIb	sh2017/A.2.2	A.2.2	sh2017																																																										
130	hMpxV|Ghana|NPHRL-25-435|2025|EPI_ISL_20092371|2025-06-04	IIb	sh2017/A.2.2	A.2.2	sh2017																																																										
131	hMpxV|Ghana|NPHRL-25-133|2025|EPI_ISL_20092372|2025-05-20	IIb	sh2017/A.2.2	A.2.2	sh2017																																																										
132	hMpxV|Ghana|NPHRL-25-134|2025|EPI_ISL_20092373|2025-05-20	IIb	sh2017/A.2.2	A.2.2	sh2017																																																										
133	hMpxV|Ghana|NPHRL-25-207|2025|EPI_ISL_20092956|2025-05-26	IIb	sh2017/A.2.2	A.2.2	sh2017																																																										
134	hMpxV|Ghana|NPHRL-25-306|2025|EPI_ISL_20092957|2025-05-30	IIb	sh2017/A.2.2	A.2.2	sh2017																																																										
135	hMpxV|Ghana|NPHRL-25-426|2025|EPI_ISL_20093152|2025-06-03	IIb	sh2017/A.2.2	A.2.2	sh2017																																																										
136	hMpxV|Ghana|NPHRL-25-431|2025|EPI_ISL_20093200|2025-06-03	IIb	sh2017/A.2.2	A.2.2	sh2017																																																										
137	hMpxV|Ghana|PSB-401|2022|EPI_ISL_20098689|2022-09-17	IIb	sh2017/A.2.4	A.2.4	sh2017																																																										
138	hMpxV|Ghana|PSB-345|2022|EPI_ISL_20098691|2022-09-06	IIb	sh2017/A.2.4	A.2.4	sh2017																																																										
139	hMpxV|Ghana|PSB-467|2022|EPI_ISL_20098692|2022-10-10	IIb	sh2017/A.2.4	A.2.4	sh2017																																																										
140	hMpxV|Ghana|PSB-173|2022|EPI_ISL_20098693|2022-07-26	IIb	sh2017/A.2.4	A.2.4	sh2017																																																										
141	hMpxV|Ghana|PSB-046|2022|EPI_ISL_20098694|2022-06-14	IIb	sh2017/A.2.4	A.2.4	sh2017																																																										
142	hMpxV|Ghana|PSB-244|2022|EPI_ISL_20098695|2022-08-15	IIb	sh2017/A.2.4	A.2.4	sh2017																																																										
143	hMpxV|Ghana|PSB-496A|2022|EPI_ISL_20098696|2022-10-24	IIb	sh2017/A.2.4	A.2.4	sh2017																																																										
144	hMpxV|Ghana|PSB-240|2022|EPI_ISL_20098697|2022-08-12	IIb	sh2017/A.2.4	A.2.4	sh2017																																																										
145	hMpxV|Ghana|PSB-195|2022|EPI_ISL_20098698|2022-08-02	IIb	sh2017/A.2.3	A.2.3	sh2017																																																										
146	hMpxV|Ghana|PSB-328|2022|EPI_ISL_20098699|2022-08-30	IIb	sh2017/A.2.4	A.2.4	sh2017																																																										
147	hMpxV|Ghana|PSB-190|2022|EPI_ISL_20098700|2022-08-01	IIb	sh2017/B.1.2	B.1.2	sh2017																																																										
148	hMpxV|Ghana|PSB-106|2022|EPI_ISL_20098701|2022-06-28	IIb	sh2017/A.2.4	A.2.4	sh2017																																																										
149	hMpxV|Ghana|PSB-171|2022|EPI_ISL_20098702|2022-07-26	IIb	sh2017/A.2.4	A.2.4	sh2017																																																										
150	hMpxV|Ghana|PSB-039|2022|EPI_ISL_20098703|2022-06-13	IIb	sh2017/A.2.1	A.2.1	sh2017																																																										
151	hMpxV|Ghana|PSB-030|2022|EPI_ISL_20098704|2022-06-10	IIb	sh2017/A.2.4	A.2.4	sh2017																																																										
152	hMpxV|Ghana|PSB-177|2022|EPI_ISL_20098705|2022-07-27	IIb	sh2017/A.2.3	A.2.3	sh2017																																																										
153	hMpxV|Ghana|PSB-007|2022|EPI_ISL_20098706|2022-06-02	IIb	sh2017/A.2.3	A.2.3	sh2017																																																										
154	hMpxV|England|CDC_P1|2018|EPI_ISL_13056271|2018-09	IIb	sh2017/A.1	A.1	sh2017																																																										
155	hMpxV|England|CDC_P2|2018|EPI_ISL_13056272|2018-09	IIb	sh2017/A.1	A.1	sh2017																																																										
156	hMpxV|England|CDC_P3|2018|EPI_ISL_13056273|2018-09	IIb	sh2017/A.1	A.1	sh2017																																																										
157	hMpxV|United_Kingdom|UKHSA-2091|2019|EPI_ISL_13734230|2019-12	IIb	sh2017/A.1	A.1	sh2017																																																										
158	hMpxV|United_Kingdom|UKHSA-2095|2019|EPI_ISL_13734231|2019-12	IIb	sh2017/A.1	A.1	sh2017																																																										
159	hMpxV|United_Kingdom|UKHSA-2102|2019|EPI_ISL_13734232|2019-12	IIb	sh2017/A.1	A.1	sh2017																																																										
160	hMpxV|Turkey|MHT-MP0001|2022|EPI_ISL_13891126|2022-06-26	IIb	sh2017/A.1.1	A.1.1	sh2017																																																										
161	hMpxV|United_Kingdom|UKHSA-9000155|2022|EPI_ISL_14752286|2022-06-03	IIb	sh2017/H.2	H.2	sh2017																																																										
162	hMpxV|United_Kingdom|UKHSA-9000166|2022|EPI_ISL_14752288|2022-06-29	IIb	sh2017/A.2.2	A.2.2	sh2017																																																										
163	hMpxV|United_Kingdom|UKHSA-9000360|2022|EPI_ISL_14923905|2022-08	IIb	sh2017/A.3	A.3	sh2017																																																										
164	hMpxV|United_Kingdom|UKHSA-9000450|2022|EPI_ISL_15158465|2022-09	IIb	sh2017/A.3	A.3	sh2017																																																										
165	hMpxV|Portugal|INSA-PT0428|2022|EPI_ISL_15199775|2022-08-01	IIb	sh2017/A.2.3	A.2.3	sh2017																																																										
166	hMpxV|Slovenia|UL-30|2022|EPI_ISL_15370047|2022-07	IIb	sh2017/H.2	H.2	sh2017																																																										
167	hMpxV|Austria|CNR-IP-MUW1607960|2023|EPI_ISL_17804477|2023-04-05	IIb	sh2017/A.2.2	A.2.2	sh2017																																																										
168	hMpxV|Austria|MUW-1721722|2024|EPI_ISL_19293704|2024-05-15	IIb	sh2017/H.1	H.1	sh2017																																																										
169	hMpxV|Portugal|INSA-PT0824|2024|EPI_ISL_19345035|2024-07-16	IIb	sh2017/H.1	H.1	sh2017																																																										
170	hMpxV|Denmark|VFU-1|2024|EPI_ISL_19357665|2024-06-20	IIb	sh2017/F.4	F.4	sh2017																																																										
171	hMpxV|Denmark|VFU-2|2024|EPI_ISL_19357666|2024-07-03	IIb	sh2017/F.4	F.4	sh2017																																																										
172	hMpxV|Denmark|VFU-3|2024|EPI_ISL_19357667|2024-07-04	IIb	sh2017/F.4	F.4	sh2017																																																										
173	hMpxV|Denmark|VFU-4|2024|EPI_ISL_19357668|2024-07-22	IIb	sh2017/B.1.23	B.1.23	sh2017																																																										
174	hMpxV|Germany|un-RKI-1112|2024|EPI_ISL_19431800|2024-08	IIb	sh2017/H.1	H.1	sh2017																																																										
175	hMpxV|Germany|un-RKI-1110|2024|EPI_ISL_19431803|2024-08	IIb	sh2017/H.1	H.1	sh2017																																																										
176	hMpxV|Germany|un-RKI-1111|2024|EPI_ISL_19431812|2024-08	IIb	sh2017/H.1	H.1	sh2017																																																										
177	hMpxV|Italy|LOM-DIMEC-P12|2022|EPI_ISL_19703783|2022-06-06	IIb	sh2017/A.2.3	A.2.3	sh2017																																																										
178	hMpxV|Germany|un-RKI-1306|2025|EPI_ISL_19844512|2025-03	IIb	sh2017/G.1	G.1	sh2017																																																										
179	hMpxV|Germany|un-RKI-1305|2025|EPI_ISL_19844527|2025-03	IIb	sh2017/G.1	G.1	sh2017																																																										
180	hMpxV|Netherlands|un-EMC-NL150|2024|EPI_ISL_20188829|2025-04-14	IIb	sh2017/G.1	G.1	sh2017																																																										
181	hMpxV|Netherlands|un-EMC-NL151|2025|EPI_ISL_20188830|2025-04-14	IIb	sh2017/G.1	G.1	sh2017																																																										
182	hMpxV|Netherlands|un-EMC-NL155|2025|EPI_ISL_20190085|2025-06-20	IIb	sh2017/G.1	G.1	sh2017																																																										
183	hMpxV|Netherlands|un-EMC-NL161|2025|EPI_ISL_20190175|2025-07-21	IIb	sh2017/A.2.2	A.2.2	sh2017																																																										
184	hMpxV|Ireland|un-NVRL-GIRL00060147|2025|EPI_ISL_20200392|2025-08-16	IIb	sh2017/A.2.2	A.2.2	sh2017																																																										
185	hMpxV|Ireland|un-NVRL-GIRL00063147|2025|EPI_ISL_20200393|2025-08-27	IIb	sh2017/A.2.2	A.2.2	sh2017																																																										
186	hMpxV|Italy|FVG-INMI-Pt595|2025|EPI_ISL_20322105|2025-08-29	IIb	sh2017/A.2.2	A.2.2	sh2017																																																										
187	hMpxV|United_Kingdom|UKHSA-074|2025|EPI_ISL_20366301|2025-05	IIb	sh2017/A.2.2	A.2.2	sh2017																																																										
188	hMpxV|Netherlands|un-EMC-NL173|2026|EPI_ISL_20387984|2026-03-02	IIb	sh2017/G.1	G.1	sh2017																																																										
189	hMpxV|Congo|BZV-LNSP-CG051|2025|EPI_ISL_19842849|2025-03-24	IIb	sh2017/A.2.2	A.2.2	sh2017																																																										
190	hMpxV|Zambia|NPHLS-ZLU0042070_S2|2025|EPI_ISL_20358370|2025-05-29	IIb	sh2017/A	A	sh2017																																																										
191	hMpxV|Zambia|NPHLS-ZLU0042586_S4|2025|EPI_ISL_20393544|2025-06-09	IIb	sh2017/A	A	sh2017																																																										
192	hMpxV|Zambia|NPHLS-ZLU0042587_S5|2025|EPI_ISL_20393545|2025-06-07	IIb	sh2017/A	A	sh2017																																																										
193	hMpxV|Zambia|NPHLS-ZLU0042588_S6|2025|EPI_ISL_20393546|2025-06-04	IIb	sh2017/A	A	sh2017																																																										
194	hMpxV|Zambia|NPHLS-ZLU0042589_S7|2025|EPI_ISL_20393547|2025-06-04	IIb	sh2017/A	A	sh2017																																																										
195	hMpxV|Zambia|NPHLS-ZLU0042591_S8|2025|EPI_ISL_20393549|2025-06-03	IIb	sh2017/A	A	sh2017																																																										
196	hMpxV|Zambia|NPHLS-ZLU0042592_S9|2025|EPI_ISL_20393550|2025-06-05	IIb	sh2017/A	A	sh2017																																																										
197	hMpxV|Zambia|NPHLS-ZLU0042593_S10|2025|EPI_ISL_20393551|2025-06-04	IIb	sh2017/A	A	sh2017																																																										
198	hMpxV-Benin-IPD-SEN0022-2022|EPI_ISL_18387014|2022-06	IIb	sh2017/A.2.2	A.2.2	sh2017																																																										
199	hMpxV-Benin-IPD-SEN0021-2022|EPI_ISL_18387015|2022-06	IIb	sh2017/A.2.2	A.2.2	sh2017																																																										
200	hMpxV-Benin-LFHV-36-2024|EPI_ISL_20375249|2024-06-06	IIb	sh2017/A.2.2	A.2.2	sh2017																																																										
201	hMpxV-Benin-LFHV-37-2024|EPI_ISL_20375250|2024-06-06	IIb	sh2017/A.2.2	A.2.2	sh2017																																																										
202	hMpxV-Benin-LFHV-44-2024|EPI_ISL_20375251|2024-06-06	IIb	sh2017/A.2.2	A.2.2	sh2017																																																										
203	hMpxV-Benin-LFHV-04-2025|EPI_ISL_20375252|2025-02-22	IIb	sh2017/A.2.2	A.2.2	sh2017																																																										
204	hMpxV-Benin-LFHV-18-2025|EPI_ISL_20375253|2025-02-22	IIb	sh2017/A.2.2	A.2.2	sh2017																																																										
205	hMpxV-Benin-LFHV-43-2025|EPI_ISL_20375254|2025-09-23	IIb	sh2017/A.2.2	A.2.2	sh2017																																																										
206	hMpxV-Benin-LFHV-45-2025|EPI_ISL_20375255|2025-09-23	IIb	sh2017/A.2.2	A.2.2	sh2017																																																										
207	hMpxV-Guinea-CERFIG-010_C-2025|EPI_ISL_20053179|2025-06-13	IIb	sh2017/G.1	G.1	sh2017																																																										
208	hMpxV-Guinea-CERFIG-010_M-2025|EPI_ISL_20053180|2025-06-13	IIb	sh2017/G.1	G.1	sh2017																																																										
209	hMpxV-Guinea-CRV-LFHVG-G1072-2025|EPI_ISL_20053693|2025-06-03	IIb	sh2017/G.1	G.1	sh2017																																																										
210	hMpxV-Guinea-CRV-LFHVG-G1074-2025|EPI_ISL_20056957|2025-06-14	IIb	sh2017/G.1	G.1	sh2017																																																										
211	hMpxV-Guinea-CRV-LFHVG-G1075-2025|EPI_ISL_20056958|2025-06-14	IIb	sh2017/G.1	G.1	sh2017																																																										
212	hMpxV-Guinea-CRV-LFHVG-G1076-2025|EPI_ISL_20056959|2025-06-16	IIb	sh2017/G.1	G.1	sh2017																																																										
213	hMpxV-Guinea-CERFIG_015_C-2025|EPI_ISL_20064174|2025-06-23	IIb	sh2017/G.1	G.1	sh2017																																																										
214	hMpxV-Guinea-CERFIG_018_C-2025|EPI_ISL_20064176|2025-06-25	IIb	sh2017/G.1	G.1	sh2017																																																										
215	hMpxV-Cote_dIvoire-IPCI-DVE-MP363-2025|EPI_ISL_20234020|2025-08-27	IIb	sh2017/A.1	A.1	sh2017																																																										
216	hMpxV-Cote_dIvoire-IPCI-DVE-MP341-2025|EPI_ISL_20234021|2025-08-10	IIb	sh2017/A.1	A.1	sh2017																																																										
217	hMpxV-Cote_dIvoire-IPCI-DVE-MP302-2025|EPI_ISL_20234022|2025-06-30	IIb	sh2017/A.2.2	A.2.2	sh2017																																																										
218	hMpxV-Cote_dIvoire-IPCI-DVE-MP345-2025|EPI_ISL_20234023|2025-08-12	IIb	sh2017/A.2.2	A.2.2	sh2017																																																										
219	hMpxV-Cote_dIvoire-IPCI-DVE-MP350-2025|EPI_ISL_20234024|2025-08-22	IIb	sh2017/A.2.2	A.2.2	sh2017																																																										
220	hMpxV-Cote_dIvoire-IPCI-DVE-MP354-2025|EPI_ISL_20234025|2025-08-23	IIb	sh2017/A.2.2	A.2.2	sh2017																																																										
221	hMpxV-Cote_dIvoire-IPCI-DVE-MP355-2025|EPI_ISL_20234026|2025-08-23	IIb	sh2017/A.2.2	A.2.2	sh2017																																																										
222	hMpxV-Cote_dIvoire-IPCI-DVE-MP356-2025|EPI_ISL_20234027|2025-08-26	IIb	sh2017/A.2.2	A.2.2	sh2017																																																										
223	hMpxV-Cote_dIvoire-IPCI-DVE-MP357-2025|EPI_ISL_20234028|2025-08-26	IIb	sh2017/A.2.2	A.2.2	sh2017																																																										
224	hMpxV-Cote_dIvoire-IPCI-DVE-MP371-2025|EPI_ISL_20234029|2025-09-08	IIb	sh2017/G.1	G.1	sh2017																																																										
225	hMpxV-Cote_dIvoire-IPCI-DVE-MP180-2025|EPI_ISL_20234030|2025-03-23	IIb	sh2017/A.1	A.1	sh2017																																																										
226	hMpxV-Cote_dIvoire-IPCI-DVE-MP219-2025|EPI_ISL_20234031|2025-04-29	IIb	sh2017/A.1	A.1	sh2017																																																										
227	hMpxV-Cote_dIvoire-IPCI-DVE-MP224-2025|EPI_ISL_20234032|2025-04-25	IIb	sh2017/A.1	A.1	sh2017																																																										
228	hMpxV-Cote_dIvoire-IPCI-DVE-MP235-2025|EPI_ISL_20234033|2025-05-09	IIb	sh2017/A.1	A.1	sh2017																																																										
229	hMpxV-Cote_dIvoire-IPCI-DVE-MP249-2025|EPI_ISL_20234034|2025-05-22	IIb	sh2017/A.1	A.1	sh2017																																																										
230	hMpxV-Cote_dIvoire-IPCI-DVE-MP260-2025|EPI_ISL_20234035|2025-06-03	IIb	sh2017/A.1	A.1	sh2017																																																										
231	hMpxV-Cote_dIvoire-IPCI-DVE-MP276-2025|EPI_ISL_20234036|2025-06-20	IIb	sh2017/A.1	A.1	sh2017																																																										
232	hMpxV-Cote_dIvoire-IPCI-DVE-MP278-2025|EPI_ISL_20234037|2025-06-20	IIb	sh2017/A.1	A.1	sh2017																																																										
233	hMpxV-Cote_dIvoire-IPCI-DVE-MP279-2025|EPI_ISL_20234038|2025-06-20	IIb	sh2017/A.1	A.1	sh2017																																																										
234	hMpxV-Cote_dIvoire-IPCI-DVE-MP284-2025|EPI_ISL_20234040|2025-06-21	IIb	sh2017/A.1	A.1	sh2017																																																										
235	hMpxV-Cote_dIvoire-IPCI-DVE-MP285-2025|EPI_ISL_20234041|2025-06-20	IIb	sh2017/A.1	A.1	sh2017																																																										
236	hMpxV-Cote_dIvoire-IPCI-DVE-MP286-2025|EPI_ISL_20234042|2025-06-18	IIb	sh2017/A.2.2	A.2.2	sh2017																																																										
237	hMpxV-Cote_dIvoire-IPCI-DVE-MP320-2025|EPI_ISL_20234043|2025-07-11	IIb	sh2017/A.2.2	A.2.2	sh2017																																																										
238	hMpxV-Cote_dIvoire-IPCI-DVE-MP321-2025|EPI_ISL_20234044|2025-07-11	IIb	sh2017/A.2.2	A.2.2	sh2017																																																										
239	hMpxV-Cote_dIvoire-IPCI-DVE-MP317-2025|EPI_ISL_20234045|2025-07-07	IIb	sh2017/A.1	A.1	sh2017																																																										
240	hMpxV-Cote_dIvoire-IPCI-DVE-MP338-2025|EPI_ISL_20234046|2025-08-06	IIb	sh2017/A.1	A.1	sh2017																																																										
241	hMpxV-Cote_dIvoire-IPCI-DVE-MP339-2025|EPI_ISL_20234047|2025-08-05	IIb	sh2017/A.1	A.1	sh2017																																																										
242	hMpxV|EPI_ISL_19888233|Togo|2025-05-16	IIb	sh2017/A.2.2	G.2	sh2017																																																										
243	hMpxV|EPI_ISL_19888238|Togo|2025-05-20	IIb	sh2017/A.2.2	G.2	sh2017																																																										
244	hMpxV|EPI_ISL_19888240|Togo|2025-05-20	IIb	sh2017/A.2.2	G.2	sh2017																																																										
245	hMpxV|EPI_ISL_19888241|Togo|2025-05-22	IIb	sh2017/A.2.2	G.2	sh2017																																																										
246	hMpxV|EPI_ISL_19957792|Togo|2025-05-16	IIb	sh2017/A.2.2	G.2	sh2017																																																										
247	hMpxV|EPI_ISL_19958154|Togo|2025-05-21	IIb	sh2017/A.2.2	G.2	sh2017																																																										
248	hMpxV|EPI_ISL_19958659|Togo|2025-05-24	IIb	sh2017/A.2.2	G.2	sh2017																																																										
249	hMpxV|EPI_ISL_19958746|Togo|2025-05-26	IIb	sh2017/A.2.2	G.2	sh2017																																																										
250	hMpxV|EPI_ISL_19959208|Togo|2025-06-02	IIb	sh2017/A.2.2	G.2	sh2017																																																										
251	hMpxV|EPI_ISL_19959209|Togo|2025-06-03	IIb	sh2017/A.2.2	G.2	sh2017																																																										
252	hMpxV|EPI_ISL_19959210|Togo|2025-06-05	IIb	sh2017/A.2.2	G.2	sh2017																																																										
253	PP_0010DKF.1|Germany|2024-08	IIb	sh2017/H.1	H.1	sh2017																																																										
254	PP_0010DLD.1|Germany|2024-08	IIb	sh2017/H.1	H.1	sh2017																																																										
255	PP_0010DMB.1|Germany|2024-08	IIb	sh2017/H.1	H.1	sh2017																																																										
256	PP_0015H8Q.1|Germany|2025-03	IIb	sh2017/G.1	G.1	sh2017																																																										
257	PP_0015H9N.1|Germany|2025-03	IIb	sh2017/G.1	G.1	sh2017																																																										
258	PP_000UMLH.2|PA|USA|2022-07	IIb	sh2017/A.2.2	A.2.2	sh2017																																																										
259	PP_000ZYPQ.1|USA|2024-06-18	IIb	sh2017/A.2.2	A.2.2	sh2017																																																										
260	PP_0010X4U.1|MA|USA|2024	IIb	sh2017/A.2.2	A.2.2	sh2017																																																										
261	PP_0015JSL.1|Chicago|USA|2025-03-22	IIb	sh2017/G.1	G.1	sh2017																																																										
262	PP_0015JWC.1|MA|USA|2025-04	IIb	sh2017/G.1	G.1	sh2017																																																										
263	PP_0015JXA.1|Chicago|USA|2025-01-14	IIb	sh2017/A.2.2	A.2.2	sh2017																																																										
264	PP_0015JY8.1|Chicago|USA|2025-02-15	IIb	sh2017/A.2.2	A.2.2	sh2017																																																										
265	PP_002YXTH.2|Conakry|Guinea|2025-06-13	IIb	sh2017/G.1	G.1	sh2017																																																										
266	PP_002YXUF.2|Conakry|Guinea|2025-06-13	IIb	sh2017/G.1	G.1	sh2017																																																										
267	hMpxV|EPI_ISL_19716906|Ghana|2022-08-24	IIb	sh2017/A.2.4	A.2.4	sh2017																																																										
268	hmpxv|1-SLtravel|USA|2025-06	IIb	sh2017/G.1	G.1	sh2017																																																										
269	hmpxv|2-SLtravel|USA|2025-06	IIb	sh2017/G.1	G.1	sh2017																																																										
270	hmpxv|3-WestAfricaTravel|USA|2025-06	IIb	sh2017/G.1	G.1	sh2017																																																										
271	hmpxv|4-SLTravel|USA|2025-05	IIb	sh2017/G.1	G.1	sh2017																																																										
272	hmpxv|5-TogoTravel|USA|2024-12	IIb	sh2017/A.2.2	A.2.2	sh2017																																																										
273	hmpxv|6-NigeriaTravel|USA|2025-03	IIb	sh2017/A.2.2	A.2.2	sh2017																																																										
274	OP535322|Edo|Nigeria|2017-10	IIb	sh2017/A	A	sh2017																																																										
275	OP535323|Bayelsa|Nigeria|2017-10	IIb	sh2017/A.3	A.3	sh2017																																																										
276	OP535324|Imo|Nigeria|2018-02	IIb	sh2017/A	A	sh2017																																																										
277	OP535325|Unknown|Nigeria|2018-06	IIb	sh2017/A	A	sh2017																																																										
278	OP535326|Oyo|Nigeria|2018-06	IIb	sh2017/A	A	sh2017																																																										
279	OP535327|Rivers|Nigeria|2018-03	IIb	sh2017/A	A	sh2017																																																										
280	OP535328|Rivers|Nigeria|2018-03	IIb	sh2017/A	A	sh2017																																																										
281	OP535329|Rivers|Nigeria|2018-03	IIb	sh2017/A	A	sh2017																																																										
282	OP535330|Imo|Nigeria|2018-02	IIb	sh2017/A	A	sh2017																																																										
283	OP535331|Oyo|Nigeria|2018-01	IIb	sh2017/A	A	sh2017																																																										
284	OP535332|Oyo|Nigeria|2018-01	IIb	sh2017/A	A	sh2017																																																										
285	OP535333|Oyo|Nigeria|2018-01	IIb	sh2017/A	A	sh2017																																																										
286	OP535334|Rivers|Nigeria|2018-02	IIb	sh2017/A	A	sh2017																																																										
287	OP535335|Bayelsa|Nigeria|2017-10	IIb	sh2017/A.3	A.3	sh2017																																																										
288	OP535336|Enugu|Nigeria|2017-10	IIb	sh2017/A	A	sh2017																																																										
289	OP535337|Bayelsa|Nigeria|2017-10	IIb	sh2017/A	A	sh2017																																																										
290	OP535338|Akwa-Ibom|Nigeria|2017-10	IIb	sh2017/A	A	sh2017																																																										
291	OP535339|Enugu|Nigeria|2017-10	IIb	sh2017/A	A	sh2017																																																										
292	OP535340|Akwa-Ibom|Nigeria|2017-10	IIb	sh2017/A	A	sh2017																																																										
293	OP535341|Bayelsa|Nigeria|2017-10	IIb	sh2017/A	A	sh2017																																																										
294	OP612674|Bayelsa|Nigeria|2019-01-12	IIb	sh2017/A.1	A.1	sh2017																																																										
295	OP612675|Bayelsa|Nigeria|2019-01-30	IIb	sh2017/A	A	sh2017																																																										
296	OP612676|Bayelsa|Nigeria|2019-02-20	IIb	sh2017/A	A	sh2017																																																										
297	OP612677|Rivers|Nigeria|2019-03-12	IIb	sh2017/A.3	A.3	sh2017																																																										
298	OP612678|Rivers|Nigeria|2019-11-02	IIb	sh2017/A	A	sh2017																																																										
299	OP612679|Delta|Nigeria|2019-03-14	IIb	sh2017/A.1	A.1	sh2017																																																										
300	OP612680|Lagos|Nigeria|2019-04-01	IIb	sh2017/A	A	sh2017																																																										
301	OP612681|Bayelsa|Nigeria|2019-04-20	IIb	sh2017/A.1	A.1	sh2017																																																										
302	OP612682|Bayelsa|Nigeria|2019-04-20	IIb	sh2017/A.1	A.1	sh2017																																																										
303	OP612683|Delta|Nigeria|2019-04-18	IIb	sh2017/A.1	A.1	sh2017																																																										
304	OP612684|Lagos|Nigeria|2019-05-10	IIb	sh2017/A	A	sh2017																																																										
305	OP612685|Delta|Nigeria|2019-05-29	IIb	sh2017/A.1	A.1	sh2017																																																										
306	OP612686|Delta|Nigeria|2019-06-26	IIb	sh2017/A.1	A.1	sh2017																																																										
307	OP612687|Enugu|Nigeria|2019-07-11	IIb	sh2017/A.1	A.1	sh2017																																																										
308	OP612688|Oyo|Nigeria|2019-10-07	IIb	sh2017/A.1	A.1	sh2017																																																										
309	OP612689|Rivers|Nigeria|2019-12-17	IIb	sh2017/A.2	A.2	sh2017																																																										
310	OP612690|Imo|Nigeria|2019-12-17	IIb	sh2017/A.2	A.2	sh2017																																																										
311	OP612691|unknown|Nigeria|2020-01-23	IIb	sh2017/A.2	A.2	sh2017																																																										
312	MK783027|Rivers|Nigeria|2017-11-09	IIb	sh2017/A	A	sh2017																																																										
313	MK783028|Rivers|Nigeria|2017-11-09	IIb	sh2017/A	A	sh2017																																																										
314	MK783029|Rivers|Nigeria|2017-12-06	IIb	sh2017/A	A	sh2017																																																										
315	MK783030|Rivers|Nigeria|2017-11-30	IIb	sh2017/A	A	sh2017																																																										
316	MK783031|Rivers|Nigeria|2017-11-09	IIb	sh2017/A	A	sh2017																																																										
317	MK783032|Rivers|Nigeria|2017-11-01	IIb	sh2017/A	A	sh2017																																																										
318	MK783033|Rivers|Nigeria|2017-10-09	IIb	sh2017/A.3	A.3	sh2017																																																										
319	MT903338|Lagos|Nigeria|2018	IIb	sh2017/A	A	sh2017																																																										
320	MT903339|Delta|Nigeria|2018	IIb	sh2017/A	A	sh2017																																																										
321	MT903341|Bayelsa|Nigeria|2018-08-14	IIb	sh2017/A	A	sh2017																																																										
322	NC063383|Rivers|Nigeria|2018-08	IIb	sh2017/A	A	sh2017																																																										
323	OP535312|Rivers|Nigeria|2018-02	IIb	sh2017/A	A	sh2017																																																										
324	OP535313|Unknown|Nigeria|2018-01	IIb	sh2017/A	A	sh2017																																																										
325	OP535314|Rivers|Nigeria|2018-01	IIb	sh2017/A	A	sh2017																																																										
326	OP535315|Imo|Nigeria|2018-02	IIb	sh2017/A	A	sh2017																																																										
327	OP535316|Imo|Nigeria|2018-02	IIb	sh2017/A	A	sh2017																																																										
328	OP535317|Lagos|Nigeria|2018-01	IIb	sh2017/A	A	sh2017																																																										
329	OP535318|Benue|Nigeria|2017-12	IIb	sh2017/A	A	sh2017																																																										
330	OP535319|Cross-River|Nigeria|2017-12	IIb	sh2017/A	A	sh2017																																																										
331	OP535320|Abia|Nigeria|2017-11	IIb	sh2017/A	A	sh2017																																																										
332	PP852973|TRM076|Rivers|Nigeria|2022-09-27	IIb	sh2017/A.2.3	A.2.3	sh2017																																																										
333	PP852974|TRM077|Anambra|Nigeria|2022-09-27	IIb	sh2017/A.2.3	A.2.3	sh2017																																																										
334	PP852975|TRM078|Abia|Nigeria|2022-09-19	IIb	sh2017/A.2.3	A.2.3	sh2017																																																										
335	PP852976|TRM081|Bayelsa|Nigeria|2022-10-21	IIb	sh2017/A.2.3	A.2.3	sh2017																																																										
336	PP852977|TRM082|Nasarawa|Nigeria|2022-11-01	IIb	sh2017/A.2.2	A.2.2	sh2017																																																										
337	PP852978|TRM275|Kwara|Nigeria|2022-09-15	IIb	sh2017/A.2.5	A.2.5	sh2017																																																										
338	PP852979|TRM276|Anambra|Nigeria|2022-09-22	IIb	sh2017/A.2.5	A.2.5	sh2017																																																										
339	PP852980|TRM277|FCT|Nigeria|2022-09-30	IIb	sh2017/A.2.3	A.2.3	sh2017																																																										
340	PP852981|TRM278|Imo|Nigeria|2022-09-20	IIb	sh2017/A.2.3	A.2.3	sh2017																																																										
341	PP852982|TRM279|Abia|Nigeria|2022-09-26	IIb	sh2017/A.2.3	A.2.3	sh2017																																																										
342	PP852983|TRM280|Enugu|Nigeria|2022-10-05	IIb	sh2017/A.2.3	A.2.3	sh2017																																																										
343	PP852984|TRM281|Imo|Nigeria|2022-10-11	IIb	sh2017/A.3	A.3	sh2017																																																										
344	PP852985|TRM283|Ebonyi|Nigeria|2022	IIb	sh2017/A.3	A.3	sh2017																																																										
345	PP852986|TRM284|Kaduna|Nigeria|2022-10-30	IIb	sh2017/A.2	A.2	sh2017																																																										
346	PP852987|TRM285|Lagos|Nigeria|2022-09-16	IIb	sh2017/A.2.2	A.2.2	sh2017																																																										
347	PP852988|TRM286|Anambra|Nigeria|2022-09-12	IIb	sh2017/A.2.3	A.2.3	sh2017																																																										
348	PP852991|TRM289|Abia|Nigeria|2022-09-25	IIb	sh2017/A.2.3	A.2.3	sh2017																																																										
349	PP852992|TRM291|Bayelsa|Nigeria|2022-10-07	IIb	sh2017/A.2.3	A.2.3	sh2017																																																										
350	PP852993|TRM293|Ebonyi|Nigeria|2022	IIb	sh2017/A.3	A.3	sh2017																																																										
351	PP852994|TRM295|Lagos|Nigeria|2022-09-18	IIb	sh2017/A.2.5	A.2.5	sh2017																																																										
352	PP852995|TRM296|Delta|Nigeria|2022-08-30	IIb	sh2017/A.2.5	A.2.5	sh2017																																																										
353	PP852996|TRM299|Abia|Nigeria|2022-09-26	IIb	sh2017/A.2.3	A.2.3	sh2017																																																										
354	PP852997|TRM294|Edo|Nigeria|2022-11-01	IIb	sh2017/A.2.3	A.2.3	sh2017																																																										
355	PP852998|TRM301|Bayelsa|Nigeria|2022-09-26	IIb	sh2017/A.2.5	A.2.5	sh2017																																																										
356	PP852999|TRM302|Imo|Nigeria|2022-10-14	IIb	sh2017/A.2.2	A.2.2	sh2017																																																										
357	PP853000|TRM303|Imo|Nigeria|2022-10-24	IIb	sh2017/A.2.3	A.2.3	sh2017																																																										
358	PP853001|TRM307|FCT|Nigeria|2022-09-26	IIb	sh2017/A.2	A.2	sh2017																																																										
359	PP853002|TRM308|FCT|Nigeria|2022-10-02	IIb	sh2017/A.3	A.3	sh2017																																																										
360	PP853003|TRM310|Ogun|Nigeria|2022-09-30	IIb	sh2017/A.2.2	A.2.2	sh2017																																																										
361	PP853004|TRM312|Gombe|Nigeria|2022-10-08	IIb	sh2017/A.2	A.2	sh2017																																																										
362	PP853005|TRM313|Imo|Nigeria|2022-10-24	IIb	sh2017/A.2.3	A.2.3	sh2017																																																										
363	PP853006|TRM316|Bayelsa|Nigeria|2022-09-19	IIb	sh2017/A.2.3	A.2.3	sh2017																																																										
364	PP853007|TRM317|Imo|Nigeria|2022-09-17	IIb	sh2017/A.2.3	A.2.3	sh2017																																																										
365	PP853008|TRM318|Lagos|Nigeria|2022-09-22	IIb	sh2017/A.2.2	A.2.2	sh2017																																																										
366	PP853009|TRM320|Rivers|Nigeria|2022-10-03	IIb	sh2017/A.2.4	A.2.4	sh2017																																																										
367	PP853010|TRM321|Ondo|Nigeria|2022-10-05	IIb	sh2017/A.2	A.2	sh2017																																																										
368	PP853011|TRM323|Ogun|Nigeria|2022-10-26	IIb	sh2017/A.2.5	A.2.5	sh2017																																																										
369	PP853012|TRM326|Rivers|Nigeria|2022-09-27	IIb	sh2017/A.2.2	A.2.2	sh2017																																																										
370	PP853013|TRM328|Lagos|Nigeria|2022-09-16	IIb	sh2017/A.2.2	A.2.2	sh2017																																																										
371	PP853014|TRM331|Rivers|Nigeria|2022-10-06	IIb	sh2017/A.2.5	A.2.5	sh2017																																																										
372	PP853015|TRM334|Kano|Nigeria|2022-11-02	IIb	sh2017/A.2.2	A.2.2	sh2017																																																										
373	PP853016|TRM338|Lagos|Nigeria|2022-09-23	IIb	sh2017/A.2.2	A.2.2	sh2017																																																										
374	PP853017|TRM344|Edo|Nigeria|2022-10-26	IIb	sh2017/A.3	A.3	sh2017																																																										
375	PP853019|TRM351|Rivers|Nigeria|2022-10-12	IIb	sh2017/A.2.5	A.2.5	sh2017																																																										
376	PP853020|TRM353|Plateau|Nigeria|2022-10-24	IIb	sh2017/A.2	A.2	sh2017																																																										
377	PP853021|TRM359|Anambra|Nigeria|2022-09-27	IIb	sh2017/A.2.3	A.2.3	sh2017																																																										
378	PP853022|TRM362|Rivers|Nigeria|2022-10-14	IIb	sh2017/A.2.2	A.2.2	sh2017																																																										
379	PP853023|TRM306|Imo|Nigeria|2022-09-13	IIb	sh2017/A.2.3	A.2.3	sh2017																																																										
380	PP853024|TRM311|Edo|Nigeria|2022-10-01	IIb	sh2017/A.2.3	A.2.3	sh2017																																																										
381	PP853025|TRM314|Bayelsa|Nigeria|2022-10-27	IIb	sh2017/A.2.3	A.2.3	sh2017																																																										
382	PP853026|TRM315|Kogi|Nigeria|2022-09-18	IIb	sh2017/A.2.3	A.2.3	sh2017																																																										
383	PP853027|TRM319|AkwaIbom|Nigeria|2022-09-27	IIb	sh2017/A.2.5	A.2.5	sh2017																																																										
384	PP853028|TRM322|Nasarawa|Nigeria|2022-10-13	IIb	sh2017/A.2.2	A.2.2	sh2017																																																										
385	PP853029|TRM324|Bayelsa|Nigeria|2022-10-30	IIb	sh2017/A.2.3	A.2.3	sh2017																																																										
386	PP853030|TRM325|Lagos|Nigeria|2022-09-14	IIb	sh2017/A.2	A.2	sh2017																																																										
387	PP853031|TRM327|Delta|Nigeria|2022-09-16	IIb	sh2017/A.2.3	A.2.3	sh2017																																																										
388	PP853032|TRM329|Bayelsa|Nigeria|2022-09-28	IIb	sh2017/A.2.5	A.2.5	sh2017																																																										
389	PP853033|TRM330|Ebonyi|Nigeria|2022	IIb	sh2017/A.2.3	A.2.3	sh2017																																																										
390	PP853034|TRM332|Anambra|Nigeria|2022-10-12	IIb	sh2017/A.2.1	A.2.1	sh2017																																																										
391	PP853035|TRM333|Kaduna|Nigeria|2022-10-24	IIb	sh2017/A.2.3	A.2.3	sh2017																																																										
392	PP853036|TRM335|Lagos|Nigeria|2022-09-12	IIb	sh2017/A.2.2	A.2.2	sh2017																																																										
393	PP853037|TRM336|FCT|Nigeria|2022-09-23	IIb	sh2017/A.2.3	A.2.3	sh2017																																																										
394	PP853038|TRM337|Delta|Nigeria|2022-09-16	IIb	sh2017/A.2.5	A.2.5	sh2017																																																										
395	PP853039|TRM339|Bayelsa|Nigeria|2022-09-28	IIb	sh2017/A.2.5	A.2.5	sh2017																																																										
396	PP853040|TRM340|Lagos|Nigeria|2022-09-29	IIb	sh2017/A.2.2	A.2.2	sh2017																																																										
397	PP853041|TRM341|AkwaIbom|Nigeria|2022-10-05	IIb	sh2017/A.2.3	A.2.3	sh2017																																																										
398	PP853042|TRM342|Anambra|Nigeria|2022-10-14	IIb	sh2017/A.2.3	A.2.3	sh2017																																																										
399	PP853043|TRM343|Kaduna|Nigeria|2022-10-26	IIb	sh2017/A.2	A.2	sh2017																																																										
400	PP853044|TRM347|Delta|Nigeria|2022-08-30	IIb	sh2017/A.2.5	A.2.5	sh2017																																																										
401	PP853045|TRM349|Anambra|Nigeria|2022-09-27	IIb	sh2017/A.2.3	A.2.3	sh2017																																																										
402	PP853046|TRM350|Lagos|Nigeria|2022-09-30	IIb	sh2017/A.2.2	A.2.2	sh2017																																																										
403	PP853047|TRM352|AkwaIbom|Nigeria|2022-10-08	IIb	sh2017/A.2.5	A.2.5	sh2017																																																										
404	PP853048|TRM354|Imo|Nigeria|2022-10-17	IIb	sh2017/A.2.3	A.2.3	sh2017																																																										
405	PP853049|TRM355|Lagos|Nigeria|2022-09-13	IIb	sh2017/A.2.3	A.2.3	sh2017																																																										
406	PP853050|TRM357|Plateau|Nigeria|2022-09-12	IIb	sh2017/A.2.3	A.2.3	sh2017																																																										
407	PP853051|TRM358|Lagos|Nigeria|2022-09-23	IIb	sh2017/A.2.3	A.2.3	sh2017																																																										
408	PP853052|TRM360|Kaduna|Nigeria|2022-09-17	IIb	sh2017/A.2.3	A.2.3	sh2017																																																										
409	PP853053|TRM363|Bayelsa|Nigeria|2022-10-13	IIb	sh2017/A.2.5	A.2.5	sh2017																																																										
410	PP852943|TRM365|Ogun|Nigeria|2022-09-14	IIb	sh2017/A.3	A.3	sh2017																																																										
411	PP852944|TRM367|Anambra|Nigeria|2022-09-14	IIb	sh2017/A.2.3	A.2.3	sh2017																																																										
412	PP852956|VSP198|Edo|Nigeria|2022	IIb	sh2017/A.2.2	A.2.2	sh2017																																																										
413	PP852966|VSP208|Rivers|Nigeria|2023-03-15	IIb	sh2017/A.2.3	A.2.3	sh2017																																																										
414	PP852967|VSP209|Abia|Nigeria|2023-03-20	IIb	sh2017/A.2.3	A.2.3	sh2017																																																										
415	PP852951|VSP193|Borno|Nigeria|2023-01-08	IIb	sh2017/A.2.3	A.2.3	sh2017																																																										
416	PP852952|VSP194|Borno|Nigeria|2022-01-01	IIb	sh2017/A.2.3	A.2.3	sh2017																																																										
417	PP852961|VSP203|CrossRiver|Nigeria|2023-02-20	IIb	sh2017/A.2.3	A.2.3	sh2017																																																										
418	PP852962|VSP204|Rivers|Nigeria|2023-03-03	IIb	sh2017/A.2.3	A.2.3	sh2017																																																										
419	PP852968|VSP210|Enugu|Nigeria|2023-03-21	IIb	sh2017/A.2.3	A.2.3	sh2017																																																										
420	PP852953|VSP195|Imo|Nigeria|2022	IIb	sh2017/A.3	A.3	sh2017																																																										
421	PP852950|VSP192|AkwaIbom|Nigeria|2023-01-08	IIb	sh2017/A.2.3	A.2.3	sh2017																																																										
422	PP852963|VSP205|Rivers|Nigeria|2023-03-03	IIb	sh2017/A.2.3	A.2.3	sh2017																																																										
423	PP852960|VSP202|Nigeria|2023-02-21	IIb	sh2017/A.2.3	A.2.3	sh2017																																																										
424	PP852969|VSP212|Imo|Nigeria|2023-04-17	IIb	sh2017/A.2.3	A.2.3	sh2017																																																										
425	PP852972|VSP215|FCT|Nigeria|2023-05-31	IIb	sh2017/A.2.2	A.2.2	sh2017																																																										
426	PP852958|VSP200|Edo|Nigeria|2022	IIb	sh2017/A.2.3	A.2.3	sh2017																																																										
427	PP852965|VSP207|Bayelsa|Nigeria|2023-03-14	IIb	sh2017/A.2.3	A.2.3	sh2017																																																										
428	PP852948|VSP190|Abia|Nigeria|2023-01-02	IIb	sh2017/A.2.3	A.2.3	sh2017																																																										
429	PP852955|VSP197|Edo|Nigeria|2022	IIb	sh2017/A.2.2	A.2.2	sh2017																																																										
430	PP852964|VSP206|Niger|Nigeria|2023-03-15	IIb	sh2017/A.2.3	A.2.3	sh2017																																																										
431	PP852959|VSP201|AkwaIbom|Nigeria|2023-02-21	IIb	sh2017/A.2.3	A.2.3	sh2017																																																										
432	PP852954|VSP196|Abia|Nigeria|2023-01-24	IIb	sh2017/A.3	A.3	sh2017																																																										
433	PP852971|VSP214|FCT|Nigeria|2023-05-31	IIb	sh2017/A.2.2	A.2.2	sh2017																																																										
434	PP852970|VSP213|Rivers|Nigeria|2023-05-16	IIb	sh2017/A.2.3	A.2.3	sh2017																																																										
435	PP852946|VSP188|Bayelsa|Nigeria|2022-12-26	IIb	sh2017/A.2.3	A.2.3	sh2017																																																										
436	NRL_CPHL_32A|MPX|Rivers|2025-02-24	IIb	sh2017/A.2.2	A.2.2	sh2017																																																										
437	NRL_CPHL_33A|MPX|Ebonyi|2025-02-24	IIb	sh2017/A.2.3	A.2.3	sh2017																																																										
438	NRL_CPHL_20A|MPX|Rivers|2025-01-21	IIb	sh2017/A.2.2	A.2.2	sh2017																																																										
439	NRL_CPHL_49A|MPX|Rivers|2025-04-14	IIb	sh2017/A.2.2	A.2.2	sh2017																																																										
440	MPX-23-001|FCT|Bwari|2023-01-03	IIb	sh2017/A.2.2	A.2.2	sh2017																																																										
441	CPHL-344|MPX|OYO|2025-08-13	IIb	sh2017/A.2.2	A.2.2	sh2017																																																										
442	CPHL-345|MPX|OGUN|2025-08-14	IIb	sh2017/A.2.2	A.2.2	sh2017																																																										
443	CPHL-346|MPX|OGUN|2025-08-14	IIb	sh2017/A.2.2	A.2.2	sh2017																																																										
444	CPHL-365|MPX|ONDO|2025-08-15	IIb	sh2017/A.2.2	A.2.2	sh2017																																																										
445	CPHL-421|MPX|LAGOS|2025-09-22	IIb	sh2017/A.2.2	A.2.2	sh2017																																																										
446	CPHL-454|MPX|LAGOS|2025-09-30	IIb	sh2017/A.2.2	A.2.2	sh2017																																																										
447	UNTH-0052|MPX|ENUGU|2025-10-15	IIb	sh2017/A.2.2	A.2.2	sh2017																																																										
448	MPOX-24-1035|Edo|Nigeria|2024-10-22	IIb	sh2017/A.2.2	A.2.2	sh2017																																																										
449	MPOX-24-1036|Edo|Nigeria|2024-10-28	IIb	sh2017/A.2.3	A.2.3	sh2017																																																										
450	CPHL-639|MPXV|Lagos|2024-12-09	IIb	sh2017/A.2.2	A.2.2	sh2017																																																										
451	MPOX-24-1121|Anambra|Nigeria|2024-11-06	IIb	sh2017/A.2.2	A.2.2	sh2017																																																										
452	NRL_CPHL_13|MPX|Rivers|2024-12-13	IIb	sh2017/A.2.2	A.2.2	sh2017																																																										
453	NRL_CPHL_17|MPX|Rivers|2024-12-28	IIb	sh2017/A.2.2	A.2.2	sh2017																																																										
454	NRL_CPHL_17A|MPX|Rivers|2024-12-28	IIb	sh2017/A.2.2	A.2.2	sh2017																																																										
455	NRL_CPHL_61A|MPX|Rivers|2025-05-13	IIb	sh2017/A.2.2	A.2.2	sh2017																																																										
456	NRL_CPHL_20|MPX|Rivers|2025-01-21	IIb	sh2017/A.2.2	A.2.2	sh2017																																																										
457	NRL_CPHL_23A|MPX|Rivers|2025-02-03	IIb	sh2017/A.2.2	A.2.2	sh2017																																																										
458	NRL_CPHL_24A|MPX|Rivers|2025-02-04	IIb	sh2017/A.2.2	A.2.2	sh2017																																																										
459	NRL_CPHL_32|MPX|Rivers|2025-02-24	IIb	sh2017/A.2.2	A.2.2	sh2017																																																										
460	NRL_CPHL_33|MPX|Ebonyi|2025-02-24	IIb	sh2017/A.2.3	A.2.3	sh2017																																																										
461	NRL_CPHL_41|MPX|Rivers|2025-03-15	IIb	sh2017/A.2.2	A.2.2	sh2017																																																										
462	NRL_CPHL_41A|MPX|Rivers|2025-03-15	IIb	sh2017/A.2.2	A.2.2	sh2017																																																										
463	NRL_CPHL_50|MPX|Rivers|2025-04-17	IIb	sh2017/A.2.2	A.2.2	sh2017																																																										
464	NRL_CPHL_61|MPX|Rivers|2025-05-13	IIb	sh2017/A.2.2	A.2.2	sh2017																																																										
465	NRL_CPHL_67|MPX|Rivers|2025-05-31	IIb	sh2017/A.2.2	A.2.2	sh2017																																																										
466	MPX-23-006|Kogi|Lokoja|2023-01-06	IIb	sh2017/A.2	A.2	sh2017																																																										
467	MPX-23-015|Borno|Biyu|2022-12-29	IIb	sh2017/A.2.3	A.2.3	sh2017																																																										
468	MPX-23-032|Bayelsa|Yenegoa|2022-12-26	IIb	sh2017/A.2.3	A.2.3	sh2017																																																										
469	MPX-23-045|Abia|Isiala|2023-01-02	IIb	sh2017/A.2.3	A.2.3	sh2017																																																										
470	MPX-23-059|Borno|Mongono|2023-01-08	IIb	sh2017/A.2.3	A.2.3	sh2017																																																										
471	MPOX-24-1015|Taraba|Nigeria|2024-11-05	IIb	sh2017/A.2.3	A.2.3	sh2017																																																										
472	MPOX-24-1016|Taraba|Nigeria|2024-11-05	IIb	sh2017/A.2.3	A.2.3	sh2017																																																										
473	MPOX-24-1022|Lagos|Nigeria|2024-10-31	IIb	sh2017/A.2.3	A.2.3	sh2017																																																										
474	MPOX-24-1065|Lagos|Nigeria|2024-11-12	IIb	sh2017/A.2.2	A.2.2	sh2017																																																										
475	MPOX-24-1066|Imo|Nigeria|2024-11-12	IIb	sh2017/A.2.2	A.2.2	sh2017																																																										
476	MPOX-24-1219|Benue|Nigeria|2024-11-09	IIb	sh2017/A.2.2	A.2.2	sh2017																																																										
477	MPOX-24-1220|Benue|Nigeria|2024-12-02	IIb	sh2017/A.2.2	A.2.2	sh2017																																																										
478	MPOX-24-627_S4_L001|Delta|Nigeria|2024-08-30	IIb	sh2017/A.2.2	A.2.2	sh2017																																																										
479	MPOX-24-632_S5_L001|Delta|Nigeria|2024-08-30	IIb	sh2017/A.2.2	A.2.2	sh2017																																																										
480	MPOX-24-633_S6_L001|Imo|Nigeria|2024-08-29	IIb	sh2017/A.2.2	A.2.2	sh2017																																																										
481	MPOX-24-642_S7_L001|Fct|Nigeria|2024-09-03	IIb	sh2017/A.2.2	A.2.2	sh2017																																																										
482	MPOX-24-643_S8_L001|Gombe|Nigeria|2024-09-02	IIb	sh2017/A.2.2	A.2.2	sh2017																																																										
483	MPOX-24-647_S9_L001|Benue|Nigeria|2024-09-02	IIb	sh2017/A.2.2	A.2.2	sh2017																																																										
484	MPOX-24-766_S15_L001|Plateau|Nigeria|2024-09-18	IIb	sh2017/A.2.2	A.2.2	sh2017																																																										
485	MPOX-24-788_S16_L001|Plateau|Nigeria|2024-09-24	IIb	sh2017/A.2.2	A.2.2	sh2017																																																										
486	MPOX-24-925|Fct|Nigeria|2024-10-22	IIb	sh2017/A.2.2	A.2.2	sh2017																																																										
487	MPOX-24-944|Plateau|Nigeria|2024-10-18	IIb	sh2017/A.2.2	A.2.2	sh2017																																																										
488	MPOX-24-966|Delta|Nigeria|2024-10-27	IIb	sh2017/A.2.2	A.2.2	sh2017																																																										
489	MPOX-24-967|Rivers|Nigeria|2024-10-28	IIb	sh2017/A.2.2	A.2.2	sh2017																																																										
490	MPOX-24-982|Taraba|Nigeria|2024-10-28	IIb	sh2017/A.2.3	A.2.3	sh2017																																																										
491	MPOX-24-984|Edo|Nigeria|2024-11-01	IIb	sh2017/A.2.3	A.2.3	sh2017																																																										
492	MPOX-24-987|AkwaIbom|Nigeria|2024-10-29	IIb	sh2017/A.2.2	A.2.2	sh2017																																																										
493	MPOX-24-997|Ogun|Nigeria|2024-10-28	IIb	sh2017/A.2.2	A.2.2	sh2017																																																										
494	NRL-25-052|Plateau|Nigeria|2024-11-09	IIb	sh2017/A.2.2	A.2.2	sh2017																																																										
495	NRL-25-151|Kaduna|Nigeria|2025-01-31	IIb	sh2017/A.2.2	A.2.2	sh2017																																																										
496	NRL-25-152|Kaduna|Nigeria|2025-01-28	IIb	sh2017/A.2.2	A.2.2	sh2017																																																										
497	NRL-25-154|Edo|Nigeria|2025-01-29	IIb	sh2017/A.2.2	A.2.2	sh2017																																																										
498	NRL-25-155|Delta|Nigeria|2025-01-29	IIb	sh2017/A.2.2	A.2.2	sh2017																																																										
499	NRL-25-158|Kaduna|Nigeria|2025-01-27	IIb	sh2017/A.2.2	A.2.2	sh2017																																																										
500	NRL-25-159|Kaduna|Nigeria|2025-01-30	IIb	sh2017/A.2.2	A.2.2	sh2017																																																										
501	NRL-MPOX-24-850|Edo|Nigeria|2024-10-03	IIb	sh2017/A.2.2	A.2.2	sh2017																																																										
502	NRL-MPOX-24-860|Plateau|Nigeria|2024-09-29	IIb	sh2017/A.2.2	A.2.2	sh2017																																																										
503	NRL-MPOX-24-864|Fct|Nigeria|2024-10-08	IIb	sh2017/A.2.2	A.2.2	sh2017																																																										
504	NRL-MPOX-24-909|Plateau|Nigeria|2024-10-11	IIb	sh2017/A.2.2	A.2.2	sh2017																																																										
505	NRL-MPOX-839|Fct|Nigeria|2024-10-03	IIb	sh2017/A.2.2	A.2.2	sh2017																																																										
506	CPHL-510|Ondo|Nigeria|2024-10-09	IIb	sh2017/A.2.2	A.2.2	sh2017																																																										
507	CPHL-521|Lagos|Nigeria|2024-10-16	IIb	sh2017/A.2.3	A.2.3	sh2017																																																										
508	CPHL-533|Lagos|Nigeria|2024-10-26	IIb	sh2017/A.2.2	A.2.2	sh2017																																																										
509	CPHL-560|Lagos|Nigeria|2024-11-17	IIb	sh2017/A.2.2	A.2.2	sh2017																																																										
510	CPHL-604|Lagos|Nigeria|2024-11-26	IIb	sh2017/A.2.2	A.2.2	sh2017																																																										
511	CPHL-607|Lagos|Nigeria|2024-12-04	IIb	sh2017/A.2.2	A.2.2	sh2017																																																										
512	CPHL-MPOX-24-318|Osun|Nigeria|2024-08-21	IIb	sh2017/A.2.2	A.2.2	sh2017																																																										
513	CPHL-MPOX-24-344|Lagos|Nigeria|2024-08-27	IIb	sh2017/A.2.2	A.2.2	sh2017																																																										
514	CPHL-MPOX-24-369|Lagos|Nigeria|2024-09-02	IIb	sh2017/A.2.2	A.2.2	sh2017																																																										
515	CPHL-MPOX-24-400|Lagos|Nigeria|2024-09-09	IIb	sh2017/A.2.2	A.2.2	sh2017																																																										
516	CPHL-MPOX-24-401|Lagos|Nigeria|2024-09-10	IIb	sh2017/A.2.2	A.2.2	sh2017																																																										
517	CPHL-MPOX-24-419|Lagos|Nigeria|2024-09-12	IIb	sh2017/A.2.2	A.2.2	sh2017																																																										
518	CPHL-MPOX-24-477|Lagos|Nigeria|2024-09-25	IIb	sh2017/A.2.3	A.2.3	sh2017																																																										
519	CPHL-MPOX-24-509|Oyo|Nigeria|2024-10-07	IIb	sh2017/A.2.2	A.2.2	sh2017																																																										
520	CPHL-MPOX-25-0035|ONDO|Nigeria|2025-01-21	IIb	sh2017/A.2.2	A.2.2	sh2017																																																										
521	CPHL-MPOX-25-004|LAGOS|Nigeria|2024-12-31	IIb	sh2017/A.2.2	A.2.2	sh2017																																																										
522	CPHL-MPOX-25-007|OGUN|Nigeria|2024-12-26	IIb	sh2017/A.2.2	A.2.2	sh2017																																																										
523	NRL-MPOX-25-0035|SOKOTO|Nigeria|2024-12-30	IIb	sh2017/A.2.2	A.2.2	sh2017																																																										
524	NRL-MPOX-25-0052|PLATEAU|Nigeria|2024-12-18	IIb	sh2017/A.2.2	A.2.2	sh2017																																																										
525	NRL-MPOX-25-0094|DELTA|Nigeria|2025-01-13	IIb	sh2017/A.2.2	A.2.2	sh2017																																																										
526	NRL-MPOX-25-0110|NASARAWA|Nigeria|2025-01-21	IIb	sh2017/A.2.2	A.2.2	sh2017																																																										
527	NRL-MPOX-25-0112|EDO|Nigeria|2025-01-14	IIb	sh2017/A.2.2	A.2.2	sh2017																																																										
528	NRL-MPOX-25-0114|BAYELSA|Nigeria|2025-01-17	IIb	sh2017/A.2.2	A.2.2	sh2017																																																										
529	NRL-MPOX-25-0151|KADUNA|Nigeria|2025-01-31	IIb	sh2017/A.2.2	A.2.2	sh2017																																																										
530	NRL-MPOX-25-0152|KADUNA|Nigeria|2025-01-28	IIb	sh2017/A.2.2	A.2.2	sh2017																																																										
531	NRL-MPOX-25-0154|EDO|Nigeria|2025-01-29	IIb	sh2017/A.2.2	A.2.2	sh2017																																																										
532	NRL-MPOX-25-0155|DELTA|Nigeria|2025-01-29	IIb	sh2017/A.2.2	A.2.2	sh2017																																																										
533	NRL-MPOX-25-0158|KADUNA|Nigeria|2025-01-27	IIb	sh2017/A.2.2	A.2.2	sh2017																																																										
534	NRL-MPOX-25-0159|KADUNA|Nigeria|2025-01-30	IIb	sh2017/A.2.2	A.2.2	sh2017																																																										
535	NRL-MPOX-25-0185|DELTA|Nigeria|2025-02-04	IIb	sh2017/A.2.2	A.2.2	sh2017																																																										
536	NRL-MPOX-25-0188|EBONYI|Nigeria|2025-01-05	IIb	sh2017/A.2.2	A.2.2	sh2017																																																										
537	NRL-MPOX-25-0231|DELTA|Nigeria|2025-02-13	IIb	sh2017/A.2.2	A.2.2	sh2017																																																										
538	NRL-MPOX-25-0232|SOKOTO|Nigeria|2025-02-16	IIb	sh2017/A.2.2	A.2.2	sh2017																																																										
539	NRL-MPOX-25-0233|SOKOTO|Nigeria|2025-02-16	IIb	sh2017/A.2.2	A.2.2	sh2017																																																										
540	NRL-MPOX-25-052|PLATEAU|Nigeria|2024-12-18	IIb	sh2017/A.2.2	A.2.2	sh2017																																																										
541	NRL-MPOX-25-151|KADUNA|Nigeria|2025-01-31	IIb	sh2017/A.2.2	A.2.2	sh2017																																																										
542	NRL-MPOX-25-152|KADUNA|Nigeria|2025-01-28	IIb	sh2017/A.2.2	A.2.2	sh2017																																																										
543	NRL-MPOX-25-154|EDO|Nigeria|2025-01-29	IIb	sh2017/A.2.2	A.2.2	sh2017																																																										
544	NRL-MPOX-25-155|DELTA|Nigeria|2025-01-29	IIb	sh2017/A.2.2	A.2.2	sh2017																																																										
545	NRL-MPOX-25-158|KADUNA|Nigeria|2025-01-27	IIb	sh2017/A.2.2	A.2.2	sh2017																																																										
546	NRL-MPOX-25-159|KADUNA|Nigeria|2025-01-30	IIb	sh2017/A.2.2	A.2.2	sh2017																																																										
547	NRL-MPOX-25-170|EDO|Nigeria|2025-01-31	IIb	sh2017/A.2.2	A.2.2	sh2017																																																										
548	NRL-MPOX-25-180|BENUE|Nigeria|2025-01-28	IIb	sh2017/A.2.2	A.2.2	sh2017																																																										
549	NRL-MPOX-25-203|KADUNA|Nigeria|2025-09-08	IIb	sh2017/A.2.2	A.2.2	sh2017																																																										
550	NRL-MPOX-25-259|CROSS_RIVER|Nigeria|2025-01-23	IIb	sh2017/A.2.2	A.2.2	sh2017																																																										
551	NRL-MPOX-25-268|BENUE|Nigeria|2025-02-18	IIb	sh2017/A.2.2	A.2.2	sh2017																																																										
552	NRL-MPOX-25-272|EDO|Nigeria|2025-02-19	IIb	sh2017/A.2.2	A.2.2	sh2017																																																										
553	NRL-MPOX-25-284|NIGER|Nigeria|2025-02-24	IIb	sh2017/A.2.2	A.2.2	sh2017																																																										
554	NRL-MPOX-25-293|KADUNA|Nigeria|2025-02-26	IIb	sh2017/A.2.2	A.2.2	sh2017																																																										
555	NRL-MPOX-25-304|KADUNA|Nigeria|2025-03-03	IIb	sh2017/A.2.2	A.2.2	sh2017																																																										
556	NRL-MPOX-25-307|AKWA_IBOM|Nigeria|2025-03-05	IIb	sh2017/A.2.2	A.2.2	sh2017																																																										
557	NRL-MPOX-25-310|NIGER|Nigeria|2025-03-07	IIb	sh2017/A.2.2	A.2.2	sh2017																																																										
558	NRL-MPOX-25-321|BENUE|Nigeria|2025-03-07	IIb	sh2017/A.2.2	A.2.2	sh2017																																																										
559	NRL-MPOX-25-358|GOMBE|Nigeria|2025-03-17	IIb	sh2017/A.2.2	A.2.2	sh2017																																																										
560	NRL-MPOX-25-378|FCT|Nigeria|2025-03-25	IIb	sh2017/A.2.2	A.2.2	sh2017																																																										
561	NRL-MPOX-25-391|PLATEAU|Nigeria|2025-03-20	IIb	sh2017/A.2.2	A.2.2	sh2017																																																										
562	NRL-MPOX-25-412|EDO|Nigeria|2025-03-28	IIb	sh2017/A.2.2	A.2.2	sh2017																																																										
563	NRL-MPOX-25-460|AKWA_IBOM|Nigeria|2025-04-15	IIb	sh2017/A.2.2	A.2.2	sh2017																																																										
564	NRL-MPOX-25-485|FCT|Nigeria|2025-04-26	IIb	sh2017/A.2.2	A.2.2	sh2017																																																										
565	NRL-MPOX-25-508|CROSS_RIVER|Nigeria|2025-05-06	IIb	sh2017/A.2.2	A.2.2	sh2017																																																										
566	NRL-MPOX-25-564|AKWA_IBOM|Nigeria|2025-08-22	IIb	sh2017/A.2.2	A.2.2	sh2017																																																										
567	NRL-MPOX-25-572|BENUE|Nigeria|2025-06-03	IIb	sh2017/A.2.2	A.2.2	sh2017																																																										
568	NRL-MPOX-25-573|KADUNA|Nigeria|2025-06-10	IIb	sh2017/A.2.2	A.2.2	sh2017																																																										