state,G1,G1_stem,G1_mono,G2,G2_stem,G2_mono,CIV,CIV_stem,CIV_mono
STATE_44000000,2024.6265079997945,2023.8240149997944,True,2024.6570369997944,2023.6765889997944,True,2024.9202614747944,2018.7999214747945,True
STATE_45000000,2024.4945045897946,2023.9093215897947,True,2024.5545245897947,2023.7860025897946,True,2025.0927999497947,2018.7047199497947,True
STATE_46000000,2024.5957989997946,2023.7748339997945,True,2024.5720463997945,2023.7072103997946,True,2024.8325072197945,2018.6690372197945,True
STATE_47000000,2024.6850968397946,2023.9752858397947,True,2024.4650553397946,2023.9468193397945,True,2025.1923262397945,2018.8685762397945,True
STATE_48000000,2024.5571678597946,2024.0504738597945,True,2024.7788418597945,2023.9713208597946,True,2025.0040584497945,2018.6819184497945,True
STATE_49000000,2024.5223758897946,2023.8664648897945,True,2024.8003278897945,2023.7617978897945,True,2025.0707956567944,2018.8078156567944,True
STATE_50000000,2024.4446685297944,2023.7551355297944,True,2024.4990571297944,2023.7379031297944,True,2024.9565124497944,2018.6666624497946,True
STATE_51000000,2024.5962460997946,2023.8233210997946,True,2024.7265251997947,2023.7981701997946,True,2024.8460284697946,2018.7334684697946,True
STATE_52000000,2024.6012782197945,2023.8746582197946,True,2024.6220060197945,2023.8502290197946,True,2024.5036301897946,2018.7672201897944,True
STATE_53000000,2024.6187180797947,2024.0219360797946,True,2024.7381210797946,2023.7363510797945,True,2025.1320070797947,2018.6994070797946,True
STATE_54000000,2024.4874753597946,2023.8066763597947,True,2024.6072883597947,2023.5475483597947,True,2024.8384368597947,2018.9241868597946,True
STATE_55000000,2024.3778395797947,2023.8689705797947,True,2024.4330895797946,2023.7316595797947,True,2025.0221432297947,2019.0009032297946,True
STATE_56000000,2024.3976999997947,2023.8364449997946,True,2024.6037516997947,2023.7401206997947,True,2024.5586551997947,2018.6998951997946,True
STATE_57000000,2024.5165389997946,2023.8554929997947,True,2024.6285029997946,2023.7229809997946,True,2024.7986684997945,2018.7405484997946,True
STATE_58000000,2024.6370186597944,2023.9030946597945,True,2024.6200387597944,2023.8426347597945,True,2025.0653247597945,2018.8715347597945,True
STATE_59000000,2024.6414130497944,2023.7899570497946,True,2024.5074330497946,2023.6093060497944,True,2025.0717796697945,2018.7181996697946,True
STATE_60000000,2024.5207549797947,2023.7296799797946,True,2024.6697599797947,2023.5901099797945,True,2024.8643878797945,2018.6985278797945,True
STATE_61000000,2024.4756941997946,2023.8384791997946,True,2024.7267665997945,2023.7285195997945,True,2024.5154229997945,2018.5775229997946,True
STATE_62000000,2024.6303194597945,2023.8151874597945,True,2024.6403569597944,2023.7566399597945,True,2025.1170905397944,2018.5058705397944,True
STATE_63000000,2024.6727200997946,2023.6578300997946,True,2024.6196964997946,2023.5942464997947,True,2025.0162283957945,2018.7462683957947,True
STATE_64000000,2024.4487113197945,2023.8656843197946,True,2024.7417383197944,2023.6721283197944,True,2024.8677945027946,2018.6182445027946,True
STATE_65000000,2024.5768947797944,2023.7918967797946,True,2024.4627607797945,2023.6848767797946,True,2024.5459572597945,2018.6100772597945,True
STATE_66000000,2024.5194923297947,2023.6552993297946,True,2024.5535166297946,2023.6032646297947,True,2025.1593209297946,2018.8149709297945,True
STATE_67000000,2024.5727247490076,2023.8291837490076,True,2024.5977567490077,2023.6668597490075,True,2024.2462905490077,2018.8339305490076,True
STATE_68000000,2024.6282217197947,2023.7783777197947,True,2024.5700674197947,2023.7368034197946,True,2025.0318415897946,2018.7100515897946,True
STATE_69000000,2024.6302409897946,2023.7948179897946,True,2024.7397025897947,2023.7549995897946,True,2025.1679825397946,2018.9132225397946,True
STATE_70000000,2024.6255511997945,2023.9006801997946,True,2024.6844691997946,2023.6852681997946,True,2025.1540600997946,2018.9628400997944,True
STATE_71000000,2024.5557336997945,2023.6969846997945,True,2024.7334359997944,2023.6730159997944,True,2025.0346323997944,2018.9019623997945,True
STATE_72000000,2024.5462439997946,2023.8463409997946,True,2024.7233099997945,2023.6265499997946,True,2024.7940713097946,2018.6751013097946,True
STATE_73000000,2024.4305157997946,2023.7984397997946,True,2024.5856217997946,2023.7182777997946,True,2025.0684751997946,2018.8328751997944,True
STATE_74000000,2024.5401515997946,2023.9156975997946,True,2024.6339249997945,2023.8572179997946,True,2024.7286365227947,2018.6410865227947,True
STATE_75000000,2024.5172601997947,2023.8135751997947,True,2024.6076511997946,2023.5573111997946,True,2025.0423096927946,2018.6517196927946,True
STATE_76000000,2024.4832292997944,2023.8587642997945,True,2024.3596476997946,2023.7688916997945,True,2025.0162588997946,2018.7629288997946,True
STATE_77000000,2024.6948393297946,2023.9212733297945,True,2024.4343531297945,2023.8838441297946,True,2025.1223077297946,2018.6537777297947,True
STATE_78000000,2024.5944079997944,2023.8882969997944,True,2024.6297199997944,2023.6892939997945,True,2024.8610799297944,2018.6344399297946,True
STATE_79000000,2024.4907296097945,2023.8230856097946,True,2024.5074996097944,2023.6926556097944,True,2025.0912506897946,2018.6306306897945,True
STATE_80000000,2024.5772083997947,2023.9407753997946,True,2024.7845523997946,2023.8255423997946,True,2024.9876265997946,2018.6096765997945,True
STATE_81000000,2024.5712999997945,2024.0533669997944,True,2024.5940127997944,2024.0186077997944,True,2025.0460372997945,2018.6396772997944,True
STATE_82000000,2024.6855551097947,2023.8434421097945,True,2024.5729461097947,2023.7366461097947,True,2024.9399201297947,2018.6031401297946,True
STATE_83000000,2024.5609101397945,2023.8746591397944,True,2024.4920921397945,2023.7719621397946,True,2025.0678972997946,2018.5958072997946,True
STATE_84000000,2024.5828926997947,2023.9524986997947,True,2024.4804746997945,2023.7213616997947,True,2025.0742618397946,2018.9543118397946,True
STATE_85000000,2024.2381055497945,2023.7354485497945,True,2024.2760036497946,2023.6637236497945,True,2024.7604891497945,2018.6112091497946,True
STATE_86000000,2024.4160073897945,2023.7277573897945,True,2024.7382548897945,2023.7004248897945,True,2024.9365896797945,2018.6877596797945,True
STATE_87000000,2024.6960810980074,2023.8952990980074,True,2024.3811950980073,2023.7657060980075,True,2024.8371724490073,2018.6603524490074,True
STATE_88000000,2024.3346347297945,2023.8065017297945,True,2024.6532987297944,2023.5983687297944,True,2025.0638265197945,2019.1027965197945,True
STATE_89000000,2024.5376606997945,2023.7947636997944,True,2024.7915006997946,2023.5863506997946,True,2024.9427272997946,2018.7652772997944,True
STATE_90000000,2024.7434010997945,2023.6861610997946,True,2024.7150267997945,2023.6637067997945,True,2024.9566263497945,2018.7836063497946,True
STATE_91000000,2024.5684574197946,2023.7305454197947,True,2024.6526154197945,2023.5859254197946,True,2024.9331002897945,2018.8974502897945,True
STATE_92000000,2024.4401723490075,2023.8141193490073,True,2024.6260413490074,2024.1137663490074,True,2024.8848010490074,2018.6588110490075,True
STATE_93000000,2024.5950574097944,2023.8657444097944,True,2024.6550368597946,2023.7204138597945,True,2025.0949635457944,2018.6617335457945,True
STATE_94000000,2024.6197495997944,2023.7294745997945,True,2024.8569826997946,2024.0608016997944,True,2025.0471746907945,2018.6946346907944,True
STATE_95000000,2024.6327954097947,2023.7337934097945,True,2024.6203854097946,2024.3516374097946,True,2024.8829086697945,2018.6285786697945,True
STATE_96000000,2024.5595585997946,2023.7054315997946,True,2024.6636735997945,2023.9276295997945,True,2024.8718657997945,2018.7282957997945,True
STATE_97000000,2024.6284196897946,2023.7969176897946,True,2024.7923436897945,2023.8113336897945,True,2024.7615112897945,2018.6805712897944,True
STATE_98000000,2024.5226837597945,2023.7966107597945,True,2024.7871057597945,2023.7966107597945,True,2024.7633760897945,2018.8446360897944,True
STATE_99000000,2024.5569121997946,2023.7438111997947,True,2024.6419717997946,2023.7306077997946,True,2025.0703182997945,2018.6493082997945,True
STATE_100000000,2024.6277753997945,2023.7565583997944,True,2024.7236089997944,2023.7041189997944,True,2024.6819184797944,2018.8452684797944,True
STATE_101000000,2024.6774528667945,2023.8729968667947,True,2024.5419828667946,2023.8729968667947,True,2025.1538091667946,2018.7613191667947,True
STATE_102000000,2024.3145864297946,2023.7059944297946,True,2024.7545654297946,2024.0096904297945,True,2024.7916024297945,2018.7052424297945,True
STATE_103000000,2024.6742788597946,2023.6582188597947,True,2024.7097088597945,2023.6582188597947,True,2024.7723325297948,2018.9201225297948,True
STATE_104000000,2024.4708801997945,2023.5729921997945,True,2024.7522596997944,2023.7953506997944,True,2024.9612444697946,2018.6710044697945,True
STATE_105000000,2024.4361102997946,2023.7873722997945,True,2024.5576320997945,2023.8928060997944,True,2024.9533123397944,2018.5846023397944,True
STATE_106000000,2024.5059517397947,2023.8315387397947,True,2024.6418587397945,2023.9719747397946,True,2024.8926657597947,2018.7226957597945,True
STATE_107000000,2024.4641218687946,2023.8532508687947,True,2024.7163738687946,2024.1025758687947,True,2024.7324461687947,2019.0173561687945,True
STATE_108000000,2024.7120883397945,2024.0628633397946,True,2024.6442436397945,2024.0779046397945,True,2025.1471893397945,2018.7551193397944,True
STATE_109000000,2024.6093633027945,2023.9494973027945,True,2024.7182327027945,2023.9015297027945,True,2024.6670649027944,2018.7753749027945,True
STATE_110000000,2024.4739471207945,2023.8345011207946,True,2024.6542963207946,2023.8011023207946,True,2025.0092799097945,2018.6287099097945,True
STATE_111000000,2024.5992968997946,2024.1142238997945,True,2024.8412958997947,2024.1142238997945,True,2025.1678243997947,2018.8786143997945,True
STATE_112000000,2024.4580340497946,2023.7472430497946,True,2024.6984950497945,2023.7472430497946,True,2025.0783312297947,2018.6391812297945,True
STATE_113000000,2024.6423704997944,2023.9260854997945,True,2024.6091664997946,2023.9260854997945,True,2024.9911766297946,2018.9041066297946,True
STATE_114000000,2024.4761393997946,2023.5949173997944,True,2024.6129473997946,2023.6459773997944,True,2024.7023362297946,2018.7445462297947,True
STATE_115000000,2024.5078816797945,2023.7777866797946,True,2024.7846266797947,2023.9407426797945,True,2024.9747050597946,2018.6968950597945,True
STATE_116000000,2024.5707823697946,2023.8887593697946,True,2024.6124168697945,2023.8389968697945,True,2024.8450591697945,2018.9512591697946,True
STATE_117000000,2024.5364124787945,2023.9260994787944,True,2024.4870033787945,2023.9607203787946,True,2024.8996091787944,2018.9374091787945,True
STATE_118000000,2024.6053200490076,2024.0092230490075,True,2024.4966390490076,2024.0092230490075,True,2024.7201009490075,2018.8658509490076,True
STATE_119000000,2024.5912993997947,2023.8133403997947,True,2024.8082449997946,2024.4296539997947,True,2024.8875616997946,2018.5283616997947,True
STATE_120000000,2024.6647261997946,2023.8259321997946,True,2024.7393675997946,2023.9254105997945,True,2025.0085216997945,2018.6584316997946,True
STATE_121000000,2024.6777220597946,2023.8963120597946,True,2024.5054900597945,2023.7557700597945,True,2024.8557223397945,2018.6658023397945,True
STATE_122000000,2024.4865059197946,2023.8807919197945,True,2024.7026719197945,2023.8216509197946,True,2024.7212763397945,2018.7435563397946,True
STATE_123000000,2024.7067164997945,2023.8675534997944,True,2024.7092014997945,2024.1833044997945,True,2024.9462723197944,2018.7557623197945,True
STATE_124000000,2024.4550886497946,2023.9489826497947,True,2024.6993796497945,2023.8624546497947,True,2025.1294921197946,2018.8759921197945,True
STATE_125000000,2024.7276308197945,2023.7596438197945,True,2024.7630399197944,2024.0518319197945,True,2024.9490176397944,2018.6832076397945,True
STATE_126000000,2024.2978949997944,2023.5626399997946,True,2024.5384279997945,2024.1866259997944,True,2025.0037988997944,2018.5561088997945,True
STATE_127000000,2024.5970111897946,2023.8761911897946,True,2024.5788425897945,2023.8038815897944,True,2025.1175469097946,2018.6831869097944,True
STATE_128000000,2024.5458513297945,2023.8687913297945,True,2024.7003523297944,2024.1873883297944,True,2023.9423527577944,2018.6521927577944,True
STATE_129000000,2024.5963385197947,2023.9632625197946,True,2024.5760339197946,2023.8910939197947,True,2024.9170021497946,2018.9783421497946,True
STATE_130000000,2024.4855547797945,2023.9803637797945,True,2024.7644114797945,2024.1352044797945,True,2025.0717434197945,2018.9407534197946,True
STATE_131000000,2024.5675392097944,2023.8801432097946,True,2024.6767091097945,2023.8387751097946,True,2025.1068673797945,2018.6823573797944,True
STATE_132000000,2024.5872500997946,2023.9733490997946,True,2024.4043771997947,2023.8336751997947,True,2024.8053450997945,2018.6743550997946,True
STATE_133000000,2024.6483295997946,2023.9002215997946,True,2024.7298891997946,2023.7998821997944,True,2024.9617777997946,2018.7068077997944,True
STATE_134000000,2024.5421468997945,2023.7887378997946,True,2024.7391398997945,2024.0088678997945,True,2025.0253400297945,2018.6409700297945,True
STATE_135000000,2024.3240450797946,2023.6917730797945,True,2024.7113706797945,2023.6261106797945,True,2024.9592096697945,2018.7854696697946,True
STATE_136000000,2024.6640013997946,2023.8543283997947,True,2024.6034338997947,2023.7152948997946,True,2024.7889824597946,2018.7018524597947,True
STATE_137000000,2024.6008345397945,2023.9492915397946,True,2024.6148432397947,2023.8713212397947,True,2024.8648503397947,2018.8853303397946,True
STATE_138000000,2024.6129791897945,2023.9117941897946,True,2024.6841331897945,2023.7323461897945,True,2024.9306111897945,2018.6470111897945,True
STATE_139000000,2024.6564552597947,2023.9541702597946,True,2024.5355083597947,2023.8519093597947,True,2025.0793419587947,2018.6498919587946,True
STATE_140000000,2024.3741301097946,2023.8808831097945,True,2024.7358781097944,2023.7794391097946,True,2024.7920376197944,2018.6175576197945,True
STATE_141000000,2024.6007251997946,2023.9411141997946,True,2024.7757985997946,2023.7461185997945,True,2024.8418050997946,2018.6467350997946,True
STATE_142000000,2024.5693429490075,2023.8921279490073,True,2024.7577940490073,2023.9513500490075,True,2025.1949075290074,2018.6254375290075,True
STATE_143000000,2024.6279184997945,2023.9003194997947,True,2024.6728228997947,2023.8537428997947,True,2024.9137760597946,2019.1781660597946,True
STATE_144000000,2024.5712762797946,2024.0111092797945,True,2024.7482372797947,2024.0942562797945,True,2024.8317120797947,2018.5360620797946,True
STATE_145000000,2024.5542439297944,2023.9035369297944,True,2024.7087231297944,2023.8164851297945,True,2024.9131536697944,2018.6474136697946,True
STATE_146000000,2024.4481549997947,2023.9403049997945,True,2024.6779400997946,2023.8736060997946,True,2024.9581022897946,2018.7239122897947,True
STATE_147000000,2024.6210599497945,2024.0493389497947,True,2024.7234384497945,2023.9188324497945,True,2024.8819610297946,2018.6873510297946,True
STATE_148000000,2024.5259280997946,2023.8727450997947,True,2024.7565015997945,2023.7619275997945,True,2025.0126140997945,2018.7937840997945,True
STATE_149000000,2024.5452709397946,2024.0471109397945,True,2024.8256454397945,2023.8446994397946,True,2024.6482979897946,2018.6497679897946,True
STATE_150000000,2024.6397426197943,2023.8585636197945,True,2024.5977899197944,2023.8230519197944,True,2024.9940044197945,2018.5636444197944,True
STATE_151000000,2024.7058446997946,2023.8574006997947,True,2024.8137311997946,2024.1581421997946,True,2025.1943110157945,2018.9921410157947,True
STATE_152000000,2024.6628342997947,2023.9730822997947,True,2024.4933512997945,2024.1018912997945,True,2024.9655274597947,2018.8058074597946,True
STATE_153000000,2024.5907849597945,2023.6056839597945,True,2024.7456369597944,2023.9302079597944,True,2024.8599305297944,2018.8572305297944,True
STATE_154000000,2024.6315258997947,2023.9446958997946,True,2024.5387506997947,2023.9193996997947,True,2025.0452831997945,2018.9839931997947,True
STATE_155000000,2024.6401714797946,2023.8444084797948,True,2024.6520004797947,2023.7367634797947,True,2024.5543178097946,2018.6648378097946,True
STATE_156000000,2024.3798248490075,2023.6613958490075,True,2024.6770761490075,2023.6352761490075,True,2024.9666557490075,2018.6685757490075,True
STATE_157000000,2024.6064752997947,2023.8641452997947,True,2024.7639693997946,2023.8126843997948,True,2024.9455164397946,2018.6511464397947,True
STATE_158000000,2024.7019159497945,2023.7917319497947,True,2024.5308819497945,2023.6906299497946,True,2024.8931408197946,2018.6064008197945,True
STATE_159000000,2024.4835519997946,2023.8597749997946,True,2024.7215399997947,2023.7070599997946,True,2025.0959885797945,2018.6865585797946,True
STATE_160000000,2024.6510037997946,2023.8229237997946,True,2024.6648085997945,2024.1586925997947,True,2025.0985456927947,2018.7202656927946,True
STATE_161000000,2024.6763710997946,2024.0072980997945,True,2024.7742230997944,2023.8585570997946,True,2024.9509032997944,2018.8281232997945,True
STATE_162000000,2024.6250977997945,2023.8523667997945,True,2024.4009248097946,2023.8435168097947,True,2025.0934386097945,2018.7798786097947,True
STATE_163000000,2024.5183913997946,2023.7833323997945,True,2024.6024603997946,2023.8579083997945,True,2025.0049626997945,2018.8909426997946,True
STATE_164000000,2024.7901543997946,2023.8365843997947,True,2024.4295973997946,2023.6785293997946,True,2024.8435788997947,2018.8654788997947,True
STATE_165000000,2024.6257099997945,2023.6937879997945,True,2024.7156271997944,2023.6709271997945,True,2024.9634768197946,2018.8020268197945,True
STATE_166000000,2024.3916816407946,2023.7119766407945,True,2024.6868646407945,2023.5483346407946,True,2025.1121198467945,2018.6315598467945,True
STATE_167000000,2024.5310757997947,2023.8371917997947,True,2024.8281007997946,2023.6898907997947,True,2024.8704423197946,2018.6139123197947,True
STATE_168000000,2024.5833406497945,2023.9491356497947,True,2024.7268056497946,2023.7967986497947,True,2025.0016524687946,2018.6936024687946,True
STATE_169000000,2024.5620774197946,2023.9169954197946,True,2024.7322794197946,2023.7716584197944,True,2024.6991778197946,2018.7040778197945,True
STATE_170000000,2024.5380427997945,2023.8523977997945,True,2024.7220686997946,2024.1010566997945,True,2025.0883656997946,2018.9695656997947,True
STATE_171000000,2024.5743067797946,2023.9095257797946,True,2024.6895224797947,2023.8338804797947,True,2025.0257070497946,2018.7434970497948,True
STATE_172000000,2024.5971931697945,2024.0881511697946,True,2024.7112081697946,2023.9383611697945,True,2024.9864584047946,2018.9452284047945,True
STATE_173000000,2024.5678505497947,2023.8334485497946,True,2024.7322206497947,2023.6803606497947,True,2025.0759467367945,2018.6826267367946,True
STATE_174000000,2024.5448126197946,2023.7304186197946,True,2024.2372123197945,2023.7009973197946,True,2024.9661929197946,2018.6855029197945,True
STATE_175000000,2024.5591976497947,2023.7844106497946,True,2024.5533876497946,2023.7463566497947,True,2024.7779692197946,2018.7218292197947,True
STATE_176000000,2024.3761229097945,2023.4961299097945,True,2024.5025559097944,2023.9954829097944,True,2025.0221672697944,2018.7741272697945,True
STATE_177000000,2024.6279867097946,2023.9470857097945,True,2024.6192478097946,2023.9363988097946,True,2024.9428741797944,2018.8918241797946,True
STATE_178000000,2024.5727210597945,2023.9310570597945,True,2024.7844565597945,2023.8440785597945,True,2025.0577227797946,2018.8515527797945,True
STATE_179000000,2024.5934043797947,2023.9739713797946,True,2024.8159312797945,2023.8826812797947,True,2024.8850440797946,2018.6003240797947,True
STATE_180000000,2024.5691224235945,2023.9782534235944,True,2024.6239528235944,2023.9361758235946,True,2024.9389321235944,2018.3568621235945,True
STATE_181000000,2024.4636234997947,2023.7501934997947,True,2024.6668094997947,2023.5999094997946,True,2024.6479605097948,2018.7424405097947,True
STATE_182000000,2024.6032951797945,2024.0953491797945,True,2024.7063801797945,2023.9841031797944,True,2024.9737676697944,2018.7184276697944,True
STATE_183000000,2024.4559763387945,2023.9097083387946,True,2024.6134775387945,2024.0612945387945,True,2025.1132312387945,2018.7067212387947,True
STATE_184000000,2024.7254410997946,2023.7841720997944,True,2024.7577173997945,2023.7358873997946,True,2025.0235927897945,2018.7764727897945,True
STATE_185000000,2024.4229308897945,2023.6728898897945,True,2024.6208286897945,2023.6352636897946,True,2025.1433408897944,2018.7940708897945,True
STATE_186000000,2024.5784681797945,2023.7482001797946,True,2024.8226801797946,2024.2867601797946,True,2024.8451925497945,2018.5980925497945,True
STATE_187000000,2024.6613328097944,2023.8527518097944,True,2024.6492387097944,2023.8926917097945,True,2025.0012075478944,2018.7708075478945,True
STATE_188000000,2024.4787674897946,2023.8628344897945,True,2024.6927614897945,2023.8423034897946,True,2025.0676524297946,2018.7666324297945,True
STATE_189000000,2024.6857410997945,2024.0380120997947,True,2024.8226620997946,2023.8608480997946,True,2024.9314070397947,2018.7801670397946,True
STATE_190000000,2024.5667096097945,2023.9281326097946,True,2024.4662886097944,2023.6409256097945,True,2025.0322034197945,2018.6992034197945,True
STATE_191000000,2024.6698121490074,2023.8675581490074,True,2024.6164751490076,2023.7507931490074,True,2025.1079432490076,2018.6496732490075,True
STATE_192000000,2024.5217908507946,2023.6958738507947,True,2024.4963623507945,2023.6509253507945,True,2025.1298912807945,2018.7171712807944,True
STATE_193000000,2024.4635580797944,2023.7643430797946,True,2024.6033700797946,2023.6552900797944,True,2025.0839221167946,2018.9195521167944,True
STATE_194000000,2024.5116817797946,2023.9078447797945,True,2024.6407343797946,2023.5688343797945,True,2024.9724806297945,2018.6810506297945,True
STATE_195000000,2024.5079741997945,2023.8676671997946,True,2024.8078519997946,2023.7551719997946,True,2024.5776361797946,2018.6272261797947,True
STATE_196000000,2024.3948391997944,2023.8882791997946,True,2024.4378481997946,2024.1376611997946,True,2024.5195222697946,2018.8736022697944,True
STATE_197000000,2024.5597659997945,2023.9542399997947,True,2024.7004029997947,2024.0909949997947,True,2025.0717659997947,2018.6529059997947,True
STATE_198000000,2024.5436072867944,2023.7521062867945,True,2024.7815922867944,2023.5912122867944,True,2024.1793118367943,2018.7305918367945,True
STATE_199000000,2024.5502662297945,2023.8016472297945,True,2024.1035538297945,2023.7243878297945,True,2025.0003134297945,2018.6941434297946,True
STATE_200000000,2024.6268567267944,2023.9282007267943,True,2024.6452982267945,2023.6483752267945,True,2025.0137008967945,2018.7301308967944,True
STATE_201000000,2024.6155076967946,2023.8748196967945,True,2024.6461765967945,2023.7514975967945,True,2024.9674021967944,2018.5535521967945,True
STATE_202000000,2024.3532565497947,2023.8313315497946,True,2024.7368509497946,2024.3194719497947,True,2024.9540144097946,2018.6619744097945,True
STATE_203000000,2024.5370949997944,2023.5901819997944,True,2024.5168979997945,2023.4036579997944,True,2025.0374386357944,2018.7165986357945,True
STATE_204000000,2024.6706919982205,2023.6095219982205,True,2024.6880359982206,2023.4641059982205,True,2025.0718981982204,2018.7606981982206,True
STATE_205000000,2024.7126222197946,2023.9131972197947,True,2024.6782626197946,2023.7168886197946,True,2024.8692952197946,2018.6754952197946,True
STATE_206000000,2024.7041439997945,2023.8459939997945,True,2024.5973110997945,2023.7940510997946,True,2024.8928553497944,2018.6792253497945,True
STATE_207000000,2024.5295076997945,2023.8696756997945,True,2024.8036922997944,2023.7944322997946,True,2024.9314840997945,2018.7150640997945,True
STATE_208000000,2024.4215994797946,2023.9531484797947,True,2024.5508874797947,2023.7473194797947,True,2025.1053196667947,2018.7957496667946,True
STATE_209000000,2024.6308110997945,2023.8785540997947,True,2024.5375681997946,2023.8591311997945,True,2025.1315955797945,2018.6184755797947,True
STATE_210000000,2024.6551058997948,2023.9471188997948,True,2024.6430867997947,2023.8963517997947,True,2024.7982128097947,2018.6796328097946,True
STATE_211000000,2024.6572923897945,2023.8511543897944,True,2024.4768084897944,2023.8203114897944,True,2024.9609814197945,2018.6817814197946,True
STATE_212000000,2024.6109803997945,2023.7463303997945,True,2024.6727621997945,2023.7302531997946,True,2025.1305427497946,2018.7155527497946,True
STATE_213000000,2024.6247319997947,2023.9102649997947,True,2024.6989420997947,2023.8424930997946,True,2024.9949216997945,2018.5729316997947,True
STATE_214000000,2024.4715043697945,2023.9257463697945,True,2024.5520529697944,2023.8664959697944,True,2025.0494416697945,2018.5430816697944,True
STATE_215000000,2024.6109610897945,2023.8954020897945,True,2024.7467560897944,2023.8430900897945,True,2024.6485258897944,2018.6162858897944,True
STATE_216000000,2024.5486866997946,2023.7220956997946,True,2024.5402300997946,2023.6651500997946,True,2025.0169825997946,2018.5408725997945,True
STATE_217000000,2024.4660968167946,2023.6702058167946,True,2024.6354708167946,2023.5480208167946,True,2024.9997062017947,2018.9952262017946,True
STATE_218000000,2024.4985642997945,2023.5534942997945,True,2024.6272514997945,2023.5344014997945,True,2024.9787215997944,2018.6695815997946,True
STATE_219000000,2024.5561869397948,2023.8430979397947,True,2024.6556889397946,2023.7374409397946,True,2025.0311022497947,2018.7065922497948,True
STATE_220000000,2024.3972240897945,2023.7474360897945,True,2024.6780307897945,2023.7777067897946,True,2025.0117742397945,2018.9720642397945,True
STATE_221000000,2024.6688385997945,2023.8239065997946,True,2024.7131549997946,2023.7446689997944,True,2024.6533402697944,2018.7235402697945,True
STATE_222000000,2024.6368127997946,2023.7927457997946,True,2024.5770189997945,2023.7145889997946,True,2024.8742768897946,2018.6767068897946,True
STATE_223000000,2024.5408137597947,2023.8594147597946,True,2024.8022520597947,2023.7951520597946,True,2025.1039780597946,2018.9432280597946,True
STATE_224000000,2024.4502801297947,2023.8884411297947,True,2024.4745421297946,2023.7757851297947,True,2025.0960761897945,2018.8194961897946,True
STATE_225000000,2024.5604181997946,2023.8848261997946,True,2024.7152101997947,2023.7516681997947,True,2025.1106838197945,2018.8235938197947,True
STATE_226000000,2024.5538526497944,2023.8884546497945,True,2024.6851076497944,2023.5524676497944,True,2024.8661771497946,2018.6666471497945,True
STATE_227000000,2024.5671044097946,2023.8274834097947,True,2024.6707714097945,2023.6831854097945,True,2025.0422319387947,2018.6799619387946,True
STATE_228000000,2024.5379975897947,2023.8191835897946,True,2024.7412382897946,2023.7883152897946,True,2025.0169344897947,2018.6297644897945,True
STATE_229000000,2024.3741965997945,2023.7662205997945,True,2024.2286888997944,2023.7139318997945,True,2025.0989278597945,2018.6166378597945,True
STATE_230000000,2024.5495518390073,2023.7158038390073,True,2024.7468303390074,2023.6529003390074,True,2024.8439001390075,2018.7088901390073,True
STATE_231000000,2024.5529692997945,2023.8153822997945,True,2024.8119342997945,2023.7764342997946,True,2024.7081412397945,2019.0092712397945,True
STATE_232000000,2024.4893478490076,2023.8847518490074,True,2024.2865289490076,2023.8314929490075,True,2024.8257487810074,2018.7078787810076,True
STATE_233000000,2024.5828640897946,2024.0864860897946,True,2024.7756170897947,2023.9786560897946,True,2025.1058822577945,2018.6377922577947,True
STATE_234000000,2024.5929410197946,2024.0647590197946,True,2024.6953280197945,2024.0489660197945,True,2025.0938045297944,2018.7555645297946,True
STATE_235000000,2024.6369081897947,2023.8861381897946,True,2024.6246217897947,2023.8593327897945,True,2024.9874642597945,2018.7896742597945,True
STATE_236000000,2024.6216171997944,2023.7980841997944,True,2024.6947321997945,2023.6518421997944,True,2025.1516920997944,2018.8328820997945,True
STATE_237000000,2024.3123585997946,2023.7853675997947,True,2024.2745803997946,2023.7245163997945,True,2024.7268102997946,2018.6756302997946,True
STATE_238000000,2024.5384788597946,2023.6997718597947,True,2024.4235049597946,2023.6340069597948,True,2024.9350698797946,2018.6743398797946,True
STATE_239000000,2024.5789204897944,2024.0370764897946,True,2024.3643084897944,2023.7553604897946,True,2024.8128612297944,2018.8507212297945,True
STATE_240000000,2024.3953825997946,2023.7363995997946,True,2024.7423703997945,2023.7179003997946,True,2024.7528640997946,2018.3473640997945,True
STATE_241000000,2024.4827894997945,2023.7044524997946,True,2024.4967024997945,2023.6029434997945,True,2024.9609536397945,2018.6889636397946,True
STATE_242000000,2024.4657470797945,2023.7959800797946,True,2024.6737350797946,2023.4220850797944,True,2024.7670126797946,2018.7765826797945,True
STATE_243000000,2024.4514352997946,2023.7746432997947,True,2024.6832823997945,2023.6960303997946,True,2025.0751175297946,2018.9538075297946,True
STATE_244000000,2024.5550594997947,2023.8128594997945,True,2024.5633984997946,2023.7054494997947,True,2024.9751816497946,2018.6232216497947,True
STATE_245000000,2024.3129146597946,2023.8536036597945,True,2024.4809716597945,2023.6664056597945,True,2025.0737495297947,2018.6379795297946,True
STATE_246000000,2024.6865597897945,2023.9812167897944,True,2024.4959607897945,2023.8245697897946,True,2025.0669820397945,2018.7172120397945,True
STATE_247000000,2024.5303123857946,2023.9156663857946,True,2024.4519494857946,2023.8585684857944,True,2024.9170228657945,2018.7237128657944,True
STATE_248000000,2024.6624142797946,2023.9109612797947,True,2024.5509092797947,2023.7963302797946,True,2025.0354132797945,2018.9454132797946,True
STATE_249000000,2024.5793003497945,2023.8511273497945,True,2024.6645473497945,2023.6531773497945,True,2024.9119093497945,2018.6401993497946,True
STATE_250000000,2024.5266421097945,2023.8378111097945,True,2024.8610475097946,2024.2243215097944,True,2025.1100617797945,2018.7177517797945,True
STATE_251000000,2024.5457671397946,2023.9209841397944,True,2024.6504591397945,2023.7234781397945,True,2025.0715771197945,2018.6549971197944,True
STATE_252000000,2024.5053889897947,2023.9378449897947,True,2024.6765119897946,2023.8122449897946,True,2024.9508294897946,2018.8073794897946,True
STATE_253000000,2024.4933138997944,2023.8206278997945,True,2024.6188173997946,2023.7330863997945,True,2025.0462647297945,2018.7052347297945,True
STATE_254000000,2024.6676859997945,2023.9936769997946,True,2024.7568959997946,2023.9484689997946,True,2024.7118842997945,2018.7911542997945,True
STATE_255000000,2024.3385170997947,2023.7791090997946,True,2024.5117447997945,2023.6987497997945,True,2024.8046664697947,2018.6442164697946,True
STATE_256000000,2024.7071674797944,2024.0893054797946,True,2024.7443584797945,2023.7736414797946,True,2025.0434610797945,2018.7693310797945,True
STATE_257000000,2024.4497050997945,2023.7313540997945,True,2024.6371330997945,2024.1177300997945,True,2024.9035703497946,2018.6747603497945,True
STATE_258000000,2024.5847014490075,2024.0300954490076,True,2024.4283374490076,2024.1411394490076,True,2024.5223210490076,2018.6730410490077,True
STATE_259000000,2024.5502907997945,2023.8554457997946,True,2024.6198365997946,2023.9699455997945,True,2025.1297649997946,2018.6963549997945,True
STATE_260000000,2024.7905999897944,2024.0992699897945,True,2024.7951475897944,2024.1477705897944,True,2024.8010031897945,2018.9597731897945,True
STATE_261000000,2024.5370454497945,2023.7181014497946,True,2024.4882344497946,2024.1024904497947,True,2025.0345328797946,2018.7120628797945,True
STATE_262000000,2024.5906722490076,2023.5675322490076,True,2024.6863762490075,2023.6291862490075,True,2025.0578512490076,2018.8382612490075,True
STATE_263000000,2024.5626770797946,2023.6979740797944,True,2024.0706882797945,2023.6675802797945,True,2025.1207733057945,2018.8257533057945,True
STATE_264000000,2024.4929089997945,2023.7031869997945,True,2024.6911092997946,2023.6445792997947,True,2025.1456960897947,2018.7017060897947,True
STATE_265000000,2024.5034197597945,2023.6151377597946,True,2024.7491556597945,2023.5624456597945,True,2025.0329406357946,2018.7306206357946,True
STATE_266000000,2024.4341088490073,2023.7685958490074,True,2024.8370613490074,2023.6835513490075,True,2024.7403336490074,2018.9572836490074,True
STATE_267000000,2024.6689495097946,2023.8494145097945,True,2024.6137324097945,2023.7494154097944,True,2024.7533824097945,2018.5075324097945,True
STATE_268000000,2024.6454562897945,2023.8624892897947,True,2024.7324932897945,2023.6666832897947,True,2024.8405295897946,2018.6557695897945,True
STATE_269000000,2024.6282155997947,2023.7767665997947,True,2024.4696825997946,2023.6346555997945,True,2025.0786395197945,2018.7898295197945,True
STATE_270000000,2024.7773672997946,2023.8109712997946,True,2024.7684522997945,2023.6709422997944,True,2025.1560774097945,2018.6990774097944,True
STATE_271000000,2024.6848239997944,2023.7895769997945,True,2024.6139049997944,2023.6657139997944,True,2024.7470526997945,2018.6208526997946,True
STATE_272000000,2024.7383449897945,2023.8908149897945,True,2024.7028179897945,2023.6780179897946,True,2025.0404547207945,2018.6509047207946,True
STATE_273000000,2024.5611417157945,2023.9478387157947,True,2024.4284287157946,2023.7608897157945,True,2024.6956989357946,2018.8556689357945,True
STATE_274000000,2024.6226168297944,2023.8959878297944,True,2024.2625708297944,2023.7087358297945,True,2025.0906926997945,2018.9224126997944,True
STATE_275000000,2024.4911497597946,2023.6580587597946,True,2024.7798158597946,2023.6044458597946,True,2025.0522446597945,2018.6482446597945,True
STATE_276000000,2024.6513035997943,2023.7915805997945,True,2024.7777275997944,2023.5906875997944,True,2024.9645457577944,2018.5111857577945,True
STATE_277000000,2024.5744048197946,2023.8530048197947,True,2024.4447778197946,2023.7281598197947,True,2024.9780048497946,2018.6189448497946,True
STATE_278000000,2024.5707005297945,2023.8065385297946,True,2024.6715625297945,2023.5901225297946,True,2024.6734767297946,2018.8718467297945,True
STATE_279000000,2024.5707419597945,2023.8796479597945,True,2024.6105457597946,2023.9487067597945,True,2024.7931786597944,2018.5896886597945,True
STATE_280000000,2024.6946425013691,2023.602402501369,True,2024.513617301369,2023.686252301369,True,2024.773719431369,2018.657029431369,True
STATE_281000000,2024.7162200497946,2023.8887520497944,True,2024.7939434497946,2024.3565304497945,True,2024.9567334497945,2018.6374434497945,True
STATE_282000000,2024.4452441997944,2023.6956251997944,True,2024.5818651997945,2023.8536581997944,True,2024.2857421397944,2018.7077421397944,True
STATE_283000000,2024.4084574497945,2023.8276374497946,True,2024.6030097497946,2023.9279547497945,True,2024.8951672797946,2018.9277872797945,True
STATE_284000000,2024.7668174397947,2023.9990294397946,True,2024.5735905797947,2023.9501705797948,True,2024.9962025197947,2018.9442425197947,True
STATE_285000000,2024.5610058997945,2023.7345008997945,True,2024.5465097997944,2023.6548037997945,True,2025.0138071997944,2018.7001071997945,True
STATE_286000000,2024.7475690457945,2023.9616140457947,True,2024.4544959457946,2024.1618119457946,True,2024.6541938457947,2018.5621438457947,True
STATE_287000000,2024.6654254527946,2024.0072584527945,True,2024.4909742327945,2023.8472062327946,True,2025.0261569727945,2018.9284069727946,True
STATE_288000000,2024.6247144397946,2024.1460814397944,True,2024.7436867397946,2023.9055957397945,True,2024.9507485897946,2019.1998085897944,True
STATE_289000000,2024.6966769997944,2024.0893569997945,True,2024.7087019997944,2023.9516699997944,True,2025.1218073697944,2018.6660973697944,True
STATE_290000000,2024.6407958997945,2024.0972458997946,True,2024.6707128997946,2023.9737108997945,True,2024.5788832697945,2018.7207632697946,True
STATE_291000000,2024.5829152997946,2024.0991042997946,True,2024.7753132997946,2023.8627182997946,True,2025.0512891797946,2018.6994491797946,True
STATE_292000000,2024.5569902997947,2023.7875222997945,True,2024.4854363997947,2023.7395593997946,True,2024.9486914797947,2018.7280214797947,True
STATE_293000000,2024.5571142997944,2023.9603562997945,True,2024.7728418997945,2024.1840848997945,True,2025.0278534487945,2018.5935734487946,True
STATE_294000000,2024.5015400297946,2023.6551550297945,True,2024.5707811297946,2023.6180491297944,True,2024.9941451297946,2018.9325451297946,True
STATE_295000000,2024.6667125297945,2023.7932205297946,True,2024.5017125297945,2023.6563625297945,True,2024.8854308597945,2018.6622408597946,True
STATE_296000000,2024.6236546790076,2023.9499216790075,True,2024.7589236790075,2023.6692036790075,True,2024.7591054190075,2018.6729354190074,True
STATE_297000000,2024.4158529797946,2023.8457589797945,True,2024.6141379797946,2023.5924879797944,True,2025.0989922797946,2018.6211122797945,True
STATE_298000000,2024.6344169997947,2023.7012579997947,True,2024.7633013997947,2023.6516813997946,True,2024.8867816197946,2018.6432116197946,True
STATE_299000000,2024.5259945597945,2023.7792955597945,True,2024.7060195597944,2023.6242295597945,True,2024.7709504387944,2018.6708004387945,True
STATE_300000000,2024.6394485797946,2023.9044205797945,True,2024.3770534797945,2023.8250424797945,True,2025.0593235397946,2018.8302335397946,True
STATE_301000000,2024.3628834097944,2023.8853514097946,True,2024.4381354097945,2023.7170244097945,True,2025.1321402997944,2018.8575202997945,True
STATE_302000000,2024.5799217997944,2023.7042367997944,True,2024.5781426997944,2023.9533106997944,True,2025.1344752897944,2018.7966352897945,True
STATE_303000000,2024.6065001850445,2023.8194131850446,True,2024.3317741850447,2023.6910861850445,True,2024.7265231050446,2018.9119931050445,True
STATE_304000000,2024.3245626897944,2023.6391856897944,True,2024.3153600697945,2023.3939770697946,True,2024.8790272697945,2018.7774272697945,True
STATE_305000000,2024.5261070997947,2023.7150660997945,True,2024.5683631997947,2023.4694931997947,True,2025.0152851997946,2018.6097351997946,True
STATE_306000000,2024.6823395677945,2023.8700075677946,True,2024.4101682677947,2023.5843492677946,True,2024.9567957677946,2018.5043957677947,True
STATE_307000000,2024.6054146997944,2023.7022236997946,True,2024.3430308997945,2023.5742218997946,True,2024.5835935697944,2018.6546935697945,True
STATE_308000000,2024.5981732597945,2023.8406102597946,True,2024.7265190897945,2023.6686690897945,True,2024.8941688697946,2018.6380188697945,True
STATE_309000000,2024.4610393097946,2023.9758293097946,True,2024.7298145097946,2023.9384945097945,True,2025.1588513497945,2018.6571013497946,True
STATE_310000000,2024.6885281297946,2023.9756091297945,True,2024.6098679297945,2023.9127509297946,True,2025.0258048297944,2018.7871548297944,True
STATE_311000000,2024.5631420597945,2023.7476870597945,True,2024.7281901597946,2023.6847501597945,True,2024.7686672597945,2018.7087172597946,True
STATE_312000000,2024.3912204397946,2023.7222474397945,True,2024.7335323397945,2023.7029023397945,True,2024.9995924797945,2018.9016024797945,True
STATE_313000000,2024.6129839297946,2023.6997979297946,True,2024.5032487297944,2023.6682637297945,True,2024.7779982497946,2018.7158582497946,True
STATE_314000000,2024.7316486997945,2023.8617376997945,True,2024.7888246997945,2023.5141246997944,True,2024.7431853397945,2018.7889553397945,True
STATE_315000000,2024.5773607887945,2023.6708907887946,True,2024.6583097887947,2023.5433797887947,True,2024.8680096997946,2018.7174396997946,True
STATE_316000000,2024.5539996497946,2023.6165746497945,True,2024.3561419497946,2023.5820049497945,True,2025.0892860297945,2018.6702660297944,True
STATE_317000000,2024.7226630890075,2023.8618690890075,True,2024.6879947490077,2023.6976697490077,True,2025.0169938150075,2018.6998338150077,True
STATE_318000000,2024.5997146997945,2023.8193816997946,True,2024.6755855997947,2023.8897685997945,True,2025.0589928997945,2018.7050228997946,True
STATE_319000000,2024.5877269697944,2023.8904269697944,True,2024.5592573697945,2023.8329163697945,True,2025.0212711697945,2018.7733811697944,True
STATE_320000000,2024.5129791997945,2023.7723281997944,True,2024.1217371997946,2023.5579471997944,True,2025.0390932997946,2018.6784232997945,True
STATE_321000000,2024.3793531997944,2023.9265491997944,True,2024.7472721997945,2023.7486231997946,True,2025.0179964997944,2018.6370864997946,True
STATE_322000000,2024.6070871497946,2023.7577371497946,True,2024.5995800497944,2023.7410710497945,True,2025.0422144967945,2018.6960844967946,True
STATE_323000000,2024.5831710397947,2023.8543020397947,True,2024.5925477397946,2023.8327297397946,True,2024.9971722117946,2018.5615422117946,True
STATE_324000000,2024.4417032997947,2023.6533322997946,True,2024.4432371997946,2023.6204121997946,True,2024.8910605997946,2018.6712305997946,True
STATE_325000000,2024.4342984367945,2023.8417024367945,True,2024.5826131367944,2023.7892261367945,True,2024.9716394367945,2018.6217794367944,True
STATE_326000000,2024.3540741697946,2023.9093641697946,True,2024.7642701697946,2023.7594401697945,True,2024.9731493897946,2018.6534993897944,True
STATE_327000000,2024.6755887297945,2024.0265217297945,True,2024.4050741297947,2023.9324151297947,True,2024.4602817297946,2018.6812017297946,True
STATE_328000000,2024.5090361490074,2023.9418951490075,True,2024.7242216490074,2023.8840526490076,True,2024.7796109490075,2018.9102609490076,True
STATE_329000000,2024.6470181497943,2023.7343111497944,True,2024.2344166497944,2023.6376856497945,True,2025.1499208497944,2018.7614308497944,True
STATE_330000000,2024.5485835997947,2023.9157355997945,True,2024.3866995997946,2023.7963765997947,True,2024.7276794597947,2018.7304394597945,True
STATE_331000000,2024.5228780997945,2023.7863200997947,True,2024.5227886997945,2023.7102466997947,True,2024.8434058397947,2018.5991858397947,True
STATE_332000000,2024.3539494597946,2023.7315334597945,True,2024.6375104597946,2023.6062204597945,True,2024.9728134597947,2018.6446434597947,True
STATE_333000000,2024.5425570197945,2023.8474240197945,True,2024.4768820197946,2023.6954460197944,True,2024.7023034997944,2018.7070634997945,True
STATE_334000000,2024.2584754997945,2023.6539154997945,True,2024.5570049997946,2023.6240399997946,True,2025.1113435497946,2018.7245735497945,True
STATE_335000000,2024.3946406997945,2023.8354236997945,True,2024.4933636997946,2023.5976266997945,True,2024.9131715997946,2019.0510815997945,True
STATE_336000000,2024.3965372997945,2023.5410262997946,True,2024.7014587997946,2023.5090887997947,True,2024.8828177797946,2018.6847377797947,True
STATE_337000000,2024.4331776897945,2023.6368086897946,True,2024.6198136897945,2023.6375246897946,True,2025.0071946097946,2018.7705446097946,True
STATE_338000000,2024.4760197197945,2023.8320317197947,True,2024.5267077197946,2023.9108887197947,True,2025.0568867197946,2018.5820267197946,True
STATE_339000000,2024.4714396490074,2023.7207126490075,True,2024.5330006490074,2023.4971306490074,True,2025.0493848290075,2018.6596048290073,True
STATE_340000000,2024.5783582797944,2023.7031192797945,True,2024.4185458797945,2023.5851518797945,True,2024.6568686797946,2018.6754786797944,True
STATE_341000000,2024.4239739597945,2023.7299589597947,True,2024.6859699597946,2023.8354099597946,True,2024.6269514397945,2018.6907614397946,True
STATE_342000000,2024.5671282490073,2023.9360562490074,True,2024.7524490290075,2023.8914080290074,True,2025.0768602976075,2018.5913502976075,True
STATE_343000000,2024.5676454197944,2023.9147774197945,True,2024.4364656499945,2023.8327566499945,True,2024.7890212197944,2018.6186012197945,True
STATE_344000000,2024.4928195397947,2023.8190245397946,True,2024.7131345397947,2024.5998915397947,True,2024.9490406497946,2018.7098406497946,True
STATE_345000000,2024.6618914169946,2023.8544914169947,True,2024.8118815169946,2023.7934815169947,True,2024.9991645169946,2018.6390545169945,True
STATE_346000000,2024.7124322997945,2024.0591152997945,True,2024.5391362997946,2023.9435482997947,True,2025.1187690997945,2018.5239990997945,True
STATE_347000000,2024.6629260897946,2023.9973900897946,True,2024.4421483897945,2023.9830923897946,True,2024.8370718327944,2018.6439718327945,True
STATE_348000000,2024.6783169597945,2024.1594329597945,True,2024.5751600597946,2024.0924980597945,True,2025.0278689697946,2018.6757389697946,True
STATE_349000000,2024.6194402997946,2024.1251032997945,True,2024.6918675897946,2024.0900715897947,True,2024.8551653897946,2018.6895453897946,True
STATE_350000000,2024.6281086197946,2023.9817946197945,True,2024.7239586197945,2023.8122066197946,True,2024.9882042897946,2018.6867242897945,True
STATE_351000000,2024.6075575197947,2024.0190765197947,True,2024.4170701197945,2023.9276071197946,True,2024.9003108197946,2018.5687008197947,True
STATE_352000000,2024.4813091997944,2023.8641091997945,True,2024.7806731997944,2023.7427531997944,True,2024.8172412697945,2018.6400612697944,True
STATE_353000000,2024.5370196997947,2023.9312456997945,True,2024.6551309997947,2023.8231239997947,True,2024.7643375397947,2018.6673575397947,True
STATE_354000000,2024.6236634697946,2023.8515804697945,True,2024.5670804697945,2023.6978124697946,True,2025.0453538697946,2018.7292838697947,True
STATE_355000000,2024.4923583997945,2023.9273943997946,True,2024.4227263997946,2023.8053273997946,True,2024.8565723797947,2018.6766123797945,True
STATE_356000000,2024.6367809097944,2023.9289749097945,True,2024.6510753097946,2023.8620483097945,True,2025.2000117097944,2018.7084917097945,True
STATE_357000000,2024.6680542197944,2023.8320362197944,True,2024.7461472197945,2023.5949572197944,True,2025.0614943197945,2018.6390343197945,True
STATE_358000000,2024.5870910997946,2023.7361630997946,True,2024.7985180997946,2023.6149180997945,True,2024.9488244997947,2018.6227144997945,True
STATE_359000000,2024.5986566177944,2023.8312296177944,True,2024.6900376177944,2023.6958686177945,True,2024.6933114017945,2018.9312514017945,True
STATE_360000000,2024.4175655397944,2023.8352825397944,True,2024.7686475397945,2023.6433875397945,True,2024.7091237397944,2018.6140437397944,True
STATE_361000000,2024.7047396197945,2023.7188276197944,True,2024.4324632197945,2023.6636092197944,True,2025.0226559697944,2018.6658559697944,True
STATE_362000000,2024.6297096497947,2023.6709266497946,True,2024.5985830097948,2023.6660170097946,True,2025.0274490097947,2018.7166790097947,True
STATE_363000000,2024.6165559490075,2023.6719359490075,True,2024.4470499490074,2023.5266899490075,True,2024.9702801090075,2018.6308301090075,True
STATE_364000000,2024.4264793997945,2023.6760853997944,True,2024.6397629997946,2023.6633739997944,True,2024.4644312997946,2018.5335112997946,True
STATE_365000000,2024.5527893890076,2023.9092553890075,True,2024.7540430490076,2023.8765580490076,True,2025.0722251790075,2018.6300951790074,True
STATE_366000000,2024.7774016397946,2023.9440166397944,True,2024.7488376397946,2023.7500846397945,True,2024.6717320597945,2018.7163620597946,True
STATE_367000000,2024.6334173697944,2023.9706893697944,True,2024.7637933697945,2023.6910733697944,True,2024.9114241997945,2018.8709741997945,True
STATE_368000000,2024.6391510997946,2023.6669560997946,True,2024.7639730997946,2023.5564130997946,True,2025.1821342497947,2018.7647442497946,True
STATE_369000000,2024.5705869997946,2023.8951129997947,True,2024.6471748997947,2023.7604928997946,True,2024.9325949697945,2018.7077849697946,True
STATE_370000000,2024.6708045297944,2024.0691855297946,True,2024.5899385297944,2023.8930345297945,True,2024.9721759297945,2018.6598559297945,True
STATE_371000000,2024.5719468997945,2024.0707988997945,True,2024.6442288997946,2023.8185608997946,True,2024.8228119997946,2018.7551419997944,True
STATE_372000000,2024.5805032157946,2023.8378072157946,True,2024.6617382157945,2023.7405592157945,True,2025.0647617757945,2018.5774217757944,True
STATE_373000000,2024.3933330897944,2023.7172940897944,True,2024.8357370897945,2023.5942570897944,True,2024.9252945897945,2018.7078445897944,True
STATE_374000000,2024.5208466397946,2023.8871436397947,True,2024.7119616397945,2023.7138056397946,True,2024.9619789397946,2018.5316189397945,True
STATE_375000000,2024.7004662177947,2023.8104542177946,True,2024.4562154177945,2023.8152924177946,True,2024.7911731577944,2018.6868631577945,True
STATE_376000000,2024.5492863897946,2023.7804143897945,True,2024.7514936897946,2023.6301936897946,True,2024.8592587605945,2018.6968687605945,True
STATE_377000000,2024.4068548997946,2023.5740248997945,True,2024.7918158997945,2023.8177498997945,True,2024.9657308397946,2018.8462708397947,True
STATE_378000000,2024.3299697397947,2023.6380277397946,True,2024.5868347397945,2023.8299217397946,True,2024.8395640797946,2018.5318440797946,True
STATE_379000000,2024.4692518997945,2024.0212088997944,True,2024.7165278997945,2024.0212088997944,True,2024.9046795997945,2018.8430195997944,True
STATE_380000000,2024.6189539897946,2023.7741919897946,True,2024.6514978897947,2023.8196008897946,True,2024.6762488497945,2018.7335488497945,True
STATE_381000000,2024.5476927197944,2023.8145097197944,True,2024.8126057197944,2023.8145097197944,True,2025.0523255197945,2018.6843855197944,True
STATE_382000000,2024.5503563997945,2023.6306913997946,True,2024.7324092997947,2023.6886292997947,True,2025.1411095997946,2018.6949495997947,True
STATE_383000000,2024.5767194397947,2023.5783854397946,True,2024.6397750397946,2023.6403190397946,True,2025.1026524397946,2018.6513224397947,True
STATE_384000000,2024.3366838997947,2023.7531588997947,True,2024.5184623997945,2023.6678773997946,True,2024.8675797997946,2018.5885297997947,True
STATE_385000000,2024.5967814397945,2023.5964114397946,True,2024.5529974397946,2023.4538274397946,True,2024.9376796997947,2018.8714496997945,True
STATE_386000000,2024.5473820890077,2023.5943130890075,True,2024.7065740890075,2023.4838240890076,True,2025.0325511590077,2018.6476911590075,True
STATE_387000000,2024.7752593297944,2023.9706453297945,True,2024.8369743297944,2023.8392233297945,True,2025.0551871197945,2018.8409771197944,True
STATE_388000000,2024.5906018497947,2024.0285008497947,True,2024.7930558497947,2023.8468868497946,True,2024.7388432897947,2018.6285732897948,True
STATE_389000000,2024.4010707997945,2023.8004047997945,True,2024.5506527997945,2023.6910787997945,True,2024.8140044397944,2018.8288044397946,True
STATE_390000000,2024.6280618490075,2023.9003598490074,True,2024.6003072490075,2023.8419382490074,True,2024.8139446290074,2018.6026346290075,True
STATE_391000000,2024.6732246697948,2023.8498746697946,True,2024.7362556697947,2023.7250656697947,True,2025.0471029697947,2018.6356829697947,True
STATE_392000000,2024.373998741369,2023.7582287413688,True,2024.640079741369,2023.651055741369,True,2024.872728531369,2018.6442785313689,True
STATE_393000000,2024.3190748997945,2023.9047168997945,True,2024.6539238997946,2023.7563818997944,True,2024.9180259997945,2018.8048059997946,True
STATE_394000000,2024.5515873497945,2023.8444643497946,True,2024.7545863497946,2023.7287263497947,True,2025.0079814697947,2018.9573014697946,True
STATE_395000000,2024.6120229417945,2023.9185939417946,True,2024.4379833417945,2023.8373603417947,True,2024.9513577917946,2018.9630677917946,True
STATE_396000000,2024.8270012597945,2023.8547982597945,True,2024.5815638597946,2023.8012108597945,True,2024.9914521597946,2018.6424621597946,True
STATE_397000000,2024.3898875797945,2023.9075435797945,True,2024.4854805797945,2023.8000315797947,True,2025.0224505797946,2018.6677905797947,True
STATE_398000000,2024.5178046997946,2023.8567706997944,True,2024.8102476997944,2023.6535576997944,True,2024.8848477997944,2018.5618277997946,True
STATE_399000000,2024.6092472997946,2023.6638712997944,True,2024.6507932997945,2023.4526532997945,True,2024.9627379697945,2018.6679679697945,True
STATE_400000000,2024.5217756797945,2023.5639226797946,True,2024.6556392797945,2023.4850392797944,True,2024.9217212797944,2018.7306312797946,True
STATE_401000000,2024.5959731597945,2023.8688611597945,True,2024.5069841597945,2023.5961691597945,True,2024.9139812107944,2018.7764412107945,True
STATE_402000000,2024.6723989297946,2023.9472709297945,True,2024.5487219297947,2023.7767299297946,True,2025.0859686297947,2018.7812586297946,True
STATE_403000000,2024.6739496997945,2023.8578756997947,True,2024.5707496997945,2023.7217376997946,True,2025.1489133997945,2018.5843633997947,True
STATE_404000000,2024.4716946197946,2023.8940476197945,True,2024.6739436197945,2023.7150756197946,True,2024.5026036197946,2018.5646836197946,True
STATE_405000000,2024.5256999490075,2023.8451569490073,True,2024.7245600490073,2023.7632710490075,True,2024.9182723490073,2018.6595023490074,True
STATE_406000000,2024.6127538097946,2023.9908848097946,True,2024.5943947097946,2023.9373127097945,True,2025.0382990097946,2018.7152790097946,True
STATE_407000000,2024.7101653997945,2023.7830983997947,True,2024.4386965997946,2023.7067795997946,True,2024.8984389247946,2018.5502489247945,True
STATE_408000000,2024.6059019490076,2023.5995719490074,True,2024.6102393490075,2023.5336393490074,True,2025.0908321290076,2019.0125221290075,True
STATE_409000000,2024.5233118471645,2023.7377358471645,True,2024.6513422471644,2023.7018662471644,True,2024.7562735971644,2018.6873235971645,True
STATE_410000000,2024.4645930797947,2023.5920580797947,True,2024.6035514797945,2023.5430214797946,True,2025.1080861987946,2018.6800661987945,True
STATE_411000000,2024.6658987997946,2023.7765817997945,True,2024.3626797997945,2023.7624897997946,True,2025.0315747997945,2018.8977047997946,True
STATE_412000000,2024.5843440397946,2023.8354310397947,True,2024.7590515397947,2023.7355615397946,True,2024.0557913297946,2018.7487513297947,True
STATE_413000000,2024.4608159397944,2023.7596609397945,True,2024.6622449397944,2023.6208349397943,True,2025.0638338397944,2018.6593338397945,True
STATE_414000000,2024.5922040997946,2023.8713430997946,True,2024.6482310997944,2023.7419300997944,True,2025.0552487797945,2018.7215787797945,True
STATE_415000000,2024.6859999097946,2024.0453409097945,True,2024.8572185097946,2024.1113925097945,True,2024.7087441097947,2018.7046841097947,True
STATE_416000000,2024.3788505897946,2023.6769145897945,True,2024.7336295897946,2023.5279595897946,True,2024.9875307597945,2018.6897507597946,True
STATE_417000000,2024.6537155013689,2023.8936795013688,True,2024.6555175013689,2023.815077501369,True,2025.0823080913688,2018.691208091369,True
STATE_418000000,2024.5690601997946,2023.6958871997945,True,2024.6822209997945,2023.6147409997945,True,2025.1415133997946,2018.5939633997946,True
STATE_419000000,2024.5760502997946,2023.9827692997947,True,2024.5844002997947,2024.0479342997946,True,2024.9743765997946,2018.8743865997947,True
STATE_420000000,2024.4730352997947,2023.6339922997947,True,2024.6115579997947,2024.1942029997947,True,2025.0030928997946,2018.7625828997946,True
STATE_421000000,2024.5709202997944,2023.6428112997944,True,2024.4657944997944,2023.5884284997944,True,2025.0019362997944,2018.5930762997943,True
STATE_422000000,2024.5985168997945,2023.8677248997944,True,2024.5969315997945,2023.7766425997945,True,2024.6666713227944,2018.9615713227945,True
STATE_423000000,2024.4270672590076,2023.6937942590075,True,2024.3905572590077,2023.5410762590075,True,2024.8484602590077,2018.6339202590075,True
STATE_424000000,2024.5251184997944,2023.5948384997946,True,2024.5536115997945,2024.3412385997945,True,2024.3223699897944,2018.5526799897946,True
STATE_425000000,2024.7142401997944,2023.9485931997945,True,2024.6629391997944,2023.8165451997945,True,2024.9972157167945,2018.7121257167946,True
STATE_426000000,2024.4187862997944,2023.8520872997944,True,2024.7613303997944,2023.7871253997944,True,2025.0697221197945,2018.6675821197944,True
STATE_427000000,2024.6942109797944,2023.9834189797946,True,2024.6190329797946,2023.7423349797946,True,2025.1568530797945,2018.8106430797945,True
STATE_428000000,2024.6499419997945,2023.8437699997944,True,2024.5567759997946,2023.7244659997946,True,2024.9916996397944,2018.5362396397945,True
STATE_429000000,2024.6390278497947,2023.9132818497947,True,2024.3550566497947,2023.8594036497946,True,2025.0296124497947,2018.6682524497946,True
STATE_430000000,2024.4662205997947,2023.8532635997947,True,2024.5675084997947,2023.7617144997946,True,2025.0500191997946,2018.7331391997946,True
STATE_431000000,2024.6985511097946,2023.7348641097947,True,2024.7287485097945,2023.7824595097945,True,2024.8972564097946,2019.0628464097947,True
STATE_432000000,2024.5492629297944,2023.8927929297945,True,2024.5332039297946,2024.1484219297945,True,2025.0916054297945,2018.8420754297945,True
STATE_433000000,2024.7405559997947,2023.9524599997947,True,2024.5107079997945,2024.0382769997946,True,2024.6592049797946,2018.6017149797947,True
STATE_434000000,2024.6249988097948,2023.9244858097948,True,2024.8964930097945,2023.9465390097946,True,2024.9762834097946,2018.6903634097946,True
STATE_435000000,2024.4052962497947,2024.0502172497945,True,2024.6262559497945,2023.9662699497947,True,2024.1837609597947,2018.6693109597945,True
STATE_436000000,2024.7926876997944,2023.8385156997945,True,2024.7013777797945,2024.3046157797946,True,2024.9505632797946,2018.6412132797946,True
STATE_437000000,2024.4896289297947,2023.8747959297946,True,2024.6230467297946,2023.6922677297946,True,2024.8620853497946,2018.7488253497945,True
STATE_438000000,2024.6537077997946,2023.8482277997946,True,2024.6187351997944,2023.5883351997945,True,2025.1063122097944,2018.8102822097944,True
STATE_439000000,2024.3646648597944,2023.6142738597946,True,2024.6400370597944,2023.7657960597944,True,2025.0671133597946,2019.0354433597945,True
STATE_440000000,2024.4432584997946,2023.7384184997945,True,2024.4922441997946,2023.6033181997946,True,2024.6038092997946,2018.7018392997945,True
STATE_441000000,2024.5879200997945,2023.7412700997945,True,2024.3341974997945,2023.6810184997944,True,2025.0761899997945,2019.0552099997944,True
STATE_442000000,2024.5953546097946,2023.8333796097947,True,2024.6431593097946,2023.7812983097947,True,2025.1002080097946,2018.7971680097946,True
STATE_443000000,2024.6545116997947,2023.9677246997946,True,2024.4764376997946,2024.2375166997947,True,2024.9033020297945,2018.6351520297947,True
STATE_444000000,2024.6131442897945,2023.7311222897945,True,2024.6923993897944,2023.6623793897945,True,2024.8618538897945,2018.6711638897946,True
